{
	"credit": "Made by 古銅/斜向(@hsmkai) with Blockbench",
	"parent": "minecraft:item/display",
	"textures": {
		"0": "item/artifact/dogu_m",
		"particle": "item/artifact/dogu_m"
	},
	"elements": [
		{
			"from": [6, 5, 6],
			"to": [10, 9, 10],
			"faces": {
				"north": {"uv": [0, 4, 4, 8], "texture": "#0"},
				"east": {"uv": [0, 4, 4, 8], "texture": "#0"},
				"south": {"uv": [0, 0, 4, 4], "texture": "#0"},
				"west": {"uv": [0, 4, 4, 8], "texture": "#0"},
				"up": {"uv": [0, 4, 4, 8], "texture": "#0"},
				"down": {"uv": [0, 4, 4, 8], "texture": "#0"}
			}
		},
		{
			"from": [6, 2, 6.5],
			"to": [10, 5, 9.5],
			"rotation": {"angle": 0, "axis": "x", "origin": [8, 4, 7.5]},
			"faces": {
				"north": {"uv": [0, 9, 4, 12], "texture": "#0"},
				"east": {"uv": [0, 0, 2, 2], "texture": "#0"},
				"south": {"uv": [0, 9, 4, 12], "texture": "#0"},
				"west": {"uv": [0, 0, 2, 2], "texture": "#0"},
				"down": {"uv": [0, 9, 4, 12], "texture": "#0"}
			}
		},
		{
			"from": [10, 1, 7],
			"to": [11, 5, 9],
			"rotation": {"angle": 0, "axis": "x", "origin": [12, 4, 8]},
			"faces": {
				"north": {"uv": [0, 12, 1, 16], "texture": "#0"},
				"east": {"uv": [0, 12, 2, 16], "texture": "#0"},
				"south": {"uv": [0, 12, 1, 16], "texture": "#0"},
				"up": {"uv": [0, 12, 2, 13], "texture": "#0"},
				"down": {"uv": [0, 0, 2, 2], "texture": "#0"}
			}
		},
		{
			"from": [5, 1, 7],
			"to": [6, 5, 9],
			"rotation": {"angle": 0, "axis": "x", "origin": [5, 4, 8]},
			"faces": {
				"north": {"uv": [0, 12, 1, 16], "texture": "#0"},
				"east": {"uv": [0, 12, 2, 16], "texture": "#0"},
				"south": {"uv": [0, 12, 1, 16], "texture": "#0"},
				"west": {"uv": [0, 12, 2, 16], "texture": "#0"},
				"up": {"uv": [0, 12, 2, 13], "texture": "#0"},
				"down": {"uv": [0, 0, 2, 2], "texture": "#0"}
			}
		},
		{
			"from": [6, 0, 7],
			"to": [10, 2, 9],
			"rotation": {"angle": 0, "axis": "x", "origin": [8, 2, 8]},
			"faces": {
				"north": {"uv": [4, 0, 8, 2], "texture": "#0"},
				"east": {"uv": [4, 0, 6, 2], "texture": "#0"},
				"south": {"uv": [4, 0, 8, 2], "texture": "#0"},
				"west": {"uv": [6, 0, 8, 2], "texture": "#0"},
				"down": {"uv": [0, 0, 4, 2], "texture": "#0"}
			}
		}
	],
	"display": {
		"gui": {
			"rotation": [30, 45, 0]
		},
		"fixed": {
			"rotation": [-90, 0, 0],
			"translation": [0, 0, -16],
			"scale": [2, 2, 2]
		}
	}
}