{
	"credit": "Made by 古銅/斜向(@hsmkai) with Blockbench",
	"parent": "minecraft:item/display",
	"textures": {
		"0": "item/artifact/dogu_s",
		"particle": "item/artifact/dogu_s"
	},
	"elements": [
		{
			"from": [6, 0, 7],
			"to": [10, 3, 10],
			"rotation": {"angle": 0, "axis": "x", "origin": [8, 2, 9]},
			"faces": {
				"north": {"uv": [0, 13, 4, 16], "texture": "#0"},
				"east": {"uv": [7, 13, 4, 16], "texture": "#0"},
				"south": {"uv": [7, 13, 11, 16], "texture": "#0"},
				"west": {"uv": [4, 13, 7, 16], "texture": "#0"},
				"up": {"uv": [7, 13, 11, 16], "texture": "#0"},
				"down": {"uv": [7, 13, 11, 16], "texture": "#0"}
			}
		},
		{
			"from": [7, 0, 6],
			"to": [9, 1, 7],
			"rotation": {"angle": 0, "axis": "x", "origin": [8, 2, 8]},
			"faces": {
				"north": {"uv": [1, 15, 3, 16], "texture": "#0"},
				"east": {"uv": [1, 15, 2, 16], "texture": "#0"},
				"west": {"uv": [2, 15, 3, 16], "texture": "#0"},
				"up": {"uv": [1, 15, 3, 16], "texture": "#0"},
				"down": {"uv": [1, 15, 3, 16], "texture": "#0"}
			}
		},
		{
			"from": [9, 3, 8],
			"to": [10, 4, 10],
			"rotation": {"angle": 0, "axis": "x", "origin": [8, 5, 9]},
			"faces": {
				"north": {"uv": [0, 12, 1, 13], "texture": "#0"},
				"east": {"uv": [1, 12, 3, 13], "texture": "#0"},
				"south": {"uv": [3, 12, 4, 13], "texture": "#0"},
				"west": {"uv": [1, 12, 3, 13], "texture": "#0"},
				"up": {"uv": [1, 12, 3, 13], "texture": "#0"}
			}
		},
		{
			"from": [6, 3, 8],
			"to": [7, 4, 10],
			"rotation": {"angle": 0, "axis": "x", "origin": [5, 5, 9]},
			"faces": {
				"north": {"uv": [3, 12, 4, 13], "texture": "#0"},
				"east": {"uv": [1, 12, 3, 13], "texture": "#0"},
				"south": {"uv": [0, 12, 1, 13], "texture": "#0"},
				"west": {"uv": [1, 12, 3, 13], "texture": "#0"},
				"up": {"uv": [1, 12, 3, 13], "texture": "#0"}
			}
		}
	],
	"display": {
		"gui": {
			"rotation": [30, 45, 0]
		},
		"fixed": {
			"rotation": [-90, 0, 0],
			"translation": [0, 0, -16],
			"scale": [2, 2, 2]
		}
	}
}