{
	"credit": "Made with Blockbench",
	"parent": "minecraft:item/display",
	"textures": {
		"particle": "item/artifact/gem_aquamarine"
	},
	"elements": [
		{
			"from": [7, 0, 6],
			"to": [8, 6, 7],
			"faces": {
				"north": {"uv": [14, 10, 15, 16], "texture": "#particle"},
				"east": {"uv": [14, 10, 15, 16], "texture": "#particle"},
				"south": {"uv": [14, 10, 15, 16], "texture": "#particle"},
				"west": {"uv": [14, 10, 15, 16], "texture": "#particle"},
				"up": {"uv": [14, 10, 15, 11], "texture": "#particle"},
				"down": {"uv": [14, 10, 15, 11], "texture": "#particle"}
			}
		},
		{
			"from": [7, 0, 7],
			"to": [8, 6, 8],
			"faces": {
				"north": {"uv": [14, 10, 15, 16], "texture": "#particle"},
				"east": {"uv": [14, 10, 15, 16], "texture": "#particle"},
				"south": {"uv": [14, 10, 15, 16], "texture": "#particle"},
				"west": {"uv": [14, 10, 15, 16], "texture": "#particle"},
				"up": {"uv": [14, 10, 15, 11], "texture": "#particle"},
				"down": {"uv": [14, 10, 15, 11], "texture": "#particle"}
			}
		},
		{
			"from": [5, 0, 6],
			"to": [6, 6, 7],
			"faces": {
				"north": {"uv": [14, 10, 15, 16], "texture": "#particle"},
				"east": {"uv": [14, 10, 15, 16], "texture": "#particle"},
				"south": {"uv": [14, 10, 15, 16], "texture": "#particle"},
				"west": {"uv": [14, 10, 15, 16], "texture": "#particle"},
				"up": {"uv": [14, 10, 15, 11], "texture": "#particle"},
				"down": {"uv": [14, 15, 15, 16], "texture": "#particle"}
			}
		},
		{
			"from": [6, 0, 8],
			"to": [7, 6, 9],
			"faces": {
				"north": {"uv": [14, 10, 15, 16], "texture": "#particle"},
				"east": {"uv": [14, 10, 15, 16], "texture": "#particle"},
				"south": {"uv": [14, 10, 15, 16], "texture": "#particle"},
				"west": {"uv": [14, 10, 15, 16], "texture": "#particle"},
				"up": {"uv": [14, 10, 15, 11], "texture": "#particle"},
				"down": {"uv": [14, 15, 15, 16], "texture": "#particle"}
			}
		},
		{
			"from": [6, 0, 6],
			"to": [7, 5, 7],
			"faces": {
				"north": {"uv": [13, 11, 14, 16], "texture": "#particle"},
				"east": {"uv": [13, 11, 14, 16], "texture": "#particle"},
				"south": {"uv": [13, 11, 14, 16], "texture": "#particle"},
				"west": {"uv": [13, 11, 14, 16], "texture": "#particle"},
				"up": {"uv": [14, 10, 15, 11], "texture": "#particle"},
				"down": {"uv": [14, 15, 15, 16], "texture": "#particle"}
			}
		},
		{
			"from": [7, 0, 10],
			"to": [8, 5, 11],
			"faces": {
				"north": {"uv": [13, 11, 14, 16], "texture": "#particle"},
				"east": {"uv": [13, 11, 14, 16], "texture": "#particle"},
				"south": {"uv": [13, 11, 14, 16], "texture": "#particle"},
				"west": {"uv": [13, 11, 14, 16], "texture": "#particle"},
				"up": {"uv": [14, 10, 15, 11], "texture": "#particle"},
				"down": {"uv": [14, 15, 15, 16], "texture": "#particle"}
			}
		},
		{
			"from": [8, 0, 7],
			"to": [9, 5, 8],
			"faces": {
				"north": {"uv": [12, 11, 13, 16], "texture": "#particle"},
				"east": {"uv": [12, 11, 13, 16], "texture": "#particle"},
				"south": {"uv": [12, 11, 13, 16], "texture": "#particle"},
				"west": {"uv": [12, 11, 13, 16], "texture": "#particle"},
				"up": {"uv": [14, 10, 15, 11], "texture": "#particle"},
				"down": {"uv": [12, 15, 13, 16], "texture": "#particle"}
			}
		},
		{
			"from": [8, 0, 11],
			"to": [9, 5, 12],
			"faces": {
				"north": {"uv": [12, 11, 13, 16], "texture": "#particle"},
				"east": {"uv": [12, 11, 13, 16], "texture": "#particle"},
				"south": {"uv": [12, 11, 13, 16], "texture": "#particle"},
				"west": {"uv": [12, 11, 13, 16], "texture": "#particle"},
				"up": {"uv": [14, 10, 15, 11], "texture": "#particle"},
				"down": {"uv": [12, 15, 13, 16], "texture": "#particle"}
			}
		},
		{
			"from": [8, 1, 5],
			"to": [9, 5, 6],
			"faces": {
				"north": {"uv": [10, 12, 11, 16], "texture": "#particle"},
				"east": {"uv": [10, 12, 11, 16], "texture": "#particle"},
				"south": {"uv": [10, 12, 11, 16], "texture": "#particle"},
				"west": {"uv": [10, 12, 11, 16], "texture": "#particle"},
				"up": {"uv": [14, 10, 15, 11], "texture": "#particle"},
				"down": {"uv": [14, 15, 15, 16], "texture": "#particle"}
			}
		},
		{
			"from": [7, 0, 9],
			"to": [8, 4, 10],
			"faces": {
				"north": {"uv": [10, 12, 11, 16], "texture": "#particle"},
				"east": {"uv": [10, 12, 11, 16], "texture": "#particle"},
				"south": {"uv": [10, 12, 11, 16], "texture": "#particle"},
				"west": {"uv": [10, 12, 11, 16], "texture": "#particle"},
				"up": {"uv": [14, 10, 15, 11], "texture": "#particle"},
				"down": {"uv": [14, 15, 15, 16], "texture": "#particle"}
			}
		},
		{
			"from": [8, 0, 6],
			"to": [9, 4, 7],
			"faces": {
				"north": {"uv": [12, 12, 13, 16], "texture": "#particle"},
				"east": {"uv": [12, 12, 13, 16], "texture": "#particle"},
				"south": {"uv": [12, 12, 13, 16], "texture": "#particle"},
				"west": {"uv": [12, 12, 13, 16], "texture": "#particle"},
				"up": {"uv": [14, 10, 15, 11], "texture": "#particle"},
				"down": {"uv": [14, 15, 15, 16], "texture": "#particle"}
			}
		},
		{
			"from": [8, 0, 10],
			"to": [9, 4, 11],
			"faces": {
				"north": {"uv": [12, 12, 13, 16], "texture": "#particle"},
				"east": {"uv": [12, 12, 13, 16], "texture": "#particle"},
				"south": {"uv": [12, 12, 13, 16], "texture": "#particle"},
				"west": {"uv": [12, 12, 13, 16], "texture": "#particle"},
				"up": {"uv": [14, 10, 15, 11], "texture": "#particle"},
				"down": {"uv": [14, 15, 15, 16], "texture": "#particle"}
			}
		},
		{
			"from": [5, 1, 5],
			"to": [6, 5, 6],
			"faces": {
				"north": {"uv": [11, 12, 12, 16], "texture": "#particle"},
				"east": {"uv": [11, 12, 12, 16], "texture": "#particle"},
				"south": {"uv": [11, 12, 12, 16], "texture": "#particle"},
				"west": {"uv": [11, 12, 12, 16], "texture": "#particle"},
				"up": {"uv": [14, 10, 15, 11], "texture": "#particle"},
				"down": {"uv": [15, 15, 16, 16], "texture": "#particle"}
			}
		},
		{
			"from": [5, 0, 8],
			"to": [6, 4, 9],
			"faces": {
				"north": {"uv": [11, 12, 12, 16], "texture": "#particle"},
				"east": {"uv": [11, 12, 12, 16], "texture": "#particle"},
				"south": {"uv": [11, 12, 12, 16], "texture": "#particle"},
				"west": {"uv": [11, 12, 12, 16], "texture": "#particle"},
				"up": {"uv": [14, 10, 15, 11], "texture": "#particle"},
				"down": {"uv": [15, 15, 16, 16], "texture": "#particle"}
			}
		},
		{
			"from": [6, 0, 7],
			"to": [7, 4, 8],
			"faces": {
				"north": {"uv": [10, 12, 11, 16], "texture": "#particle"},
				"east": {"uv": [10, 12, 11, 16], "texture": "#particle"},
				"south": {"uv": [10, 12, 11, 16], "texture": "#particle"},
				"west": {"uv": [10, 12, 11, 16], "texture": "#particle"},
				"up": {"uv": [14, 10, 15, 11], "texture": "#particle"},
				"down": {"uv": [12, 15, 13, 16], "texture": "#particle"}
			}
		},
		{
			"from": [10, 0, 7],
			"to": [11, 4, 8],
			"faces": {
				"north": {"uv": [11, 12, 12, 16], "texture": "#particle"},
				"east": {"uv": [11, 12, 12, 16], "texture": "#particle"},
				"south": {"uv": [11, 12, 12, 16], "texture": "#particle"},
				"west": {"uv": [11, 12, 12, 16], "texture": "#particle"},
				"up": {"uv": [14, 10, 15, 11], "texture": "#particle"},
				"down": {"uv": [15, 15, 16, 16], "texture": "#particle"}
			}
		},
		{
			"from": [9, 0, 11],
			"to": [10, 4, 12],
			"faces": {
				"north": {"uv": [11, 12, 12, 16], "texture": "#particle"},
				"east": {"uv": [11, 12, 12, 16], "texture": "#particle"},
				"south": {"uv": [11, 12, 12, 16], "texture": "#particle"},
				"west": {"uv": [11, 12, 12, 16], "texture": "#particle"},
				"up": {"uv": [14, 10, 15, 11], "texture": "#particle"},
				"down": {"uv": [15, 15, 16, 16], "texture": "#particle"}
			}
		},
		{
			"from": [7, 0, 4],
			"to": [8, 5, 5],
			"faces": {
				"north": {"uv": [12, 11, 13, 16], "texture": "#particle"},
				"east": {"uv": [12, 11, 13, 16], "texture": "#particle"},
				"south": {"uv": [12, 11, 13, 16], "texture": "#particle"},
				"west": {"uv": [12, 11, 13, 16], "texture": "#particle"},
				"up": {"uv": [14, 10, 15, 11], "texture": "#particle"},
				"down": {"uv": [14, 15, 15, 16], "texture": "#particle"}
			}
		},
		{
			"from": [7, 0, 8],
			"to": [8, 5, 9],
			"faces": {
				"north": {"uv": [12, 11, 13, 16], "texture": "#particle"},
				"east": {"uv": [12, 11, 13, 16], "texture": "#particle"},
				"south": {"uv": [12, 11, 13, 16], "texture": "#particle"},
				"west": {"uv": [12, 11, 13, 16], "texture": "#particle"},
				"up": {"uv": [14, 10, 15, 11], "texture": "#particle"},
				"down": {"uv": [14, 15, 15, 16], "texture": "#particle"}
			}
		},
		{
			"from": [9, 0, 8],
			"to": [10, 5, 9],
			"faces": {
				"north": {"uv": [13, 11, 14, 16], "texture": "#particle"},
				"east": {"uv": [13, 11, 14, 16], "texture": "#particle"},
				"south": {"uv": [13, 11, 14, 16], "texture": "#particle"},
				"west": {"uv": [13, 11, 14, 16], "texture": "#particle"},
				"up": {"uv": [14, 10, 15, 11], "texture": "#particle"},
				"down": {"uv": [15, 15, 16, 16], "texture": "#particle"}
			}
		},
		{
			"from": [10, 0, 10],
			"to": [11, 5, 11],
			"faces": {
				"north": {"uv": [13, 11, 14, 16], "texture": "#particle"},
				"east": {"uv": [13, 11, 14, 16], "texture": "#particle"},
				"south": {"uv": [13, 11, 14, 16], "texture": "#particle"},
				"west": {"uv": [13, 11, 14, 16], "texture": "#particle"},
				"up": {"uv": [14, 10, 15, 11], "texture": "#particle"},
				"down": {"uv": [15, 15, 16, 16], "texture": "#particle"}
			}
		},
		{
			"from": [9, 0, 6],
			"to": [10, 5, 7],
			"faces": {
				"north": {"uv": [12, 11, 13, 16], "texture": "#particle"},
				"east": {"uv": [12, 11, 13, 16], "texture": "#particle"},
				"south": {"uv": [12, 11, 13, 16], "texture": "#particle"},
				"west": {"uv": [12, 11, 13, 16], "texture": "#particle"},
				"up": {"uv": [14, 10, 15, 11], "texture": "#particle"},
				"down": {"uv": [12, 15, 13, 16], "texture": "#particle"}
			}
		},
		{
			"from": [6, 0, 5],
			"to": [7, 6, 6],
			"faces": {
				"north": {"uv": [15, 10, 16, 16], "texture": "#particle"},
				"east": {"uv": [15, 10, 16, 16], "texture": "#particle"},
				"south": {"uv": [15, 10, 16, 16], "texture": "#particle"},
				"west": {"uv": [15, 10, 16, 16], "texture": "#particle"},
				"up": {"uv": [14, 10, 15, 11], "texture": "#particle"},
				"down": {"uv": [15, 15, 16, 16], "texture": "#particle"}
			}
		},
		{
			"from": [8, 0, 8],
			"to": [9, 6, 9],
			"faces": {
				"north": {"uv": [15, 10, 16, 16], "texture": "#particle"},
				"east": {"uv": [15, 10, 16, 16], "texture": "#particle"},
				"south": {"uv": [15, 10, 16, 16], "texture": "#particle"},
				"west": {"uv": [15, 10, 16, 16], "texture": "#particle"},
				"up": {"uv": [14, 10, 15, 11], "texture": "#particle"},
				"down": {"uv": [15, 15, 16, 16], "texture": "#particle"}
			}
		},
		{
			"from": [7, 1, 5],
			"to": [8, 7, 6],
			"faces": {
				"north": {"uv": [14, 10, 15, 16], "texture": "#particle"},
				"east": {"uv": [14, 10, 15, 16], "texture": "#particle"},
				"south": {"uv": [14, 10, 15, 16], "texture": "#particle"},
				"west": {"uv": [14, 10, 15, 16], "texture": "#particle"},
				"up": {"uv": [14, 10, 15, 11], "texture": "#particle"},
				"down": {"uv": [14, 15, 15, 16], "texture": "#particle"}
			}
		},
		{
			"from": [8, 1, 9],
			"to": [9, 7, 10],
			"faces": {
				"north": {"uv": [14, 10, 15, 16], "texture": "#particle"},
				"east": {"uv": [14, 10, 15, 16], "texture": "#particle"},
				"south": {"uv": [14, 10, 15, 16], "texture": "#particle"},
				"west": {"uv": [14, 10, 15, 16], "texture": "#particle"},
				"up": {"uv": [14, 10, 15, 11], "texture": "#particle"},
				"down": {"uv": [14, 15, 15, 16], "texture": "#particle"}
			}
		},
		{
			"from": [9, 0, 7],
			"to": [10, 6, 8],
			"faces": {
				"north": {"uv": [15, 10, 16, 16], "texture": "#particle"},
				"east": {"uv": [15, 10, 16, 16], "texture": "#particle"},
				"south": {"uv": [15, 10, 16, 16], "texture": "#particle"},
				"west": {"uv": [15, 10, 16, 16], "texture": "#particle"},
				"up": {"uv": [14, 10, 15, 11], "texture": "#particle"},
				"down": {"uv": [15, 15, 16, 16], "texture": "#particle"}
			}
		},
		{
			"from": [9, 0, 10],
			"to": [10, 6, 11],
			"faces": {
				"north": {"uv": [15, 10, 16, 16], "texture": "#particle"},
				"east": {"uv": [15, 10, 16, 16], "texture": "#particle"},
				"south": {"uv": [15, 10, 16, 16], "texture": "#particle"},
				"west": {"uv": [15, 10, 16, 16], "texture": "#particle"},
				"up": {"uv": [14, 10, 15, 11], "texture": "#particle"},
				"down": {"uv": [15, 15, 16, 16], "texture": "#particle"}
			}
		}
	],
	"display": {
		"gui": {
			"rotation": [30, 45, 0]
		},
		"fixed": {
			"rotation": [-90, 0, 0],
			"translation": [0, 0, -16],
			"scale": [2, 2, 2]
		}
	}
}