{
	"credit": "Made by 古銅/斜向(@hsmkai) with Blockbench",
	"parent": "minecraft:item/display",
	"textures": {
		"0": "item/artifact/gem_sapphire",
		"particle": "item/artifact/gem_sapphire"
	},
	"elements": [
		{
			"from": [6, 0, 6],
			"to": [9, 6, 9],
			"rotation": {"angle": 0, "axis": "y", "origin": [15, 8, 16]},
			"faces": {
				"north": {"uv": [6, 0, 9, 6], "texture": "#0"},
				"east": {"uv": [3, 0, 6, 6], "texture": "#0"},
				"south": {"uv": [0, 0, 3, 6], "texture": "#0"},
				"west": {"uv": [9, 0, 12, 6], "texture": "#0", "cullface": "west"},
				"up": {"uv": [12, 0, 15, 3], "texture": "#0"}
			}
		},
		{
			"from": [7.1, 0, 7],
			"to": [10.1, 4, 10],
			"rotation": {"angle": 0, "axis": "y", "origin": [16.1, 8, 17]},
			"faces": {
				"north": {"uv": [6, 6, 9, 12], "texture": "#0"},
				"east": {"uv": [3, 6, 6, 12], "texture": "#0"},
				"south": {"uv": [0, 6, 3, 12], "texture": "#0", "cullface": "south"},
				"west": {"uv": [9, 6, 12, 12], "texture": "#0"},
				"up": {"uv": [12, 6, 15, 9], "texture": "#0"}
			}
		},
		{
			"from": [7.1, 0, 5],
			"to": [11.1, 1, 9],
			"rotation": {"angle": 0, "axis": "y", "origin": [15.1, 8, 16]},
			"faces": {
				"north": {"uv": [4, 12, 8, 13], "texture": "#0", "cullface": "north"},
				"east": {"uv": [4, 15, 8, 16], "texture": "#0", "cullface": "north"},
				"south": {"uv": [4, 13, 8, 14], "texture": "#0", "cullface": "north"},
				"west": {"uv": [4, 14, 8, 15], "texture": "#0", "cullface": "north"},
				"up": {"uv": [0, 12, 4, 16], "texture": "#0", "cullface": "up"}
			}
		},
		{
			"from": [5.1, 0, 7],
			"to": [9.1, 1, 11],
			"rotation": {"angle": 0, "axis": "y", "origin": [13.1, 8, 18]},
			"faces": {
				"north": {"uv": [4, 12, 8, 13], "texture": "#0", "cullface": "north"},
				"east": {"uv": [4, 15, 8, 16], "texture": "#0", "cullface": "north"},
				"south": {"uv": [4, 13, 8, 14], "texture": "#0", "cullface": "north"},
				"west": {"uv": [4, 14, 8, 15], "texture": "#0", "cullface": "north"},
				"up": {"uv": [0, 12, 4, 16], "texture": "#0", "cullface": "up"}
			}
		}
	],
	"display": {
		"gui": {
			"rotation": [30, 45, 0]
		},
		"fixed": {
			"rotation": [-90, 0, 0],
			"translation": [0, 0, -16],
			"scale": [2, 2, 2]
		}
	}
}