{
	"credit": "Made with Blockbench",
	"parent": "minecraft:item/display",
	"textures": {
		"0": "item/artifact/gem_unknown",
		"particle": "item/artifact/gem_unknown"
	},
	"elements": [
		{
			"from": [8, 0, 6],
			"to": [12, 5, 10],
			"rotation": {"angle": 0, "axis": "y", "origin": [15, 8, 16]},
			"faces": {
				"north": {"uv": [0, 7, 4, 12], "texture": "#0", "cullface": "west"},
				"east": {"uv": [0, 7, 4, 12], "texture": "#0", "cullface": "west"},
				"south": {"uv": [0, 7, 4, 12], "texture": "#0", "cullface": "west"},
				"west": {"uv": [0, 7, 4, 12], "texture": "#0", "cullface": "west"},
				"up": {"uv": [8, 3, 12, 7], "texture": "#0"}
			}
		},
		{
			"from": [6, 0, 5],
			"to": [10, 3, 9],
			"rotation": {"angle": 0, "axis": "y", "origin": [15, 6, 16]},
			"faces": {
				"north": {"uv": [12, 12, 16, 15], "texture": "#0"},
				"east": {"uv": [0, 12, 4, 15], "texture": "#0"},
				"south": {"uv": [4, 12, 8, 15], "texture": "#0"},
				"west": {"uv": [8, 12, 12, 15], "texture": "#0"},
				"up": {"uv": [0, 3, 4, 7], "texture": "#0"}
			}
		},
		{
			"from": [5, 0, 7],
			"to": [9, 1, 11],
			"rotation": {"angle": 0, "axis": "y", "origin": [13, 6, 18]},
			"faces": {
				"north": {"uv": [0, 15, 4, 16], "texture": "#0"},
				"east": {"uv": [12, 15, 16, 16], "texture": "#0"},
				"south": {"uv": [8, 15, 12, 16], "texture": "#0"},
				"west": {"uv": [4, 15, 8, 16], "texture": "#0"},
				"up": {"uv": [4, 3, 8, 7], "texture": "#0"}
			}
		}
	],
	"display": {
		"gui": {
			"rotation": [30, 45, 0]
		},
		"fixed": {
			"rotation": [-90, 0, 0],
			"translation": [0, 0, -16],
			"scale": [2, 2, 2]
		}
	}
}