{
	"credit": "Made with Blockbench",
	"parent": "minecraft:item/display",
	"textures": {
		"0": "item/artifact/gem_moonstone",
		"particle": "item/artifact/gem_moonstone"
	},
	"elements": [
		{
			"from": [7, 0, 11],
			"to": [10, 1, 13],
			"rotation": {"angle": 0, "axis": "y", "origin": [13, 6, 18]},
			"faces": {
				"north": {"uv": [0, 15, 3, 16], "texture": "#0"},
				"east": {"uv": [3, 14, 5, 15], "texture": "#0"},
				"south": {"uv": [0, 14, 3, 15], "texture": "#0"},
				"west": {"uv": [3, 14, 5, 15], "texture": "#0"},
				"up": {"uv": [0, 11, 3, 13], "texture": "#0"}
			}
		},
		{
			"from": [5, 0, 4],
			"to": [8, 1, 7],
			"rotation": {"angle": 0, "axis": "y", "origin": [13, 6, 18]},
			"faces": {
				"north": {"uv": [0, 15, 4, 16], "texture": "#0"},
				"east": {"uv": [12, 15, 16, 16], "texture": "#0"},
				"south": {"uv": [8, 15, 12, 16], "texture": "#0"},
				"west": {"uv": [4, 15, 8, 16], "texture": "#0"},
				"up": {"uv": [4, 9, 8, 13], "texture": "#0"}
			}
		},
		{
			"from": [7, 3, 6],
			"to": [10, 4, 11],
			"faces": {
				"north": {"uv": [9, 5, 12, 6], "texture": "#0"},
				"east": {"uv": [9, 9, 14, 10], "texture": "#0"},
				"south": {"uv": [9, 5, 12, 6], "texture": "#0"},
				"west": {"uv": [9, 9, 14, 10], "texture": "#0"},
				"up": {"uv": [2, 2, 5, 7], "texture": "#0"}
			}
		},
		{
			"from": [10, 0, 6],
			"to": [11, 3, 10],
			"faces": {
				"north": {"uv": [8, 6, 9, 9], "texture": "#0"},
				"east": {"uv": [10, 10, 14, 13], "texture": "#0"},
				"south": {"uv": [9, 10, 10, 13], "texture": "#0"},
				"up": {"uv": [5, 2, 6, 6], "texture": "#0"}
			}
		},
		{
			"from": [6, 0, 5],
			"to": [10, 3, 11],
			"faces": {
				"north": {"uv": [10, 6, 14, 9], "texture": "#0"},
				"east": {"uv": [9, 10, 15, 13], "texture": "#0"},
				"south": {"uv": [9, 6, 13, 9], "texture": "#0"},
				"west": {"uv": [8, 10, 14, 13], "texture": "#0"},
				"up": {"uv": [1, 1, 5, 7], "texture": "#0"}
			}
		},
		{
			"from": [5, 0, 7],
			"to": [6, 2, 11],
			"faces": {
				"north": {"uv": [12, 7, 13, 9], "texture": "#0"},
				"south": {"uv": [3, 3, 4, 5], "texture": "#0"},
				"west": {"uv": [10, 11, 14, 13], "texture": "#0"},
				"up": {"uv": [0, 2, 1, 6], "texture": "#0"}
			}
		},
		{
			"from": [6, 0, 11],
			"to": [9, 3, 12],
			"faces": {
				"east": {"uv": [8, 10, 9, 13], "texture": "#0"},
				"south": {"uv": [9, 8, 12, 11], "texture": "#0"},
				"west": {"uv": [14, 10, 15, 13], "texture": "#0"},
				"up": {"uv": [1, 7, 4, 8], "texture": "#0"}
			}
		}
	],
	"display": {
		"gui": {
			"rotation": [30, 45, 0]
		},
		"fixed": {
			"rotation": [-90, 0, 0],
			"translation": [0, 0, -16],
			"scale": [2, 2, 2]
		}
	}
}