{
	"credit": "Made by 古銅/斜向(@hsmkai) with Blockbench",
	"parent": "minecraft:item/display",
	"textures": {
		"0": "item/artifact/gem_peridot",
		"particle": "item/artifact/gem_peridot"
	},
	"elements": [
		{
			"from": [7, 0, 6],
			"to": [9, 6, 9],
			"rotation": {"angle": 0, "axis": "y", "origin": [15, 8, 16]},
			"faces": {
				"north": {"uv": [2, 6, 4, 12], "texture": "#0"},
				"east": {"uv": [3, 0, 6, 6], "texture": "#0"},
				"south": {"uv": [0, 6, 2, 12], "texture": "#0", "cullface": "south"},
				"west": {"uv": [9, 0, 12, 6], "texture": "#0", "cullface": "west"},
				"up": {"uv": [12, 0, 14, 3], "texture": "#0"}
			}
		},
		{
			"from": [7.1, 0, 8],
			"to": [10.1, 5, 10],
			"rotation": {"angle": 0, "axis": "y", "origin": [16.1, 8, 17]},
			"faces": {
				"north": {"uv": [0, 0, 3, 5], "texture": "#0"},
				"east": {"uv": [0, 6, 2, 11], "texture": "#0"},
				"south": {"uv": [0, 0, 3, 5], "texture": "#0", "cullface": "south"},
				"west": {"uv": [0, 6, 2, 11], "texture": "#0", "cullface": "west"},
				"up": {"uv": [12, 0, 15, 2], "texture": "#0"}
			}
		},
		{
			"from": [6.1, 0, 5],
			"to": [8.1, 5, 7],
			"rotation": {"angle": 0, "axis": "y", "origin": [14.1, 8, 14]},
			"faces": {
				"north": {"uv": [6, 6, 8, 11], "texture": "#0"},
				"east": {"uv": [6, 6, 8, 11], "texture": "#0"},
				"south": {"uv": [6, 6, 8, 11], "texture": "#0"},
				"west": {"uv": [6, 6, 8, 11], "texture": "#0"},
				"up": {"uv": [12, 1, 14, 3], "texture": "#0", "cullface": "up"}
			}
		}
	],
	"display": {
		"gui": {
			"rotation": [30, 45, 0]
		},
		"fixed": {
			"rotation": [-90, 0, 0],
			"translation": [0, 0, -16],
			"scale": [2, 2, 2]
		}
	}
}