{
	"credit": "Made by 古銅/斜向(@hsmkai) with Blockbench",
	"parent": "minecraft:item/display",
	"textures": {
		"0": "item/artifact/gem_topaz",
		"particle": "item/artifact/gem_topaz"
	},
	"elements": [
		{
			"from": [6, 0, 6],
			"to": [10, 6, 10],
			"rotation": {"angle": 0, "axis": "y", "origin": [15, 8, 16]},
			"faces": {
				"north": {"uv": [4, 0, 8, 6], "texture": "#0"},
				"east": {"uv": [8, 0, 12, 6], "texture": "#0"},
				"south": {"uv": [12, 0, 16, 6], "texture": "#0"},
				"west": {"uv": [0, 0, 4, 6], "texture": "#0", "cullface": "west"},
				"up": {"uv": [8, 9, 12, 13], "texture": "#0"}
			}
		},
		{
			"from": [7, 0, 5],
			"to": [11, 2, 9],
			"rotation": {"angle": 0, "axis": "y", "origin": [15, 6, 16]},
			"faces": {
				"north": {"uv": [12, 13, 16, 15], "texture": "#0"},
				"east": {"uv": [0, 13, 4, 15], "texture": "#0"},
				"south": {"uv": [4, 13, 8, 15], "texture": "#0"},
				"west": {"uv": [8, 13, 12, 15], "texture": "#0"},
				"up": {"uv": [0, 9, 4, 13], "texture": "#0"}
			}
		},
		{
			"from": [5, 0, 7],
			"to": [9, 1, 11],
			"rotation": {"angle": 0, "axis": "y", "origin": [13, 6, 18]},
			"faces": {
				"north": {"uv": [0, 15, 4, 16], "texture": "#0"},
				"east": {"uv": [12, 15, 16, 16], "texture": "#0"},
				"south": {"uv": [8, 15, 12, 16], "texture": "#0"},
				"west": {"uv": [4, 15, 8, 16], "texture": "#0"},
				"up": {"uv": [4, 9, 8, 13], "texture": "#0"}
			}
		}
	],
	"display": {
		"gui": {
			"rotation": [30, 45, 0]
		},
		"fixed": {
			"rotation": [-90, 0, 0],
			"translation": [0, 0, -16],
			"scale": [2, 2, 2]
		}
	}
}