{
	"credit": "Made with Blockbench",
	"parent": "minecraft:item/display",
	"textures": {
		"0": "item/artifact/gem_tourmaline",
		"particle": "item/artifact/gem_tourmaline"
	},
	"elements": [
		{
			"from": [5, 0, 7],
			"to": [9, 2, 11],
			"rotation": {"angle": 0, "axis": "y", "origin": [15, 6, 16]},
			"faces": {
				"north": {"uv": [12, 13, 16, 15], "texture": "#0"},
				"east": {"uv": [0, 13, 4, 15], "texture": "#0"},
				"south": {"uv": [4, 13, 8, 15], "texture": "#0"},
				"west": {"uv": [8, 13, 12, 15], "texture": "#0"},
				"up": {"uv": [0, 9, 4, 13], "texture": "#0"}
			}
		},
		{
			"from": [7, 0, 6],
			"to": [11, 1, 10],
			"rotation": {"angle": 0, "axis": "y", "origin": [13, 6, 18]},
			"faces": {
				"north": {"uv": [0, 15, 4, 16], "texture": "#0"},
				"east": {"uv": [12, 15, 16, 16], "texture": "#0"},
				"south": {"uv": [8, 15, 12, 16], "texture": "#0"},
				"west": {"uv": [4, 15, 8, 16], "texture": "#0"},
				"up": {"uv": [4, 9, 8, 13], "texture": "#0"}
			}
		},
		{
			"from": [8, 1, 7],
			"to": [10, 9, 9],
			"faces": {
				"north": {"uv": [2, 0, 4, 8], "texture": "#0"},
				"east": {"uv": [2, 0, 0, 8], "texture": "#0"},
				"south": {"uv": [0, 0, 2, 8], "texture": "#0"},
				"west": {"uv": [4, 0, 2, 8], "texture": "#0"},
				"up": {"uv": [7, 0, 9, 2], "texture": "#0"},
				"down": {"uv": [0, 0, 2, 2], "texture": "#missing"}
			}
		},
		{
			"from": [7, 1, 6],
			"to": [9, 8, 8],
			"faces": {
				"north": {"uv": [0, 0, 2, 7], "texture": "#0"},
				"east": {"uv": [0, 0, 1, 7], "texture": "#0"},
				"south": {"uv": [5, 0, 7, 7], "texture": "#0"},
				"west": {"uv": [2, 0, 0, 7], "texture": "#0"},
				"up": {"uv": [7, 0, 9, 2], "texture": "#0"},
				"down": {"uv": [0, 0, 2, 2], "texture": "#missing"}
			}
		},
		{
			"from": [6, 2, 8],
			"to": [8, 7, 10],
			"faces": {
				"north": {"uv": [1, 1, 2, 6], "texture": "#0"},
				"east": {"uv": [1, 1, 2, 6], "texture": "#0"},
				"south": {"uv": [0, 1, 2, 6], "texture": "#0"},
				"west": {"uv": [2, 1, 0, 6], "texture": "#0"},
				"up": {"uv": [7, 0, 9, 2], "texture": "#0"},
				"down": {"uv": [0, 0, 2, 2], "texture": "#missing"}
			}
		}
	],
	"display": {
		"gui": {
			"rotation": [30, 45, 0]
		},
		"fixed": {
			"rotation": [-90, 0, 0],
			"translation": [0, 0, -16],
			"scale": [2, 2, 2]
		}
	}
}