{
	"credit": "Made with Blockbench",
	"parent": "minecraft:item/display",
	"textures": {
		"particle": "item/artifact/gem_amethyst"
	},
	"elements": [
		{
			"from": [8, 0, 8],
			"to": [9, 2, 9],
			"faces": {
				"east": {"uv": [11, 14, 12, 16], "texture": "#particle"},
				"south": {"uv": [4, 14, 5, 16], "texture": "#particle"},
				"up": {"uv": [4, 4, 5, 5], "texture": "#particle"}
			}
		},
		{
			"from": [7, 0, 9],
			"to": [8, 2, 10],
			"faces": {
				"east": {"uv": [10, 14, 11, 16], "texture": "#particle"},
				"south": {"uv": [3, 14, 4, 16], "texture": "#particle"},
				"west": {"uv": [15, 5, 16, 7], "texture": "#particle"},
				"up": {"uv": [3, 5, 4, 6], "texture": "#particle"}
			}
		},
		{
			"from": [8, 0, 7],
			"to": [9, 3, 8],
			"faces": {
				"east": {"uv": [12, 13, 13, 16], "texture": "#particle"},
				"south": {"uv": [4, 13, 5, 16], "texture": "#particle"},
				"up": {"uv": [4, 3, 5, 4], "texture": "#particle"}
			}
		},
		{
			"from": [9, 0, 6],
			"to": [10, 3, 7],
			"faces": {
				"north": {"uv": [7, 4, 8, 7], "texture": "#particle"},
				"east": {"uv": [13, 13, 14, 16], "texture": "#particle"},
				"south": {"uv": [5, 13, 6, 16], "texture": "#particle"},
				"up": {"uv": [5, 2, 6, 3], "texture": "#particle"}
			}
		},
		{
			"from": [8, 0, 6],
			"to": [9, 4, 7],
			"faces": {
				"north": {"uv": [8, 3, 9, 7], "texture": "#particle"},
				"east": {"uv": [13, 12, 14, 16], "texture": "#particle"},
				"south": {"uv": [4, 12, 5, 16], "texture": "#particle"},
				"west": {"uv": [12, 3, 13, 7], "texture": "#particle"},
				"up": {"uv": [4, 2, 5, 3], "texture": "#particle"}
			}
		},
		{
			"from": [9, 2, 5],
			"to": [10, 4, 6],
			"faces": {
				"north": {"uv": [7, 3, 8, 5], "texture": "#particle"},
				"east": {"uv": [14, 12, 15, 14], "texture": "#particle"},
				"south": {"uv": [5, 12, 6, 14], "texture": "#particle"},
				"west": {"uv": [11, 2, 12, 4], "texture": "#particle"},
				"up": {"uv": [5, 1, 6, 2], "texture": "#particle"},
				"down": {"uv": [5, 14, 6, 15], "texture": "#particle"}
			}
		},
		{
			"from": [7, 4, 6],
			"to": [8, 5, 7],
			"faces": {
				"east": {"uv": [13, 11, 14, 12], "texture": "#particle"},
				"south": {"uv": [3, 11, 4, 12], "texture": "#particle"},
				"up": {"uv": [3, 2, 4, 3], "texture": "#particle"},
				"down": {"uv": [12, 1, 12, 1], "texture": "#particle"}
			}
		},
		{
			"from": [8, 4, 5],
			"to": [9, 5, 6],
			"faces": {
				"east": {"uv": [14, 11, 15, 12], "texture": "#particle"},
				"south": {"uv": [4, 11, 5, 12], "texture": "#particle"},
				"up": {"uv": [4, 1, 5, 2], "texture": "#particle"},
				"down": {"uv": [9, 6, 10, 7], "texture": "#particle"}
			}
		},
		{
			"from": [6, 1, 6],
			"to": [7, 6, 7],
			"faces": {
				"north": {"uv": [10, 1, 11, 6], "texture": "#particle"},
				"east": {"uv": [13, 10, 14, 15], "texture": "#particle"},
				"south": {"uv": [2, 10, 3, 15], "texture": "#particle"},
				"west": {"uv": [12, 1, 13, 6], "texture": "#particle"},
				"up": {"uv": [2, 2, 3, 3], "texture": "#particle"},
				"down": {"uv": [10, 4, 11, 5], "texture": "#particle"}
			}
		},
		{
			"from": [5, 5, 6],
			"to": [6, 7, 7],
			"faces": {
				"north": {"uv": [11, 0, 12, 2], "texture": "#particle"},
				"east": {"uv": [13, 9, 14, 11], "texture": "#particle"},
				"south": {"uv": [1, 9, 2, 11], "texture": "#particle"},
				"west": {"uv": [12, 0, 13, 2], "texture": "#particle"},
				"up": {"uv": [1, 2, 2, 3], "texture": "#particle"},
				"down": {"uv": [1, 13, 2, 14], "texture": "#particle"}
			}
		},
		{
			"from": [8, 3, 4],
			"to": [9, 6, 5],
			"faces": {
				"north": {"uv": [8, 1, 9, 4], "texture": "#particle"},
				"east": {"uv": [15, 10, 16, 13], "texture": "#particle"},
				"south": {"uv": [4, 10, 5, 13], "texture": "#particle"},
				"west": {"uv": [10, 0, 11, 3], "texture": "#particle"},
				"up": {"uv": [4, 0, 5, 1], "texture": "#particle"},
				"down": {"uv": [4, 15, 5, 16], "texture": "#particle"}
			}
		},
		{
			"from": [7, 2, 8],
			"to": [8, 3, 9],
			"faces": {
				"east": {"uv": [11, 13, 12, 14], "texture": "#particle"},
				"south": {"uv": [3, 13, 4, 14], "texture": "#particle"},
				"up": {"uv": [3, 4, 4, 5], "texture": "#particle"}
			}
		},
		{
			"from": [6, 1, 9],
			"to": [7, 3, 10],
			"faces": {
				"east": {"uv": [10, 13, 11, 15], "texture": "#particle"},
				"south": {"uv": [2, 13, 3, 15], "texture": "#particle"},
				"west": {"uv": [15, 4, 16, 6], "texture": "#particle"},
				"up": {"uv": [2, 5, 3, 6], "texture": "#particle"},
				"down": {"uv": [11, 4, 12, 5], "texture": "#particle"}
			}
		},
		{
			"from": [7, 0, 7],
			"to": [8, 4, 8],
			"faces": {
				"north": {"uv": [9, 3, 10, 7], "texture": "#particle"},
				"east": {"uv": [12, 12, 13, 16], "texture": "#particle"},
				"south": {"uv": [3, 12, 4, 16], "texture": "#particle"},
				"west": {"uv": [13, 3, 14, 7], "texture": "#particle"},
				"up": {"uv": [3, 3, 4, 4], "texture": "#particle"}
			}
		},
		{
			"from": [6, 4, 7],
			"to": [7, 5, 8],
			"faces": {
				"east": {"uv": [12, 11, 13, 12], "texture": "#particle"},
				"south": {"uv": [2, 11, 3, 12], "texture": "#particle"},
				"up": {"uv": [2, 3, 3, 4], "texture": "#particle"},
				"down": {"uv": [8, 0, 8, 0], "texture": "#particle"}
			}
		},
		{
			"from": [5, 2, 7],
			"to": [6, 6, 8],
			"faces": {
				"north": {"uv": [12, 1, 13, 5], "texture": "#particle"},
				"east": {"uv": [12, 10, 13, 14], "texture": "#particle"},
				"south": {"uv": [1, 10, 2, 14], "texture": "#particle"},
				"west": {"uv": [13, 1, 14, 5], "texture": "#particle"},
				"up": {"uv": [1, 3, 2, 4], "texture": "#particle"},
				"down": {"uv": [1, 12, 2, 13], "texture": "#particle"}
			}
		},
		{
			"from": [4, 4, 7],
			"to": [5, 7, 8],
			"faces": {
				"north": {"uv": [11, 0, 12, 3], "texture": "#particle"},
				"east": {"uv": [12, 9, 13, 12], "texture": "#particle"},
				"south": {"uv": [0, 9, 1, 12], "texture": "#particle"},
				"west": {"uv": [13, 0, 14, 3], "texture": "#particle"},
				"up": {"uv": [0, 3, 1, 4], "texture": "#particle"},
				"down": {"uv": [0, 12, 1, 13], "texture": "#particle"}
			}
		},
		{
			"from": [7, 3, 5],
			"to": [8, 6, 6],
			"faces": {
				"north": {"uv": [9, 1, 10, 4], "texture": "#particle"},
				"east": {"uv": [14, 10, 15, 13], "texture": "#particle"},
				"south": {"uv": [3, 10, 4, 13], "texture": "#particle"},
				"west": {"uv": [1, 10, 2, 13], "texture": "#particle"},
				"up": {"uv": [3, 1, 4, 2], "texture": "#particle"},
				"down": {"uv": [11, 4, 12, 5], "texture": "#particle"}
			}
		},
		{
			"from": [6, 4, 5],
			"to": [7, 7, 6],
			"faces": {
				"north": {"uv": [10, 0, 11, 3], "texture": "#particle"},
				"east": {"uv": [14, 9, 15, 12], "texture": "#particle"},
				"south": {"uv": [2, 9, 3, 12], "texture": "#particle"},
				"west": {"uv": [11, 0, 12, 3], "texture": "#particle"},
				"up": {"uv": [2, 1, 3, 2], "texture": "#particle"},
				"down": {"uv": [2, 14, 3, 15], "texture": "#particle"}
			}
		},
		{
			"from": [6, 0, 8],
			"to": [7, 4, 9],
			"faces": {
				"north": {"uv": [10, 3, 11, 7], "texture": "#particle"},
				"east": {"uv": [11, 12, 12, 16], "texture": "#particle"},
				"south": {"uv": [2, 12, 3, 16], "texture": "#particle"},
				"west": {"uv": [14, 3, 15, 7], "texture": "#particle"},
				"up": {"uv": [2, 4, 3, 5], "texture": "#particle"}
			}
		},
		{
			"from": [5, 2, 8],
			"to": [6, 5, 9],
			"faces": {
				"east": {"uv": [11, 11, 12, 14], "texture": "#particle"},
				"south": {"uv": [1, 11, 2, 14], "texture": "#particle"},
				"west": {"uv": [14, 3, 15, 6], "texture": "#particle"},
				"up": {"uv": [1, 4, 2, 5], "texture": "#particle"},
				"down": {"uv": [15, 5, 16, 6], "texture": "#particle"}
			}
		},
		{
			"from": [4, 3, 8],
			"to": [5, 6, 9],
			"faces": {
				"north": {"uv": [7, 3, 8, 6], "texture": "#particle"},
				"east": {"uv": [11, 10, 12, 13], "texture": "#particle"},
				"south": {"uv": [0, 10, 1, 13], "texture": "#particle"},
				"west": {"uv": [14, 1, 15, 4], "texture": "#particle"},
				"up": {"uv": [0, 4, 1, 5], "texture": "#particle"},
				"down": {"uv": [0, 11, 1, 12], "texture": "#particle"}
			}
		}
	],
	"display": {
		"gui": {
			"rotation": [30, 45, 0]
		},
		"fixed": {
			"rotation": [-90, 0, 0],
			"translation": [0, 0, -16],
			"scale": [2, 2, 2]
		}
	}
}