{
	"credit": "Made by 古銅/斜向(@hsmkai) with Blockbench",
	"parent": "minecraft:item/display",
	"textures": {
		"0": "item/artifact/gem_garnet",
		"particle": "item/artifact/gem_garnet"
	},
	"elements": [
		{
			"from": [6, 0, 6],
			"to": [9, 3, 9],
			"rotation": {"angle": 0, "axis": "y", "origin": [15, 8, 16]},
			"faces": {
				"north": {"uv": [9, 7, 12, 10], "texture": "#0"},
				"east": {"uv": [6, 7, 9, 10], "texture": "#0"},
				"south": {"uv": [3, 7, 6, 10], "texture": "#0"},
				"west": {"uv": [0, 7, 3, 10], "texture": "#0"},
				"up": {"uv": [12, 7, 15, 10], "texture": "#0", "cullface": "up"}
			}
		},
		{
			"from": [8, 0, 9],
			"to": [11, 3, 12],
			"rotation": {"angle": 0, "axis": "y", "origin": [17, 8, 19]},
			"faces": {
				"north": {"uv": [9, 10, 12, 13], "texture": "#0", "cullface": "west"},
				"east": {"uv": [6, 10, 9, 13], "texture": "#0", "cullface": "west"},
				"south": {"uv": [3, 10, 6, 13], "texture": "#0", "cullface": "west"},
				"west": {"uv": [0, 10, 3, 13], "texture": "#0", "cullface": "west"},
				"up": {"uv": [12, 10, 15, 13], "texture": "#0"}
			}
		},
		{
			"from": [7, 0, 7],
			"to": [10, 4, 11],
			"rotation": {"angle": 0, "axis": "y", "origin": [16, 8, 1]},
			"faces": {
				"north": {"uv": [11, 0, 14, 4], "texture": "#0", "cullface": "north"},
				"east": {"uv": [7, 0, 11, 4], "texture": "#0", "cullface": "north"},
				"south": {"uv": [4, 0, 7, 4], "texture": "#0", "cullface": "north"},
				"west": {"uv": [0, 0, 4, 4], "texture": "#0", "cullface": "west"},
				"up": {"uv": [0, 4, 4, 7], "rotation": 270, "texture": "#0"}
			}
		}
	],
	"display": {
		"gui": {
			"rotation": [30, 45, 0]
		},
		"fixed": {
			"rotation": [-90, 0, 0],
			"translation": [0, 0, -16],
			"scale": [2, 2, 2]
		}
	}
}