{
	"credit": "Made with Blockbench",
	"parent": "minecraft:item/display",
	"textures": {
		"0": "item/artifact/gem_emerald",
		"particle": "item/artifact/gem_emerald"
	},
	"elements": [
		{
			"from": [6, 0, 6],
			"to": [9, 3, 9],
			"rotation": {"angle": 0, "axis": "y", "origin": [13, 6, 18]},
			"faces": {
				"north": {"uv": [0, 13, 3, 16], "texture": "#0"},
				"east": {"uv": [9, 13, 12, 16], "texture": "#0"},
				"south": {"uv": [6, 13, 9, 16], "texture": "#0"},
				"west": {"uv": [3, 13, 6, 16], "texture": "#0"},
				"up": {"uv": [12, 13, 15, 16], "texture": "#0"}
			}
		},
		{
			"from": [8, 0, 7],
			"to": [11, 2, 10],
			"rotation": {"angle": 0, "axis": "y", "origin": [13, 6, 18]},
			"faces": {
				"north": {"uv": [0, 11, 3, 13], "texture": "#0"},
				"east": {"uv": [9, 11, 12, 13], "texture": "#0"},
				"south": {"uv": [6, 11, 9, 13], "texture": "#0"},
				"west": {"uv": [3, 11, 6, 13], "texture": "#0"},
				"up": {"uv": [12, 10, 15, 13], "texture": "#0"}
			}
		},
		{
			"from": [5, 0, 5],
			"to": [7, 2, 7],
			"faces": {
				"north": {"uv": [2, 9, 4, 11], "texture": "#0"},
				"east": {"uv": [2, 9, 4, 11], "texture": "#0"},
				"south": {"uv": [2, 9, 4, 11], "texture": "#0"},
				"west": {"uv": [2, 9, 4, 11], "texture": "#0"},
				"up": {"uv": [2, 9, 4, 11], "texture": "#0"},
				"down": {"uv": [2, 9, 4, 11], "texture": "#0"}
			}
		},
		{
			"from": [6, 1, 9],
			"to": [8, 3, 10],
			"faces": {
				"east": {"uv": [0, 9, 1, 11], "texture": "#0"},
				"south": {"uv": [0, 9, 2, 11], "texture": "#0"},
				"west": {"uv": [0, 9, 1, 11], "texture": "#0"},
				"up": {"uv": [0, 10, 2, 11], "texture": "#0"}
			}
		},
		{
			"from": [10, 2, 8],
			"to": [11, 3, 10],
			"faces": {
				"north": {"uv": [0, 9, 1, 10], "texture": "#0"},
				"east": {"uv": [0, 10, 2, 11], "texture": "#0"},
				"south": {"uv": [0, 9, 1, 10], "texture": "#0"},
				"west": {"uv": [0, 10, 2, 11], "texture": "#0"},
				"up": {"uv": [0, 9, 1, 11], "texture": "#0"}
			}
		},
		{
			"from": [10, 0, 6],
			"to": [12, 1, 8],
			"faces": {
				"north": {"uv": [4, 10, 6, 11], "texture": "#0"},
				"east": {"uv": [4, 10, 6, 11], "texture": "#0"},
				"south": {"uv": [4, 10, 6, 11], "texture": "#0"},
				"west": {"uv": [4, 10, 6, 11], "texture": "#0"},
				"up": {"uv": [4, 9, 6, 11], "texture": "#0"}
			}
		}
	],
	"display": {
		"gui": {
			"rotation": [30, 45, 0]
		},
		"fixed": {
			"rotation": [-90, 0, 0],
			"translation": [0, 0, -16],
			"scale": [2, 2, 2]
		}
	}
}