{
	"credit": "Made by 古銅/斜向(@hsmkai) with Blockbench",
	"parent": "minecraft:item/display",
	"textures": {
		"0": "item/artifact/gem_diamond",
		"particle": "item/artifact/gem_diamond"
	},
	"elements": [
		{
			"from": [6, 0, 6],
			"to": [9, 6, 9],
			"rotation": {"angle": 0, "axis": "y", "origin": [15, 8, 16]},
			"faces": {
				"north": {"uv": [0, 0, 3, 6], "texture": "#0", "cullface": "north"},
				"east": {"uv": [9, 0, 12, 6], "texture": "#0"},
				"south": {"uv": [6, 0, 9, 6], "texture": "#0"},
				"west": {"uv": [3, 0, 6, 6], "texture": "#0"},
				"up": {"uv": [0, 12, 3, 15], "texture": "#0"}
			}
		},
		{
			"from": [7.1, 0, 7],
			"to": [10.1, 4, 10],
			"rotation": {"angle": 0, "axis": "y", "origin": [16.1, 8, 17]},
			"faces": {
				"north": {"uv": [0, 6, 3, 10], "texture": "#0", "cullface": "north"},
				"east": {"uv": [9, 6, 12, 10], "texture": "#0"},
				"south": {"uv": [6, 6, 9, 10], "texture": "#0"},
				"west": {"uv": [3, 6, 6, 10], "texture": "#0"},
				"up": {"uv": [3, 12, 6, 15], "texture": "#0"}
			}
		},
		{
			"from": [5.1, 0, 8],
			"to": [8.1, 2, 11],
			"rotation": {"angle": 0, "axis": "y", "origin": [14.1, 7, 18]},
			"faces": {
				"north": {"uv": [0, 10, 3, 12], "texture": "#0"},
				"east": {"uv": [9, 10, 12, 12], "texture": "#0"},
				"south": {"uv": [6, 10, 9, 12], "texture": "#0"},
				"west": {"uv": [3, 10, 6, 12], "texture": "#0", "cullface": "west"},
				"up": {"uv": [6, 12, 9, 15], "texture": "#0"}
			}
		}
	],
	"display": {
		"gui": {
			"rotation": [30, 45, 0]
		},
		"fixed": {
			"rotation": [-90, 0, 0],
			"translation": [0, 0, -16],
			"scale": [2, 2, 2]
		}
	}
}