{
	"credit": "Made by 古銅/斜向(@hsmkai) with Blockbench",
	"parent": "minecraft:item/display",
	"textures": {
		"0": "item/artifact/vase_l",
		"particle": "item/artifact/vase_l"
	},
	"elements": [
		{
			"from": [6, 0, 6],
			"to": [10, 4, 10],
			"rotation": {"angle": 0, "axis": "y", "origin": [17, 8, 17]},
			"faces": {
				"north": {"uv": [2, 12, 6, 16], "texture": "#0"},
				"east": {"uv": [2, 12, 6, 16], "texture": "#0"},
				"south": {"uv": [2, 12, 6, 16], "texture": "#0"},
				"west": {"uv": [2, 12, 6, 16], "texture": "#0"},
				"down": {"uv": [10, 2, 14, 6], "texture": "#0"}
			}
		},
		{
			"from": [5, 4, 5],
			"to": [11, 7, 11],
			"rotation": {"angle": 0, "axis": "y", "origin": [17, 13, 17]},
			"faces": {
				"north": {"uv": [1, 9, 7, 12], "texture": "#0"},
				"east": {"uv": [1, 9, 7, 12], "texture": "#0"},
				"south": {"uv": [1, 9, 7, 12], "texture": "#0"},
				"west": {"uv": [1, 9, 7, 12], "texture": "#0"},
				"down": {"uv": [9, 1, 15, 7], "texture": "#0"}
			}
		},
		{
			"from": [4, 7, 4],
			"to": [12, 10, 12],
			"rotation": {"angle": 0, "axis": "y", "origin": [17, 15, 17]},
			"faces": {
				"north": {"uv": [0, 6, 8, 9], "texture": "#0"},
				"east": {"uv": [0, 6, 8, 9], "texture": "#0"},
				"south": {"uv": [0, 6, 8, 9], "texture": "#0"},
				"west": {"uv": [0, 6, 8, 9], "texture": "#0"},
				"up": {"uv": [8, 8, 16, 16], "texture": "#0"},
				"down": {"uv": [8, 0, 16, 8], "texture": "#0"}
			}
		},
		{
			"from": [3, 9, 10],
			"to": [4, 12, 12],
			"rotation": {"angle": 0, "axis": "y", "origin": [16, 18, 18]},
			"faces": {
				"north": {"uv": [2, 1, 3, 4], "texture": "#0"},
				"east": {"uv": [2, 1, 4, 4], "texture": "#0"},
				"south": {"uv": [3, 1, 4, 4], "texture": "#0"},
				"west": {"uv": [2, 1, 4, 4], "texture": "#0"},
				"up": {"uv": [3, 1, 4, 3], "texture": "#0"},
				"down": {"uv": [0, 0, 1, 2], "texture": "#0"}
			}
		},
		{
			"from": [3, 9, 4],
			"to": [4, 13, 6],
			"rotation": {"angle": 0, "axis": "y", "origin": [16, 18, 11]},
			"faces": {
				"north": {"uv": [0, 0, 1, 4], "texture": "#0"},
				"east": {"uv": [0, 0, 2, 4], "texture": "#0"},
				"south": {"uv": [1, 0, 2, 4], "texture": "#0"},
				"west": {"uv": [0, 0, 2, 4], "texture": "#0"},
				"up": {"uv": [0, 0, 1, 2], "texture": "#0"},
				"down": {"uv": [0, 0, 1, 2], "texture": "#0"}
			}
		},
		{
			"from": [4, 9, 12],
			"to": [6, 13, 13],
			"rotation": {"angle": 0, "axis": "y", "origin": [17, 18, 18]},
			"faces": {
				"north": {"uv": [0, 0, 2, 4], "texture": "#0"},
				"east": {"uv": [1, 0, 2, 4], "texture": "#0"},
				"south": {"uv": [0, 0, 2, 4], "texture": "#0"},
				"west": {"uv": [0, 0, 1, 4], "texture": "#0"},
				"up": {"uv": [0, 0, 2, 1], "texture": "#0"},
				"down": {"uv": [0, 0, 2, 1], "texture": "#0"}
			}
		},
		{
			"from": [4, 9, 3],
			"to": [6, 12, 4],
			"rotation": {"angle": 0, "axis": "y", "origin": [17, 18, 9]},
			"faces": {
				"north": {"uv": [2, 1, 4, 4], "texture": "#0"},
				"east": {"uv": [2, 1, 3, 4], "texture": "#0"},
				"south": {"uv": [2, 1, 4, 4], "texture": "#0"},
				"west": {"uv": [3, 1, 4, 4], "texture": "#0"},
				"up": {"uv": [2, 3, 4, 4], "texture": "#0"},
				"down": {"uv": [0, 0, 2, 1], "texture": "#0"}
			}
		},
		{
			"from": [10, 9, 12],
			"to": [12, 12, 13],
			"rotation": {"angle": 0, "axis": "y", "origin": [23, 18, 18]},
			"faces": {
				"north": {"uv": [2, 1, 4, 4], "texture": "#0"},
				"east": {"uv": [3, 1, 4, 4], "texture": "#0"},
				"south": {"uv": [2, 1, 4, 4], "texture": "#0"},
				"west": {"uv": [2, 1, 3, 4], "texture": "#0"},
				"up": {"uv": [2, 3, 4, 4], "texture": "#0"},
				"down": {"uv": [0, 0, 2, 1], "texture": "#0"}
			}
		},
		{
			"from": [10, 9, 3],
			"to": [12, 13, 4],
			"rotation": {"angle": 0, "axis": "y", "origin": [23, 18, 9]},
			"faces": {
				"north": {"uv": [0, 0, 2, 4], "texture": "#0"},
				"east": {"uv": [0, 0, 1, 4], "texture": "#0"},
				"south": {"uv": [0, 0, 2, 4], "texture": "#0"},
				"west": {"uv": [1, 0, 2, 4], "texture": "#0"},
				"up": {"uv": [0, 0, 2, 1], "texture": "#0"},
				"down": {"uv": [0, 0, 2, 1], "texture": "#0"}
			}
		},
		{
			"from": [12, 9, 10],
			"to": [13, 13, 12],
			"rotation": {"angle": 0, "axis": "y", "origin": [25, 18, 18]},
			"faces": {
				"north": {"uv": [1, 0, 2, 4], "texture": "#0"},
				"east": {"uv": [0, 0, 2, 4], "texture": "#0"},
				"south": {"uv": [0, 0, 1, 4], "texture": "#0"},
				"west": {"uv": [0, 0, 2, 4], "texture": "#0"},
				"up": {"uv": [0, 0, 1, 2], "texture": "#0"},
				"down": {"uv": [0, 0, 1, 2], "texture": "#0"}
			}
		},
		{
			"from": [12, 9, 4],
			"to": [13, 12, 6],
			"rotation": {"angle": 0, "axis": "y", "origin": [25, 18, 11]},
			"faces": {
				"north": {"uv": [3, 1, 4, 4], "texture": "#0"},
				"east": {"uv": [2, 1, 4, 4], "texture": "#0"},
				"south": {"uv": [2, 1, 3, 4], "texture": "#0"},
				"west": {"uv": [2, 1, 4, 4], "texture": "#0"},
				"up": {"uv": [3, 1, 4, 3], "texture": "#0"},
				"down": {"uv": [0, 0, 1, 2], "texture": "#0"}
			}
		}
	],
	"display": {
		"gui": {
			"rotation": [30, 45, 0]
		},
		"fixed": {
			"rotation": [-90, 0, 0],
			"translation": [0, 0, -16],
			"scale": [2, 2, 2]
		}
	}
}