{
	"credit": "Made by 古銅/斜向(@hsmkai) with Blockbench",
	"parent": "minecraft:item/display",
	"textures": {
		"1": "item/artifact/vase_m"
	},
	"elements": [
		{
			"from": [6, 0, 6],
			"to": [10, 1, 10],
			"rotation": {"angle": 0, "axis": "y", "origin": [17, 8, 17]},
			"faces": {
				"north": {"uv": [2, 15, 6, 16], "texture": "#1"},
				"east": {"uv": [2, 15, 6, 16], "texture": "#1"},
				"south": {"uv": [2, 15, 6, 16], "texture": "#1"},
				"west": {"uv": [2, 15, 6, 16], "texture": "#1"},
				"down": {"uv": [10, 2, 14, 6], "texture": "#1"}
			}
		},
		{
			"from": [5, 1, 5],
			"to": [11, 2, 11],
			"rotation": {"angle": 0, "axis": "y", "origin": [17, 9, 17]},
			"faces": {
				"north": {"uv": [1, 14, 7, 15], "texture": "#1"},
				"east": {"uv": [1, 14, 7, 15], "texture": "#1"},
				"south": {"uv": [1, 14, 7, 15], "texture": "#1"},
				"west": {"uv": [1, 14, 7, 15], "texture": "#1"},
				"down": {"uv": [9, 1, 15, 7], "texture": "#1"}
			}
		},
		{
			"from": [5, 6, 5],
			"to": [11, 7, 11],
			"rotation": {"angle": 0, "axis": "y", "origin": [17, 14, 17]},
			"faces": {
				"north": {"uv": [1, 9, 7, 10], "texture": "#1"},
				"east": {"uv": [1, 9, 7, 10], "texture": "#1"},
				"south": {"uv": [1, 9, 7, 10], "texture": "#1"},
				"west": {"uv": [1, 9, 7, 10], "texture": "#1"},
				"up": {"uv": [9, 9, 15, 15], "texture": "#1"}
			}
		},
		{
			"from": [5, 8, 5],
			"to": [11, 9, 11],
			"rotation": {"angle": 0, "axis": "y", "origin": [17, 16, 17]},
			"faces": {
				"north": {"uv": [1, 7, 7, 8], "texture": "#1"},
				"east": {"uv": [1, 7, 7, 8], "texture": "#1"},
				"south": {"uv": [1, 7, 7, 8], "texture": "#1"},
				"west": {"uv": [1, 7, 7, 8], "texture": "#1"},
				"up": {"uv": [9, 9, 15, 15], "texture": "#1"},
				"down": {"uv": [9, 1, 15, 7], "texture": "#1"}
			}
		},
		{
			"from": [6, 7, 6],
			"to": [10, 8, 10],
			"rotation": {"angle": 0, "axis": "y", "origin": [17, 15, 17]},
			"faces": {
				"north": {"uv": [2, 8, 6, 9], "texture": "#1"},
				"east": {"uv": [2, 8, 6, 9], "texture": "#1"},
				"south": {"uv": [2, 8, 6, 9], "texture": "#1"},
				"west": {"uv": [2, 8, 6, 9], "texture": "#1"}
			}
		},
		{
			"from": [4, 2, 4],
			"to": [12, 6, 12],
			"rotation": {"angle": 0, "axis": "y", "origin": [17, 11, 17]},
			"faces": {
				"north": {"uv": [0, 10, 8, 14], "texture": "#1"},
				"east": {"uv": [0, 10, 8, 14], "texture": "#1"},
				"south": {"uv": [0, 10, 8, 14], "texture": "#1"},
				"west": {"uv": [0, 10, 8, 14], "texture": "#1"},
				"up": {"uv": [8, 0, 16, 8], "texture": "#1"},
				"down": {"uv": [8, 0, 16, 8], "texture": "#1"}
			}
		}
	],
	"display": {
		"gui": {
			"rotation": [30, 45, 0]
		},
		"fixed": {
			"rotation": [-90, 0, 0],
			"translation": [0, 0, -16],
			"scale": [2, 2, 2]
		}
	}
}