{
	"credit": "Made by 古銅/斜向(@hsmkai) with Blockbench",
	"parent": "minecraft:item/display",
	"textures": {
		"0": "item/artifact/vase_s",
		"particle": "item/artifact/vase_s"
	},
	"elements": [
		{
			"from": [6, 0, 6],
			"to": [10, 1, 10],
			"rotation": {"angle": 0, "axis": "y", "origin": [17, 8, 17]},
			"faces": {
				"north": {"uv": [2, 15, 6, 16], "texture": "#0"},
				"east": {"uv": [10, 15, 14, 16], "texture": "#0"},
				"south": {"uv": [2, 15, 6, 16], "texture": "#0"},
				"west": {"uv": [10, 15, 14, 16], "texture": "#0"},
				"down": {"uv": [10, 2, 14, 6], "texture": "#0"}
			}
		},
		{
			"from": [5, 1, 5],
			"to": [11, 3, 11],
			"rotation": {"angle": 0, "axis": "y", "origin": [17, 9, 17]},
			"faces": {
				"north": {"uv": [1, 13, 7, 15], "texture": "#0"},
				"east": {"uv": [9, 13, 15, 15], "texture": "#0"},
				"south": {"uv": [1, 13, 7, 15], "texture": "#0"},
				"west": {"uv": [9, 13, 15, 15], "texture": "#0"},
				"up": {"uv": [0, 0, 6, 6], "texture": "#missing"},
				"down": {"uv": [9, 1, 15, 7], "texture": "#0"}
			}
		},
		{
			"from": [4, 3, 4],
			"to": [12, 4, 12],
			"rotation": {"angle": 0, "axis": "y", "origin": [17, 11, 17]},
			"faces": {
				"north": {"uv": [0, 12, 8, 13], "texture": "#0"},
				"east": {"uv": [8, 12, 16, 13], "texture": "#0"},
				"south": {"uv": [0, 12, 8, 13], "texture": "#0"},
				"west": {"uv": [8, 12, 16, 13], "texture": "#0"},
				"up": {"uv": [0, 0, 8, 8], "texture": "#0"},
				"down": {"uv": [8, 0, 16, 8], "texture": "#0"}
			}
		}
	],
	"display": {
		"gui": {
			"rotation": [30, 45, 0]
		},
		"fixed": {
			"rotation": [-90, 0, 0],
			"translation": [0, 0, -16],
			"scale": [2, 2, 2]
		}
	}
}