{"textures":{"0":"bioblock:posed_ender_dragon/0"},"elements":[{"from":[-1,-1,-16],"to":[17,17,32],"faces":{"north":{"texture":"#0","uv":[4,4,5.5,5.5],"rotation":0},"east":{"texture":"#0","uv":[0,4,4,5.5],"rotation":0},"south":{"texture":"#0","uv":[9.5,4,11,5.5],"rotation":0},"west":{"texture":"#0","uv":[5.5,4,9.5,5.5],"rotation":0},"up":{"texture":"#0","uv":[5.5,4,4,0],"rotation":0},"down":{"texture":"#0","uv":[7,0,5.5,4],"rotation":0}}},{"from":[17,17,32],"to":[-1,-1,-16],"faces":{"south":{"texture":"#0","uv":[4,5.5,5.5,4],"rotation":0},"west":{"texture":"#0","uv":[0,5.5,4,4],"rotation":0},"north":{"texture":"#0","uv":[9.5,5.5,11,4],"rotation":0},"east":{"texture":"#0","uv":[5.5,5.5,9.5,4],"rotation":0},"down":{"texture":"#0","uv":[4,4,5.5,0],"rotation":0},"up":{"texture":"#0","uv":[5.5,0,7,4],"rotation":0}}}],"display":{"head":{"rotation":[0,-180,0],"scale":[3.046666666666667,3.046666666666667,3.046666666666667],"translation":[0,-6.5,0]}}}