{"textures":{"0":"bioblock:posed_ender_dragon/0"},"elements":[{"from":[7,5,2],"to":[9,11,14],"faces":{"north":{"texture":"#0","uv":[14.5,4.0625,14.625,4.4375],"rotation":0},"east":{"texture":"#0","uv":[13.75,4.0625,14.5,4.4375],"rotation":0},"south":{"texture":"#0","uv":[15.375,4.0625,15.5,4.4375],"rotation":0},"west":{"texture":"#0","uv":[14.625,4.0625,15.375,4.4375],"rotation":0},"up":{"texture":"#0","uv":[14.625,4.0625,14.5,3.3125],"rotation":0},"down":{"texture":"#0","uv":[14.75,3.3125,14.625,4.0625],"rotation":0}}},{"from":[9,11,14],"to":[7,5,2],"faces":{"south":{"texture":"#0","uv":[14.5,4.4375,14.625,4.0625],"rotation":0},"west":{"texture":"#0","uv":[13.75,4.4375,14.5,4.0625],"rotation":0},"north":{"texture":"#0","uv":[15.375,4.4375,15.5,4.0625],"rotation":0},"east":{"texture":"#0","uv":[14.625,4.4375,15.375,4.0625],"rotation":0},"down":{"texture":"#0","uv":[14.5,4.0625,14.625,3.3125],"rotation":0},"up":{"texture":"#0","uv":[14.625,3.3125,14.75,4.0625],"rotation":0}}}],"display":{"head":{"rotation":[0,-180,0],"scale":[2.285,2.285,2.285],"translation":[0,-6.5,0]}}}