{"textures":{"0":"bioblock:posed_ender_dragon/0"},"elements":[{"from":[6.999999999999993,5.9999999999999964,5],"to":[9,10.000000000000004,11.000000000000007],"faces":{"north":{"texture":"#0","uv":[3.375,0.375,3.5,0.625],"rotation":0},"east":{"texture":"#0","uv":[3,0.375,3.375,0.625],"rotation":0},"south":{"texture":"#0","uv":[3.875,0.375,4,0.625],"rotation":0},"west":{"texture":"#0","uv":[3.5,0.375,3.875,0.625],"rotation":0},"up":{"texture":"#0","uv":[3.5,0.375,3.375,0],"rotation":0},"down":{"texture":"#0","uv":[3.625,0,3.5,0.375],"rotation":0}}},{"from":[9,10.000000000000004,11.000000000000007],"to":[6.999999999999993,5.9999999999999964,5],"faces":{"south":{"texture":"#0","uv":[3.375,0.625,3.5,0.375],"rotation":0},"west":{"texture":"#0","uv":[3,0.625,3.375,0.375],"rotation":0},"north":{"texture":"#0","uv":[3.875,0.625,4,0.375],"rotation":0},"east":{"texture":"#0","uv":[3.5,0.625,3.875,0.375],"rotation":0},"down":{"texture":"#0","uv":[3.375,0.375,3.5,0],"rotation":0},"up":{"texture":"#0","uv":[3.5,0,3.625,0.375],"rotation":0}}}],"display":{"head":{"rotation":[0,-180,0],"scale":[2.285,2.285,2.285],"translation":[0,-6.5,0]}}}