{"textures":{"0":"bioblock:posed_ender_dragon/0"},"elements":[{"from":[-1.4210854715202004e-14,-2.1316282072803006e-14,0],"to":[16.000000000000018,16.00000000000002,16],"faces":{"north":{"texture":"#0","uv":[8,2.875,9,3.875],"rotation":0},"east":{"texture":"#0","uv":[7,2.875,8,3.875],"rotation":0},"south":{"texture":"#0","uv":[10,2.875,11,3.875],"rotation":0},"west":{"texture":"#0","uv":[9,2.875,10,3.875],"rotation":0},"up":{"texture":"#0","uv":[9,2.875,8,1.875],"rotation":0},"down":{"texture":"#0","uv":[10,1.875,9,2.875],"rotation":0}}},{"from":[16.000000000000018,16.00000000000002,16],"to":[-1.4210854715202004e-14,-2.1316282072803006e-14,0],"faces":{"south":{"texture":"#0","uv":[8,3.875,9,2.875],"rotation":0},"west":{"texture":"#0","uv":[7,3.875,8,2.875],"rotation":0},"north":{"texture":"#0","uv":[10,3.875,11,2.875],"rotation":0},"east":{"texture":"#0","uv":[9,3.875,10,2.875],"rotation":0},"down":{"texture":"#0","uv":[8,2.875,9,1.875],"rotation":0},"up":{"texture":"#0","uv":[9,1.875,10,2.875],"rotation":0}}}],"display":{"head":{"rotation":[0,-180,0],"scale":[2.285,2.285,2.285],"translation":[0,-6.5,0]}}}