{"textures":{"0":"bioblock:posed_ender_dragon/0"},"elements":[{"from":[2.0000000000000036,5.500000000000001,-4.263256414560601e-14],"to":[13.999999999999996,10.5,16.00000000000003],"faces":{"north":{"texture":"#0","uv":[12,3.75,12.75,4.0625],"rotation":0},"east":{"texture":"#0","uv":[11,3.75,12,4.0625],"rotation":0},"south":{"texture":"#0","uv":[13.75,3.75,14.5,4.0625],"rotation":0},"west":{"texture":"#0","uv":[12.75,3.75,13.75,4.0625],"rotation":0},"up":{"texture":"#0","uv":[12.75,3.75,12,2.75],"rotation":0},"down":{"texture":"#0","uv":[13.5,2.75,12.75,3.75],"rotation":0}}},{"from":[13.999999999999996,10.5,16.00000000000003],"to":[2.0000000000000036,5.500000000000001,-4.263256414560601e-14],"faces":{"south":{"texture":"#0","uv":[12,4.0625,12.75,3.75],"rotation":0},"west":{"texture":"#0","uv":[11,4.0625,12,3.75],"rotation":0},"north":{"texture":"#0","uv":[13.75,4.0625,14.5,3.75],"rotation":0},"east":{"texture":"#0","uv":[12.75,4.0625,13.75,3.75],"rotation":0},"down":{"texture":"#0","uv":[12,3.75,12.75,2.75],"rotation":0},"up":{"texture":"#0","uv":[12.75,2.75,13.5,3.75],"rotation":0}}}],"display":{"head":{"rotation":[0,-180,0],"scale":[2.285,2.285,2.285],"translation":[0,-6.5,0]}}}