{"textures":{"0":"bioblock:posed_ender_dragon/0"},"elements":[{"from":[2.0000000000000036,6,-1.4210854715202004e-14],"to":[13.999999999999996,10,16.000000000000014],"faces":{"north":{"texture":"#0","uv":[12,5.0625,12.75,5.3125],"rotation":0},"east":{"texture":"#0","uv":[11,5.0625,12,5.3125],"rotation":0},"south":{"texture":"#0","uv":[13.75,5.0625,14.5,5.3125],"rotation":0},"west":{"texture":"#0","uv":[12.75,5.0625,13.75,5.3125],"rotation":0},"up":{"texture":"#0","uv":[12.75,5.0625,12,4.0625],"rotation":0},"down":{"texture":"#0","uv":[13.5,4.0625,12.75,5.0625],"rotation":0}}},{"from":[13.999999999999996,10,16.000000000000014],"to":[2.0000000000000036,6,-1.4210854715202004e-14],"faces":{"south":{"texture":"#0","uv":[12,5.3125,12.75,5.0625],"rotation":0},"west":{"texture":"#0","uv":[11,5.3125,12,5.0625],"rotation":0},"north":{"texture":"#0","uv":[13.75,5.3125,14.5,5.0625],"rotation":0},"east":{"texture":"#0","uv":[12.75,5.3125,13.75,5.0625],"rotation":0},"down":{"texture":"#0","uv":[12,5.0625,12.75,4.0625],"rotation":0},"up":{"texture":"#0","uv":[12.75,4.0625,13.5,5.0625],"rotation":0}}}],"display":{"head":{"rotation":[0,-180,0],"scale":[2.285,2.285,2.285],"translation":[0,-6.5,0]}}}