{"textures":{"0":"bioblock:posed_ender_dragon/0"},"elements":[{"from":[7,5.999999999999995,5],"to":[9,10.000000000000005,11],"faces":{"north":{"texture":"#0","uv":[0.375,0.375,0.5,0.625],"rotation":0},"east":{"texture":"#0","uv":[0,0.375,0.375,0.625],"rotation":0},"south":{"texture":"#0","uv":[0.875,0.375,1,0.625],"rotation":0},"west":{"texture":"#0","uv":[0.5,0.375,0.875,0.625],"rotation":0},"up":{"texture":"#0","uv":[0.5,0.375,0.375,0],"rotation":0},"down":{"texture":"#0","uv":[0.625,0,0.5,0.375],"rotation":0}}},{"from":[9,10.000000000000005,11],"to":[7,5.999999999999995,5],"faces":{"south":{"texture":"#0","uv":[0.375,0.625,0.5,0.375],"rotation":0},"west":{"texture":"#0","uv":[0,0.625,0.375,0.375],"rotation":0},"north":{"texture":"#0","uv":[0.875,0.625,1,0.375],"rotation":0},"east":{"texture":"#0","uv":[0.5,0.625,0.875,0.375],"rotation":0},"down":{"texture":"#0","uv":[0.375,0.375,0.5,0],"rotation":0},"up":{"texture":"#0","uv":[0.5,0,0.625,0.375],"rotation":0}}}],"display":{"head":{"rotation":[0,-180,0],"scale":[2.285,2.285,2.285],"translation":[0,-6.5,0]}}}