{"textures":{"0":"bioblock:posed_ender_dragon/0"},"elements":[{"from":[4.000000000000014,6,2.842170943040401e-14],"to":[11.999999999999986,10,15.999999999999986],"faces":{"north":{"texture":"#0","uv":[10,7.5,10.5,7.75],"rotation":0},"east":{"texture":"#0","uv":[9,7.5,10,7.75],"rotation":0},"south":{"texture":"#0","uv":[11.5,7.5,12,7.75],"rotation":0},"west":{"texture":"#0","uv":[10.5,7.5,11.5,7.75],"rotation":0},"up":{"texture":"#0","uv":[10.5,7.5,10,6.5],"rotation":0},"down":{"texture":"#0","uv":[11,6.5,10.5,7.5],"rotation":0}}},{"from":[11.999999999999986,10,15.999999999999986],"to":[4.000000000000014,6,2.842170943040401e-14],"faces":{"south":{"texture":"#0","uv":[10,7.75,10.5,7.5],"rotation":0},"west":{"texture":"#0","uv":[9,7.75,10,7.5],"rotation":0},"north":{"texture":"#0","uv":[11.5,7.75,12,7.5],"rotation":0},"east":{"texture":"#0","uv":[10.5,7.75,11.5,7.5],"rotation":0},"down":{"texture":"#0","uv":[10,7.5,10.5,6.5],"rotation":0},"up":{"texture":"#0","uv":[10.5,6.5,11,7.5],"rotation":0}}}],"display":{"head":{"rotation":[0,-180,0],"scale":[2.285,2.285,2.285],"translation":[0,-6.5,0]}}}