{"textures":{"0":"bioblock:posed_ender_dragon/0"},"elements":[{"from":[5.000000000000002,-4.0000000000000036,4.999999999999993],"to":[11,20,11],"faces":{"north":{"texture":"#0","uv":[14.5,9,14.875,10.5],"rotation":0},"east":{"texture":"#0","uv":[14.125,9,14.5,10.5],"rotation":0},"south":{"texture":"#0","uv":[15.25,9,15.625,10.5],"rotation":0},"west":{"texture":"#0","uv":[14.875,9,15.25,10.5],"rotation":0},"up":{"texture":"#0","uv":[14.875,9,14.5,8.625],"rotation":0},"down":{"texture":"#0","uv":[15.25,8.625,14.875,9],"rotation":0}}},{"from":[11,20,11],"to":[5.000000000000002,-4.0000000000000036,4.999999999999993],"faces":{"south":{"texture":"#0","uv":[14.5,10.5,14.875,9],"rotation":0},"west":{"texture":"#0","uv":[14.125,10.5,14.5,9],"rotation":0},"north":{"texture":"#0","uv":[15.25,10.5,15.625,9],"rotation":0},"east":{"texture":"#0","uv":[14.875,10.5,15.25,9],"rotation":0},"down":{"texture":"#0","uv":[14.5,9,14.875,8.625],"rotation":0},"up":{"texture":"#0","uv":[14.875,8.625,15.25,9],"rotation":0}}}],"display":{"head":{"rotation":[0,-180,0],"scale":[2.285,2.285,2.285],"translation":[0,-6.5,0]}}}