{"textures":{"0":"bioblock:posed_ender_dragon/0"},"elements":[{"from":[-15.999999999999893,8,-16],"to":[31.99999999999989,8,32],"faces":{"north":{"texture":"#0","uv":[3.5,9,0,9],"rotation":0},"east":{"texture":"#0","uv":[7,9,3.5,9],"rotation":0},"south":{"texture":"#0","uv":[10.5,9,7,9],"rotation":0},"west":{"texture":"#0","uv":[0,9,-3.5,9],"rotation":0},"up":{"texture":"#0","uv":[0,9,3.5,5.5],"rotation":0},"down":{"texture":"#0","uv":[3.5,5.5,7,9],"rotation":0}}},{"from":[31.99999999999989,8,32],"to":[-15.999999999999893,8,-16],"faces":{"south":{"texture":"#0","uv":[3.5,9,0,9],"rotation":0},"west":{"texture":"#0","uv":[7,9,3.5,9],"rotation":0},"north":{"texture":"#0","uv":[10.5,9,7,9],"rotation":0},"east":{"texture":"#0","uv":[0,9,-3.5,9],"rotation":0},"down":{"texture":"#0","uv":[3.5,9,0,5.5],"rotation":0},"up":{"texture":"#0","uv":[7,5.5,3.5,9],"rotation":0}}}],"display":{"head":{"rotation":[0,-180,0],"scale":[2.665833333333337,2.665833333333337,2.665833333333337],"translation":[0,-6.5,0]}}}