{"textures":{"0":"bioblock:posed_ender_dragon/0"},"elements":[{"from":[-16.000000000000004,4.571428571428559,4.571428571428552],"to":[31.999999999999996,11.428571428571441,11.428571428571452],"faces":{"north":{"texture":"#0","uv":[7.5,6,11,6.5],"rotation":0},"east":{"texture":"#0","uv":[7,6,7.5,6.5],"rotation":0},"south":{"texture":"#0","uv":[11.5,6,15,6.5],"rotation":0},"west":{"texture":"#0","uv":[11,6,11.5,6.5],"rotation":0},"up":{"texture":"#0","uv":[11,6,7.5,5.5],"rotation":0},"down":{"texture":"#0","uv":[14.5,5.5,11,6],"rotation":0}}},{"from":[31.999999999999996,11.428571428571441,11.428571428571452],"to":[-16.000000000000004,4.571428571428559,4.571428571428552],"faces":{"south":{"texture":"#0","uv":[7.5,6.5,11,6],"rotation":0},"west":{"texture":"#0","uv":[7,6.5,7.5,6],"rotation":0},"north":{"texture":"#0","uv":[11.5,6.5,15,6],"rotation":0},"east":{"texture":"#0","uv":[11,6.5,11.5,6],"rotation":0},"down":{"texture":"#0","uv":[7.5,6,11,5.5],"rotation":0},"up":{"texture":"#0","uv":[11,5.5,14.5,6],"rotation":0}}}],"display":{"head":{"rotation":[0,-180,0],"scale":[2.665833333333325,2.665833333333325,2.665833333333325],"translation":[0,-6.5,0]}}}