{"textures":{"0":"bioblock:posed_ender_dragon/0"},"elements":[{"from":[-16.000000000000007,6.28571428571429,6.2857142857142785],"to":[31.999999999999993,9.71428571428571,9.714285714285722],"faces":{"north":{"texture":"#0","uv":[7.25,8.75,10.75,9],"rotation":0},"east":{"texture":"#0","uv":[7,8.75,7.25,9],"rotation":0},"south":{"texture":"#0","uv":[11,8.75,14.5,9],"rotation":0},"west":{"texture":"#0","uv":[10.75,8.75,11,9],"rotation":0},"up":{"texture":"#0","uv":[10.75,8.75,7.25,8.5],"rotation":0},"down":{"texture":"#0","uv":[14.25,8.5,10.75,8.75],"rotation":0}}},{"from":[31.999999999999993,9.71428571428571,9.714285714285722],"to":[-16.000000000000007,6.28571428571429,6.2857142857142785],"faces":{"south":{"texture":"#0","uv":[7.25,9,10.75,8.75],"rotation":0},"west":{"texture":"#0","uv":[7,9,7.25,8.75],"rotation":0},"north":{"texture":"#0","uv":[11,9,14.5,8.75],"rotation":0},"east":{"texture":"#0","uv":[10.75,9,11,8.75],"rotation":0},"down":{"texture":"#0","uv":[7.25,8.75,10.75,8.5],"rotation":0},"up":{"texture":"#0","uv":[10.75,8.5,14.25,8.75],"rotation":0}}}],"display":{"head":{"rotation":[0,-180,0],"scale":[2.6658333333333406,2.6658333333333406,2.6658333333333406],"translation":[0,-6.5,0]}}}