{"textures":{"0":"bioblock:posed_ender_dragon/0"},"elements":[{"from":[-14.400000000000006,7.999999999999999,-12.800000000000008],"to":[30.400000000000006,7.999999999999999,32],"faces":{"north":{"uv":[0,9,3.5,9],"texture":"#0","rotation":0},"east":{"uv":[-3.5,9,0,9],"texture":"#0","rotation":0},"south":{"uv":[7,9,10.5,9],"texture":"#0","rotation":0},"west":{"uv":[3.5,9,7,9],"texture":"#0","rotation":0},"up":{"uv":[3.5,9,0,5.5],"texture":"#0","rotation":0},"down":{"uv":[7,5.5,3.5,9],"texture":"#0","rotation":0}}},{"from":[30.400000000000006,7.999999999999999,32],"to":[-14.400000000000006,7.999999999999999,-12.800000000000008],"faces":{"south":{"uv":[0,9,3.5,9],"texture":"#0","rotation":0},"west":{"uv":[-3.5,9,0,9],"texture":"#0","rotation":0},"north":{"uv":[7,9,10.5,9],"texture":"#0","rotation":0},"east":{"uv":[3.5,9,7,9],"texture":"#0","rotation":0},"down":{"uv":[0,9,3.5,5.5],"texture":"#0","rotation":0},"up":{"uv":[3.5,5.5,7,9],"texture":"#0","rotation":0}}},{"from":[-14.400000000000006,4.800000000000004,-16],"to":[30.400000000000006,11.199999999999996,-9.600000000000005],"faces":{"north":{"uv":[11,6,7.5,6.5],"texture":"#0","rotation":0},"east":{"uv":[11.5,6,11,6.5],"texture":"#0","rotation":0},"south":{"uv":[15,6,11.5,6.5],"texture":"#0","rotation":0},"west":{"uv":[7.5,6,7,6.5],"texture":"#0","rotation":0},"up":{"uv":[7.5,6,11,5.5],"texture":"#0","rotation":0},"down":{"uv":[11,5.5,14.5,6],"texture":"#0","rotation":0}}},{"from":[30.400000000000006,11.199999999999996,-9.600000000000005],"to":[-14.400000000000006,4.800000000000004,-16],"faces":{"south":{"uv":[11,6.5,7.5,6],"texture":"#0","rotation":0},"west":{"uv":[11.5,6.5,11,6],"texture":"#0","rotation":0},"north":{"uv":[15,6.5,11.5,6],"texture":"#0","rotation":0},"east":{"uv":[7.5,6.5,7,6],"texture":"#0","rotation":0},"down":{"uv":[11,6,7.5,5.5],"texture":"#0","rotation":0},"up":{"uv":[14.5,5.5,11,6],"texture":"#0","rotation":0}}}],"display":{"head":{"rotation":[0,-180,0],"scale":[2.85625,2.85625,2.85625],"translation":[0,-6.5,0]}}}