{"textures":{"0":"bioblock:posed_ender_dragon/0"},"elements":[{"from":[-15.999999999999986,8,-16],"to":[32,8,31.999999999999996],"faces":{"north":{"texture":"#0","uv":[0,12.5,3.5,12.5],"rotation":0},"east":{"texture":"#0","uv":[-3.5,12.5,0,12.5],"rotation":0},"south":{"texture":"#0","uv":[7,12.5,10.5,12.5],"rotation":0},"west":{"texture":"#0","uv":[3.5,12.5,7,12.5],"rotation":0},"up":{"texture":"#0","uv":[3.5,12.5,0,9],"rotation":0},"down":{"texture":"#0","uv":[7,9,3.5,12.5],"rotation":0}}},{"from":[32,8,31.999999999999996],"to":[-15.999999999999986,8,-16],"faces":{"south":{"texture":"#0","uv":[0,12.5,3.5,12.5],"rotation":0},"west":{"texture":"#0","uv":[-3.5,12.5,0,12.5],"rotation":0},"north":{"texture":"#0","uv":[7,12.5,10.5,12.5],"rotation":0},"east":{"texture":"#0","uv":[3.5,12.5,7,12.5],"rotation":0},"down":{"texture":"#0","uv":[0,12.5,3.5,9],"rotation":0},"up":{"texture":"#0","uv":[3.5,9,7,12.5],"rotation":0}}}],"display":{"head":{"rotation":[0,-180,0],"scale":[2.6658333333333335,2.6658333333333335,2.6658333333333335],"translation":[0,-6.5,0]}}}