{"textures":{"0":"bioblock:posed_ender_dragon/0"},"elements":[{"from":[-15.999999999999996,6.285714285714286,6.285714285714285],"to":[32.00000000000001,9.714285714285714,9.714285714285715],"faces":{"north":{"texture":"#0","uv":[10.75,8.75,7.25,9],"rotation":0},"east":{"texture":"#0","uv":[11,8.75,10.75,9],"rotation":0},"south":{"texture":"#0","uv":[14.5,8.75,11,9],"rotation":0},"west":{"texture":"#0","uv":[7.25,8.75,7,9],"rotation":0},"up":{"texture":"#0","uv":[7.25,8.75,10.75,8.5],"rotation":0},"down":{"texture":"#0","uv":[10.75,8.5,14.25,8.75],"rotation":0}}},{"from":[32.00000000000001,9.714285714285714,9.714285714285715],"to":[-15.999999999999996,6.285714285714286,6.285714285714285],"faces":{"south":{"texture":"#0","uv":[10.75,9,7.25,8.75],"rotation":0},"west":{"texture":"#0","uv":[11,9,10.75,8.75],"rotation":0},"north":{"texture":"#0","uv":[14.5,9,11,8.75],"rotation":0},"east":{"texture":"#0","uv":[7.25,9,7,8.75],"rotation":0},"down":{"texture":"#0","uv":[10.75,8.75,7.25,8.5],"rotation":0},"up":{"texture":"#0","uv":[14.25,8.5,10.75,8.75],"rotation":0}}}],"display":{"head":{"rotation":[0,-180,0],"scale":[2.6658333333333326,2.6658333333333326,2.6658333333333326],"translation":[0,-6.5,0]}}}