{"textures":{"0":"bioblock:posed_ender_dragon/0"},"elements":[{"from":[0,-8.000000000000021,8.881784197001252e-16],"to":[16,24.000000000000018,16],"faces":{"north":{"texture":"#0","uv":[1,1,2,3],"rotation":0},"east":{"texture":"#0","uv":[0,1,1,3],"rotation":0},"south":{"texture":"#0","uv":[3,1,4,3],"rotation":0},"west":{"texture":"#0","uv":[2,1,3,3],"rotation":0},"up":{"texture":"#0","uv":[2,1,1,0],"rotation":0},"down":{"texture":"#0","uv":[3,0,2,1],"rotation":0}}},{"from":[16,24.000000000000018,16],"to":[0,-8.000000000000021,8.881784197001252e-16],"faces":{"south":{"texture":"#0","uv":[1,3,2,1],"rotation":0},"west":{"texture":"#0","uv":[0,3,1,1],"rotation":0},"north":{"texture":"#0","uv":[3,3,4,1],"rotation":0},"east":{"texture":"#0","uv":[2,3,3,1],"rotation":0},"down":{"texture":"#0","uv":[1,1,2,0],"rotation":0},"up":{"texture":"#0","uv":[2,0,3,1],"rotation":0}}}],"display":{"head":{"rotation":[0,-180,0],"scale":[2.285,2.285,2.285],"translation":[0,-6.5,0]}}}