{"textures":{"0":"bioblock:posed_ender_dragon/0"},"elements":[{"from":[-1,5,-3.9999999999999964],"to":[17,10.999999999999996,19.999999999999993],"faces":{"north":{"texture":"#0","uv":[8.5,1.5,9.625,1.875],"rotation":0},"east":{"texture":"#0","uv":[7,1.5,8.5,1.875],"rotation":0},"south":{"texture":"#0","uv":[11.125,1.5,12.25,1.875],"rotation":0},"west":{"texture":"#0","uv":[9.625,1.5,11.125,1.875],"rotation":0},"up":{"texture":"#0","uv":[9.625,1.5,8.5,0],"rotation":0},"down":{"texture":"#0","uv":[10.75,0,9.625,1.5],"rotation":0}}},{"from":[17,10.999999999999996,19.999999999999993],"to":[-1,5,-3.9999999999999964],"faces":{"south":{"texture":"#0","uv":[8.5,1.875,9.625,1.5],"rotation":0},"west":{"texture":"#0","uv":[7,1.875,8.5,1.5],"rotation":0},"north":{"texture":"#0","uv":[11.125,1.875,12.25,1.5],"rotation":0},"east":{"texture":"#0","uv":[9.625,1.875,11.125,1.5],"rotation":0},"down":{"texture":"#0","uv":[8.5,1.5,9.625,0],"rotation":0},"up":{"texture":"#0","uv":[9.625,0,10.75,1.5],"rotation":0}}}],"display":{"head":{"rotation":[0,-180,0],"scale":[2.285,2.285,2.285],"translation":[0,-6.5,0]}}}