{"textures":{"0":"bioblock:posed_ender_dragon/0"},"elements":[{"from":[2.000000000000014,-8.000000000000007,2.000000000000007],"to":[13.999999999999982,24.000000000000007,14],"faces":{"north":{"texture":"#0","uv":[13,0.75,13.75,2.75],"rotation":0},"east":{"texture":"#0","uv":[12.25,0.75,13,2.75],"rotation":0},"south":{"texture":"#0","uv":[14.5,0.75,15.25,2.75],"rotation":0},"west":{"texture":"#0","uv":[13.75,0.75,14.5,2.75],"rotation":0},"up":{"texture":"#0","uv":[13.75,0.75,13,0],"rotation":0},"down":{"texture":"#0","uv":[14.5,0,13.75,0.75],"rotation":0}}},{"from":[13.999999999999982,24.000000000000007,14],"to":[2.000000000000014,-8.000000000000007,2.000000000000007],"faces":{"south":{"texture":"#0","uv":[13,2.75,13.75,0.75],"rotation":0},"west":{"texture":"#0","uv":[12.25,2.75,13,0.75],"rotation":0},"north":{"texture":"#0","uv":[14.5,2.75,15.25,0.75],"rotation":0},"east":{"texture":"#0","uv":[13.75,2.75,14.5,0.75],"rotation":0},"down":{"texture":"#0","uv":[13,0.75,13.75,0],"rotation":0},"up":{"texture":"#0","uv":[13.75,0,14.5,0.75],"rotation":0}}}],"display":{"head":{"rotation":[0,-180,0],"scale":[2.285,2.285,2.285],"translation":[0,-6.5,0]}}}