{"textures":{"0":"bioblock:posed_ender_dragon/0"},"elements":[{"from":[4,-4,4],"to":[12,20,12],"faces":{"north":{"texture":"#0","uv":[7.5,7,8,8.5],"rotation":0},"east":{"texture":"#0","uv":[7,7,7.5,8.5],"rotation":0},"south":{"texture":"#0","uv":[8.5,7,9,8.5],"rotation":0},"west":{"texture":"#0","uv":[8,7,8.5,8.5],"rotation":0},"up":{"texture":"#0","uv":[8,7,7.5,6.5],"rotation":0},"down":{"texture":"#0","uv":[8.5,6.5,8,7],"rotation":0}}},{"from":[12,20,12],"to":[4,-4,4],"faces":{"south":{"texture":"#0","uv":[7.5,8.5,8,7],"rotation":0},"west":{"texture":"#0","uv":[7,8.5,7.5,7],"rotation":0},"north":{"texture":"#0","uv":[8.5,8.5,9,7],"rotation":0},"east":{"texture":"#0","uv":[8,8.5,8.5,7],"rotation":0},"down":{"texture":"#0","uv":[7.5,7,8,6.5],"rotation":0},"up":{"texture":"#0","uv":[8,6.5,8.5,7],"rotation":0}}}],"display":{"head":{"rotation":[0,-180,0],"scale":[2.285,2.285,2.285],"translation":[0,-6.5,0]}}}