{"textures":{"0":"bioblock:posed_ender_dragon/0"},"elements":[{"from":[3.0000000000000036,1,3.0000000000000284],"to":[12.999999999999996,11.000000000000004,12.999999999999972],"faces":{"north":{"uv":[12.625,7.125,13.25,7.75],"texture":"#0","rotation":0},"east":{"uv":[12,7.125,12.625,7.75],"texture":"#0","rotation":0},"south":{"uv":[13.875,7.125,14.5,7.75],"texture":"#0","rotation":0},"west":{"uv":[13.25,7.125,13.875,7.75],"texture":"#0","rotation":0},"up":{"uv":[13.25,7.125,12.625,6.5],"texture":"#0","rotation":0},"down":{"uv":[13.875,6.5,13.25,7.125],"texture":"#0","rotation":0}}},{"from":[12.999999999999996,11.000000000000004,12.999999999999972],"to":[3.0000000000000036,1,3.0000000000000284],"faces":{"south":{"uv":[12.625,7.75,13.25,7.125],"texture":"#0","rotation":0},"west":{"uv":[12,7.75,12.625,7.125],"texture":"#0","rotation":0},"north":{"uv":[13.875,7.75,14.5,7.125],"texture":"#0","rotation":0},"east":{"uv":[13.25,7.75,13.875,7.125],"texture":"#0","rotation":0},"down":{"uv":[12.625,7.125,13.25,6.5],"texture":"#0","rotation":0},"up":{"uv":[13.25,6.5,13.875,7.125],"texture":"#0","rotation":0}}},{"from":[7.000000000000005,11.000000000000004,4.999999999999972],"to":[9.000000000000005,15.000000000000004,10.999999999999972],"faces":{"north":{"uv":[3.375,0.375,3.5,0.625],"texture":"#0","rotation":0},"east":{"uv":[3,0.375,3.375,0.625],"texture":"#0","rotation":0},"south":{"uv":[3.875,0.375,4,0.625],"texture":"#0","rotation":0},"west":{"uv":[3.5,0.375,3.875,0.625],"texture":"#0","rotation":0},"up":{"uv":[3.5,0.375,3.375,0],"texture":"#0","rotation":0},"down":{"uv":[3.625,0,3.5,0.375],"texture":"#0","rotation":0}}},{"from":[9.000000000000005,15.000000000000004,10.999999999999972],"to":[7.000000000000005,11.000000000000004,4.999999999999972],"faces":{"south":{"uv":[3.375,0.625,3.5,0.375],"texture":"#0","rotation":0},"west":{"uv":[3,0.625,3.375,0.375],"texture":"#0","rotation":0},"north":{"uv":[3.875,0.625,4,0.375],"texture":"#0","rotation":0},"east":{"uv":[3.5,0.625,3.875,0.375],"texture":"#0","rotation":0},"down":{"uv":[3.375,0.375,3.5,0],"texture":"#0","rotation":0},"up":{"uv":[3.5,0,3.625,0.375],"texture":"#0","rotation":0}}}],"display":{"head":{"rotation":[0,-180,0],"scale":[2.285,2.285,2.285],"translation":[0,-6.5,0]}}}