{"textures":{"0":"bioblock:posed_ender_dragon/0"},"elements":[{"from":[3.000000000000001,2.9999999999999973,3],"to":[13,13.000000000000004,13],"faces":{"north":{"texture":"#0","uv":[12.625,7.125,13.25,7.75],"rotation":0},"east":{"texture":"#0","uv":[12,7.125,12.625,7.75],"rotation":0},"south":{"texture":"#0","uv":[13.875,7.125,14.5,7.75],"rotation":0},"west":{"texture":"#0","uv":[13.25,7.125,13.875,7.75],"rotation":0},"up":{"texture":"#0","uv":[13.25,7.125,12.625,6.5],"rotation":0},"down":{"texture":"#0","uv":[13.875,6.5,13.25,7.125],"rotation":0}}},{"from":[13,13.000000000000004,13],"to":[3.000000000000001,2.9999999999999973,3],"faces":{"south":{"texture":"#0","uv":[12.625,7.75,13.25,7.125],"rotation":0},"west":{"texture":"#0","uv":[12,7.75,12.625,7.125],"rotation":0},"north":{"texture":"#0","uv":[13.875,7.75,14.5,7.125],"rotation":0},"east":{"texture":"#0","uv":[13.25,7.75,13.875,7.125],"rotation":0},"down":{"texture":"#0","uv":[12.625,7.125,13.25,6.5],"rotation":0},"up":{"texture":"#0","uv":[13.25,6.5,13.875,7.125],"rotation":0}}}],"display":{"head":{"rotation":[0,-180,0],"scale":[2.285,2.285,2.285],"translation":[0,-6.5,0]}}}