{
	"credit": "Made by 古銅/斜向(@hsmkai) with Blockbench",
	"parent": "minecraft:item/display",
	"textures": {
		"0": "item/living/orca",
		"particle": "item/living/orca"
	},
	"elements": [
		{
			"from": [3.75, 17, -2],
			"to": [12.25, 25, 3],
			"shade": false,
			"rotation": {"angle": 0, "axis": "y", "origin": [15, 26, 3]},
			"faces": {
				"north": {"uv": [0, 8.75, 2, 10.75], "texture": "#0"},
				"east": {"uv": [3, 2, 1.75, 4], "texture": "#0"},
				"west": {"uv": [1.75, 2, 3, 4], "texture": "#0"},
				"up": {"uv": [1.75, 0, 3, 2], "rotation": 90, "texture": "#0"},
				"down": {"uv": [1.75, 4, 3, 6], "rotation": 90, "texture": "#0"}
			}
		},
		{
			"from": [4.5, 17, -6],
			"to": [11.5, 24, -2],
			"shade": false,
			"rotation": {"angle": 0, "axis": "y", "origin": [15, 26, 0]},
			"faces": {
				"north": {"uv": [0.125, 9, 1.875, 10.75], "texture": "#0"},
				"east": {"uv": [1.75, 2, 1, 4], "texture": "#0"},
				"west": {"uv": [1, 2, 1.75, 4], "texture": "#0"},
				"up": {"uv": [1, 0, 1.625, 2], "rotation": 90, "texture": "#0"},
				"down": {"uv": [1, 4, 1.75, 6], "rotation": 90, "texture": "#0"}
			}
		},
		{
			"from": [13, 17, 2],
			"to": [20, 18, 9],
			"shade": false,
			"rotation": {"angle": -22.5, "axis": "z", "origin": [13, 18, 2]},
			"faces": {
				"north": {"uv": [12.5, 11.75, 12.75, 10], "rotation": 270, "texture": "#0"},
				"east": {"uv": [14.5, 11.75, 12.75, 12], "texture": "#0"},
				"south": {"uv": [14.5, 11.75, 14.75, 10], "rotation": 90, "texture": "#0"},
				"up": {"uv": [12.75, 11.75, 14.5, 10], "rotation": 90, "texture": "#0"},
				"down": {"uv": [14.5, 12, 12.75, 13.75], "rotation": 90, "texture": "#0"}
			}
		},
		{
			"from": [-4, 17, 2],
			"to": [3, 18, 9],
			"shade": false,
			"rotation": {"angle": 22.5, "axis": "z", "origin": [3, 18, 2]},
			"faces": {
				"north": {"uv": [12.5, 11.75, 12.75, 10], "rotation": 90, "texture": "#0"},
				"south": {"uv": [14.5, 11.75, 14.75, 10], "rotation": 270, "texture": "#0"},
				"west": {"uv": [12.75, 11.75, 14.5, 12], "texture": "#0"},
				"up": {"uv": [12.75, 10, 14.5, 11.75], "rotation": 90, "texture": "#0"},
				"down": {"uv": [14.5, 13.75, 12.75, 12], "rotation": 90, "texture": "#0"}
			}
		},
		{
			"from": [7.5, 18, 13],
			"to": [8.5, 23, 22],
			"shade": false,
			"rotation": {"angle": 0, "axis": "y", "origin": [14.5, 26, 22]},
			"faces": {
				"east": {"uv": [14.75, 8, 12.5, 9.25], "texture": "#0"},
				"south": {"uv": [12.25, 8, 12.5, 9.25], "texture": "#0"},
				"west": {"uv": [12.5, 8, 14.75, 9.25], "texture": "#0"},
				"up": {"uv": [12.5, 7.75, 14.75, 8], "rotation": 90, "texture": "#0"},
				"down": {"uv": [14.75, 9.25, 12.5, 9.5], "rotation": 90, "texture": "#0"}
			}
		},
		{
			"from": [2, 16, 11],
			"to": [14, 27, 17],
			"shade": false,
			"rotation": {"angle": 22.5, "axis": "x", "origin": [8, 27, 3]},
			"faces": {
				"north": {"uv": [0, 13.25, 3, 16], "texture": "#0"},
				"east": {"uv": [6.5, 3, 5, 5.75], "texture": "#0"},
				"south": {"uv": [3, 13.25, 6, 16], "texture": "#0"},
				"west": {"uv": [5, 3, 6.5, 5.75], "texture": "#0"},
				"up": {"uv": [5, 0, 6.5, 3], "rotation": 90, "texture": "#0"},
				"down": {"uv": [6.5, 6, 5, 8.75], "rotation": 90, "texture": "#0"}
			}
		},
		{
			"from": [2.5, 16, 8],
			"to": [13.5, 26.25, 11],
			"shade": false,
			"rotation": {"angle": 22.5, "axis": "x", "origin": [8, 27, 3]},
			"faces": {
				"north": {"uv": [0, 13.25, 3, 16], "texture": "#0"},
				"east": {"uv": [5, 3, 4.25, 5.75], "texture": "#0"},
				"west": {"uv": [4.25, 3, 5, 5.75], "texture": "#0"},
				"up": {"uv": [4.25, 0, 5, 3], "rotation": 90, "texture": "#0"},
				"down": {"uv": [5, 6, 4.25, 8.75], "rotation": 90, "texture": "#0"}
			}
		},
		{
			"from": [3, 16, 3],
			"to": [13, 25.5, 8],
			"shade": false,
			"rotation": {"angle": 22.5, "axis": "x", "origin": [8, 27, 3]},
			"faces": {
				"north": {"uv": [0, 10.75, 2.5, 13.25], "texture": "#0"},
				"east": {"uv": [4.25, 2.5, 3, 5], "texture": "#0"},
				"west": {"uv": [3, 2.5, 4.25, 5], "texture": "#0"},
				"up": {"uv": [3, 0, 4.25, 2.5], "rotation": 90, "texture": "#0"},
				"down": {"uv": [4.25, 5.25, 3, 7.5], "rotation": 90, "texture": "#0"}
			}
		},
		{
			"from": [3, 11.64243, 16.03431],
			"to": [13, 21.64243, 23.03431],
			"shade": false,
			"rotation": {"angle": 45, "axis": "x", "origin": [8, 21.64243, 16.03431]},
			"faces": {
				"east": {"uv": [8.25, 2.5, 6.5, 5], "texture": "#0"},
				"south": {"uv": [2.5, 10.75, 5, 13.25], "texture": "#0"},
				"west": {"uv": [6.5, 2.5, 8.25, 5], "texture": "#0"},
				"up": {"uv": [6.5, 0, 8.25, 2.5], "rotation": 90, "texture": "#0"},
				"down": {"uv": [8.25, 5, 6.5, 7.5], "rotation": 90, "texture": "#0"}
			}
		},
		{
			"from": [4, 12.64243, 22.93431],
			"to": [12, 20.64243, 29.93431],
			"shade": false,
			"rotation": {"angle": 45, "axis": "x", "origin": [8, 21.64243, 15.93431]},
			"faces": {
				"east": {"uv": [10, 2, 8.25, 4], "texture": "#0"},
				"south": {"uv": [2, 8.75, 4, 10.75], "texture": "#0"},
				"west": {"uv": [8.25, 2, 10, 4], "texture": "#0"},
				"up": {"uv": [8.25, 0, 10, 2], "rotation": 90, "texture": "#0"},
				"down": {"uv": [10, 4, 8.25, 6], "rotation": 90, "texture": "#0"}
			}
		},
		{
			"from": [6, 1.03583, 20.1267],
			"to": [10, 11.03583, 24.1267],
			"shade": false,
			"rotation": {"angle": -22.5, "axis": "x", "origin": [8, 11.03583, 25.1267]},
			"faces": {
				"north": {"uv": [12.5, 2, 10, 3], "rotation": 270, "texture": "#0"},
				"east": {"uv": [12.5, 1, 10, 2], "rotation": 270, "texture": "#0"},
				"south": {"uv": [10, 0, 12.5, 1], "rotation": 90, "texture": "#0"},
				"west": {"uv": [10, 1, 12.5, 2], "rotation": 90, "texture": "#0"},
				"down": {"uv": [1.5, 7.75, 2.5, 8.75], "texture": "#0"}
			}
		},
		{
			"from": [1, -3.25706, 23.83381],
			"to": [15, 5.74294, 24.83381],
			"shade": false,
			"rotation": {"angle": -22.5, "axis": "x", "origin": [8, 5.74294, 24.83381]},
			"faces": {
				"north": {"uv": [14.75, 3.75, 12.5, 7.25], "rotation": 270, "texture": "#0"},
				"east": {"uv": [14.75, 3.5, 12.5, 3.75], "rotation": 270, "texture": "#0"},
				"south": {"uv": [12.5, 0, 14.75, 3.5], "rotation": 90, "texture": "#0"},
				"west": {"uv": [12.5, 3.5, 14.75, 3.75], "rotation": 90, "texture": "#0"},
				"up": {"uv": [12.25, 3.75, 12.5, 7.25], "rotation": 90, "texture": "#0"},
				"down": {"uv": [14.75, 3.75, 15, 7.25], "rotation": 90, "texture": "#0"}
			}
		},
		{
			"from": [5, 17.5, -9],
			"to": [11, 23, -5],
			"shade": false,
			"rotation": {"angle": 0, "axis": "y", "origin": [15, 25, -1]},
			"faces": {
				"north": {"uv": [0, 7.25, 1.5, 8.75], "texture": "#0"},
				"east": {"uv": [1, 1.5, 0, 3], "texture": "#0"},
				"west": {"uv": [0, 1.5, 1, 3], "texture": "#0"},
				"up": {"uv": [0, 0, 1, 1.5], "rotation": 90, "texture": "#0"},
				"down": {"uv": [0, 3, 1, 4.5], "rotation": 90, "texture": "#0"}
			}
		},
		{
			"from": [7.75, -16, 7.75],
			"to": [8.25, 14, 8.25],
			"faces": {
				"north": {"uv": [2, 3, 2.125, 3.125], "texture": "#0"},
				"east": {"uv": [2, 3, 2.125, 3.125], "texture": "#0"},
				"south": {"uv": [2, 3, 2.125, 3.125], "texture": "#0"},
				"west": {"uv": [2, 3, 2.125, 3.125], "texture": "#0"}
			}
		}
	],
	"display": {
		"gui": {
			"rotation": [0, -90, 0],
			"translation": [0, -3.25, 0],
			"scale": [0.5, 0.5, 0.5]
		},
		"fixed": {
			"rotation": [-90, 0, 0],
			"translation": [0, 0, -80],
			"scale": [4, 4, 4]
		}
	}
}