{
	"credit": "Made by 古銅/斜向(@hsmkai) with Blockbench",
	"parent": "minecraft:item/display",
	"textures": {
		"1": "item/living/penguin"
	},
	"elements": [
		{
			"from": [5.5, 1, 6],
			"to": [10.5, 9, 11],
			"rotation": {"angle": 0, "axis": "y", "origin": [2.5, 8, 2]},
			"faces": {
				"north": {"uv": [10, 8, 15, 16], "texture": "#1"},
				"east": {"uv": [5, 8, 10, 16], "texture": "#1"},
				"south": {"uv": [0, 8, 5, 16], "texture": "#1"},
				"west": {"uv": [10, 8, 5, 16], "texture": "#1"},
				"up": {"uv": [8, 0, 13, 5], "rotation": 270, "texture": "#1"}
			}
		},
		{
			"from": [4.5, 3, 7],
			"to": [5.5, 9, 10],
			"rotation": {"angle": 0, "axis": "y", "origin": [-1.5, 8, 2]},
			"faces": {
				"north": {"uv": [8, 8, 9, 13], "texture": "#1"},
				"south": {"uv": [5, 8, 6, 13], "texture": "#1"},
				"west": {"uv": [9, 8, 6, 13], "texture": "#1"},
				"up": {"uv": [6, 8, 9, 9], "rotation": 90, "texture": "#1"},
				"down": {"uv": [6, 8, 9, 9], "rotation": 90, "texture": "#1"}
			}
		},
		{
			"from": [10.5, 3, 7],
			"to": [11.5, 9, 10],
			"rotation": {"angle": 0, "axis": "y", "origin": [4.5, 8, 2]},
			"faces": {
				"north": {"uv": [8, 8, 9, 13], "texture": "#1"},
				"east": {"uv": [6, 8, 9, 13], "texture": "#1"},
				"south": {"uv": [5, 8, 6, 13], "texture": "#1"},
				"up": {"uv": [6, 8, 9, 9], "rotation": 90, "texture": "#1"},
				"down": {"uv": [6, 8, 9, 9], "rotation": 90, "texture": "#1"}
			}
		},
		{
			"from": [8.5, 0, 5],
			"to": [10.5, 1, 10],
			"rotation": {"angle": 0, "axis": "y", "origin": [2.5, 7, 2]},
			"faces": {
				"north": {"uv": [13, 5, 15, 6], "texture": "#1"},
				"east": {"uv": [15, 0, 16, 5], "rotation": 90, "texture": "#1"},
				"south": {"uv": [13, 5, 15, 6], "texture": "#1"},
				"west": {"uv": [15, 0, 16, 5], "rotation": 270, "texture": "#1"},
				"up": {"uv": [13, 0, 15, 5], "texture": "#1"}
			}
		},
		{
			"from": [5.5, 0, 5],
			"to": [7.5, 1, 10],
			"rotation": {"angle": 0, "axis": "y", "origin": [-0.5, 7, 2]},
			"faces": {
				"north": {"uv": [13, 5, 15, 6], "texture": "#1"},
				"east": {"uv": [15, 0, 16, 5], "rotation": 90, "texture": "#1"},
				"south": {"uv": [13, 5, 15, 6], "texture": "#1"},
				"west": {"uv": [15, 0, 16, 5], "rotation": 270, "texture": "#1"},
				"up": {"uv": [13, 0, 15, 5], "texture": "#1"}
			}
		},
		{
			"from": [6.5, 0, 10],
			"to": [9.5, 1, 12],
			"rotation": {"angle": 0, "axis": "y", "origin": [1.5, 7, 7]},
			"faces": {
				"north": {"uv": [8, 7, 11, 8], "texture": "#1"},
				"east": {"uv": [11, 5, 12, 7], "rotation": 90, "texture": "#1"},
				"south": {"uv": [8, 7, 11, 8], "texture": "#1"},
				"west": {"uv": [11, 5, 12, 7], "rotation": 270, "texture": "#1"},
				"up": {"uv": [8, 5, 11, 7], "texture": "#1"}
			}
		},
		{
			"from": [6, 9, 6.5],
			"to": [10, 13, 10.5],
			"rotation": {"angle": 0, "axis": "y", "origin": [3, 18, 1.5]},
			"faces": {
				"north": {"uv": [4, 0, 8, 4], "texture": "#1"},
				"east": {"uv": [0, 4, 4, 8], "texture": "#1"},
				"south": {"uv": [4, 4, 8, 8], "texture": "#1"},
				"west": {"uv": [4, 4, 0, 8], "texture": "#1"},
				"up": {"uv": [0, 0, 4, 4], "rotation": 270, "texture": "#1"}
			}
		},
		{
			"from": [7, 10, 5.5],
			"to": [9, 11, 6.5],
			"rotation": {"angle": 0, "axis": "y", "origin": [3, 18, 0.5]},
			"faces": {
				"north": {"uv": [13, 7, 15, 8], "texture": "#1"},
				"east": {"uv": [13, 7, 14, 8], "texture": "#1"},
				"west": {"uv": [14, 7, 15, 8], "texture": "#1"},
				"up": {"uv": [13, 6, 15, 7], "texture": "#1"},
				"down": {"uv": [13, 7, 15, 8], "texture": "#1"}
			}
		}
	],
	"display": {
		"gui": {
			"rotation": [0, -90, 0],
			"translation": [0, -3.25, 0],
			"scale": [0.5, 0.5, 0.5]
		},
		"fixed": {
			"rotation": [-90, 0, 0],
			"translation": [0, 0, -15],
			"scale": [2, 2, 2]
		}
	}
}