{
	"credit": "Made by 古銅/斜向(@hsmkai) with Blockbench",
	"parent": "minecraft:item/display",
	"textures": {
		"1": "item/living/seal"
	},
	"elements": [
		{
			"from": [4, 0, 2],
			"to": [12, 6, 11],
			"rotation": {"angle": 0, "axis": "x", "origin": [8, 6, 0]},
			"faces": {
				"north": {"uv": [0, 7.5, 4, 11], "texture": "#1"},
				"east": {"uv": [0, 4, 4.5, 7.5], "texture": "#1"},
				"west": {"uv": [4.5, 4, 0, 7.5], "texture": "#1"},
				"up": {"uv": [0, 0, 4.5, 4], "rotation": 270, "texture": "#1"}
			}
		},
		{
			"from": [4.1, 2.5, 11],
			"to": [11.9, 6, 18.575],
			"rotation": {"angle": 22.5, "axis": "x", "origin": [8, 6, 11]},
			"faces": {
				"east": {"uv": [7.5, 4, 11.5, 6], "texture": "#1"},
				"west": {"uv": [11.5, 4, 7.5, 6], "texture": "#1"},
				"up": {"uv": [7.5, 0, 11.5, 4], "rotation": 270, "texture": "#1"}
			}
		},
		{
			"from": [5, 1, 18],
			"to": [11, 2, 23],
			"rotation": {"angle": 22.5, "axis": "x", "origin": [8, 2, 18]},
			"faces": {
				"east": {"uv": [11.5, 3, 14, 3.5], "texture": "#1"},
				"south": {"uv": [14.5, 3.5, 11.5, 4], "texture": "#1"},
				"west": {"uv": [14, 3, 11.5, 3.5], "texture": "#1"},
				"up": {"uv": [11.5, 0, 14, 3], "rotation": 270, "texture": "#1"}
			}
		},
		{
			"from": [4, 0, 11],
			"to": [12, 3.075, 18],
			"rotation": {"angle": 0, "axis": "y", "origin": [8, 7, 19]},
			"faces": {
				"east": {"uv": [7.5, 6, 11, 8], "texture": "#1"},
				"south": {"uv": [7.5, 8, 11.5, 10], "texture": "#1"},
				"west": {"uv": [11, 6, 7.5, 8], "texture": "#1"}
			}
		},
		{
			"from": [5, 0.5, -4],
			"to": [11, 5.5, 2],
			"rotation": {"angle": -22.5, "axis": "y", "origin": [5, 6, 2]},
			"faces": {
				"north": {"uv": [4.5, 6, 7.5, 9], "texture": "#1"},
				"east": {"uv": [4.5, 3, 7.5, 6], "texture": "#1"},
				"west": {"uv": [7.5, 3, 4.5, 6], "texture": "#1"},
				"up": {"uv": [4.5, 0, 7.5, 3], "rotation": 270, "texture": "#1"}
			}
		},
		{
			"from": [6, 0.5, -5],
			"to": [10, 4.5, -4],
			"rotation": {"angle": -22.5, "axis": "y", "origin": [5, 7, 2]},
			"faces": {
				"north": {"uv": [5, 7, 7, 9], "texture": "#1"},
				"east": {"uv": [5, 7, 5.5, 9], "texture": "#1"},
				"west": {"uv": [5, 7, 5.5, 9], "texture": "#1"},
				"up": {"uv": [5, 7, 7, 7.5], "texture": "#1"}
			}
		},
		{
			"from": [7, 0.5, -6],
			"to": [9, 2.5, -5],
			"rotation": {"angle": -22.5, "axis": "y", "origin": [5, 7, 2]},
			"faces": {
				"north": {"uv": [5.5, 8, 6.5, 9], "texture": "#1"},
				"east": {"uv": [5.5, 8, 6, 9], "texture": "#1"},
				"west": {"uv": [5.5, 8, 6, 9], "texture": "#1"},
				"up": {"uv": [5.5, 8, 6.5, 8.5], "texture": "#1"}
			}
		},
		{
			"from": [12, 1, 3],
			"to": [17, 2, 8],
			"rotation": {"angle": -22.5, "axis": "z", "origin": [12, 2, 8]},
			"faces": {
				"north": {"uv": [14.5, 4, 15, 6.5], "rotation": 90, "texture": "#1"},
				"east": {"uv": [12, 6.5, 14.5, 7], "texture": "#1"},
				"south": {"uv": [11.5, 4, 12, 6.5], "rotation": 270, "texture": "#1"},
				"up": {"uv": [12, 4, 14.5, 6.5], "rotation": 270, "texture": "#1"}
			}
		},
		{
			"from": [-1, 1, 3],
			"to": [4, 2, 8],
			"rotation": {"angle": 22.5, "axis": "z", "origin": [4, 2, 8]},
			"faces": {
				"north": {"uv": [14.5, 6.5, 15, 4], "rotation": 90, "texture": "#1"},
				"south": {"uv": [11.5, 6.5, 12, 4], "rotation": 270, "texture": "#1"},
				"west": {"uv": [14.5, 6.5, 12, 7], "texture": "#1"},
				"up": {"uv": [12, 6.5, 14.5, 4], "rotation": 270, "texture": "#1"}
			}
		}
	],
	"display": {
		"gui": {
			"rotation": [0, -90, 0],
			"translation": [0, -3.25, 0],
			"scale": [0.5, 0.5, 0.5]
		},
		"fixed": {
			"rotation": [-90, 0, 0],
			"translation": [0, 0, -15],
			"scale": [2, 2, 2]
		}
	}
}