{
    "parent": "item/generated",
    "textures": {
        "layer0": "items/bone"
    },
    "overrides": [
        { "predicate": { "custom_model_data": 1000 }, "model": "item/bone/deinonychus" },
        { "predicate": { "custom_model_data": 1001 }, "model": "item/bone/velociraptor" },
        { "predicate": { "custom_model_data": 1002 }, "model": "item/bone/plesiosaurus" },
        { "predicate": { "custom_model_data": 1003 }, "model": "item/bone/trilobite" },

        { "predicate": { "custom_model_data": 1100 }, "model": "item/bone/tyrannosaurus-head" },
        { "predicate": { "custom_model_data": 1101 }, "model": "item/bone/tyrannosaurus-front" },
        { "predicate": { "custom_model_data": 1102 }, "model": "item/bone/tyrannosaurus-back" },
        { "predicate": { "custom_model_data": 1103 }, "model": "item/bone/tyrannosaurus-tail-front" },
        { "predicate": { "custom_model_data": 1104 }, "model": "item/bone/tyrannosaurus-tail-back" },
        { "predicate": { "custom_model_data": 1105 }, "model": "item/bone/tyrannosaurus-leg" },

        { "predicate": { "custom_model_data": 1110 }, "model": "item/bone/triceratops-head" },
        { "predicate": { "custom_model_data": 1111 }, "model": "item/bone/triceratops-front" },
        { "predicate": { "custom_model_data": 1112 }, "model": "item/bone/triceratops-back" },

        { "predicate": { "custom_model_data": 1120 }, "model": "item/bone/pteranodon-center" },
        { "predicate": { "custom_model_data": 1121 }, "model": "item/bone/pteranodon-left" },
        { "predicate": { "custom_model_data": 1122 }, "model": "item/bone/pteranodon-right" },

        { "predicate": { "custom_model_data": 1130 }, "model": "item/bone/stegosaurus-head" },
        { "predicate": { "custom_model_data": 1131 }, "model": "item/bone/stegosaurus-front" },
        { "predicate": { "custom_model_data": 1132 }, "model": "item/bone/stegosaurus-back" },

        { "predicate": { "custom_model_data": 1140 }, "model": "item/bone/spinosaurus-head" },
        { "predicate": { "custom_model_data": 1141 }, "model": "item/bone/spinosaurus-front" },
        { "predicate": { "custom_model_data": 1142 }, "model": "item/bone/spinosaurus-back" },
        { "predicate": { "custom_model_data": 1143 }, "model": "item/bone/spinosaurus-tail-front" },
        { "predicate": { "custom_model_data": 1144 }, "model": "item/bone/spinosaurus-tail-middle" },
        { "predicate": { "custom_model_data": 1145 }, "model": "item/bone/spinosaurus-tail-back" },
        { "predicate": { "custom_model_data": 1146 }, "model": "item/bone/spinosaurus-top-front" },
        { "predicate": { "custom_model_data": 1147 }, "model": "item/bone/spinosaurus-top-back" },
        { "predicate": { "custom_model_data": 1148 }, "model": "item/bone/spinosaurus-top-tail" },

        { "predicate": { "custom_model_data": 1150 }, "model": "item/bone/ankylosaurus/head" },
        { "predicate": { "custom_model_data": 1151 }, "model": "item/bone/ankylosaurus/front" },
        { "predicate": { "custom_model_data": 1152 }, "model": "item/bone/ankylosaurus/back" },
        { "predicate": { "custom_model_data": 1153 }, "model": "item/bone/ankylosaurus/tail" },

        { "predicate": { "custom_model_data": 1500 }, "model": "item/bone/brachiosaurus/x0y0z3" },
        { "predicate": { "custom_model_data": 1501 }, "model": "item/bone/brachiosaurus/x0y0z4" },
        { "predicate": { "custom_model_data": 1502 }, "model": "item/bone/brachiosaurus/x1y0z2" },
        { "predicate": { "custom_model_data": 1503 }, "model": "item/bone/brachiosaurus/x1y0z3" },
        { "predicate": { "custom_model_data": 1504 }, "model": "item/bone/brachiosaurus/x1y0z4" },
        { "predicate": { "custom_model_data": 1505 }, "model": "item/bone/brachiosaurus/x0y1z2" },
        { "predicate": { "custom_model_data": 1506 }, "model": "item/bone/brachiosaurus/x0y1z3" },
        { "predicate": { "custom_model_data": 1507 }, "model": "item/bone/brachiosaurus/x0y1z4" },
        { "predicate": { "custom_model_data": 1508 }, "model": "item/bone/brachiosaurus/x0y1z5" },
        { "predicate": { "custom_model_data": 1509 }, "model": "item/bone/brachiosaurus/x0y1z6" },
        { "predicate": { "custom_model_data": 1510 }, "model": "item/bone/brachiosaurus/x0y1z7" },
        { "predicate": { "custom_model_data": 1511 }, "model": "item/bone/brachiosaurus/x1y1z2" },
        { "predicate": { "custom_model_data": 1512 }, "model": "item/bone/brachiosaurus/x1y1z3" },
        { "predicate": { "custom_model_data": 1513 }, "model": "item/bone/brachiosaurus/x1y1z4" },
        { "predicate": { "custom_model_data": 1514 }, "model": "item/bone/brachiosaurus/x1y1z5" },
        { "predicate": { "custom_model_data": 1515 }, "model": "item/bone/brachiosaurus/x1y1z6" },
        { "predicate": { "custom_model_data": 1516 }, "model": "item/bone/brachiosaurus/x1y1z7" },
        { "predicate": { "custom_model_data": 1517 }, "model": "item/bone/brachiosaurus/x0y2z1" },
        { "predicate": { "custom_model_data": 1518 }, "model": "item/bone/brachiosaurus/x0y2z2" },
        { "predicate": { "custom_model_data": 1519 }, "model": "item/bone/brachiosaurus/x0y2z3" },
        { "predicate": { "custom_model_data": 1520 }, "model": "item/bone/brachiosaurus/x0y2z4" },
        { "predicate": { "custom_model_data": 1521 }, "model": "item/bone/brachiosaurus/x1y2z1" },
        { "predicate": { "custom_model_data": 1522 }, "model": "item/bone/brachiosaurus/x1y2z2" },
        { "predicate": { "custom_model_data": 1523 }, "model": "item/bone/brachiosaurus/x1y2z3" },
        { "predicate": { "custom_model_data": 1524 }, "model": "item/bone/brachiosaurus/x1y2z4" },
        { "predicate": { "custom_model_data": 1525 }, "model": "item/bone/brachiosaurus/x0y3z0" },
        { "predicate": { "custom_model_data": 1526 }, "model": "item/bone/brachiosaurus/x0y3z1" },
        { "predicate": { "custom_model_data": 1527 }, "model": "item/bone/brachiosaurus/x0y3z2" },
        { "predicate": { "custom_model_data": 1528 }, "model": "item/bone/brachiosaurus/x1y3z0" },
        { "predicate": { "custom_model_data": 1529 }, "model": "item/bone/brachiosaurus/x1y3z1" },
        { "predicate": { "custom_model_data": 1530 }, "model": "item/bone/brachiosaurus/x1y3z2" },

        { "predicate": { "custom_model_data": 2100 }, "model": "item/living/orca" },
        { "predicate": { "custom_model_data": 2101 }, "model": "item/living/seal" },
        { "predicate": { "custom_model_data": 2102 }, "model": "item/living/penguin" },
        { "predicate": { "custom_model_data": 2103 }, "model": "item/living/squid" },
        { "predicate": { "custom_model_data": 2104 }, "model": "item/living/sardine" },
        { "predicate": { "custom_model_data": 2105 }, "model": "item/micro/krill" },
        { "predicate": { "custom_model_data": 2106 }, "model": "item/micro/euglena" },
        { "predicate": { "custom_model_data": 2107 }, "model": "item/micro/bacteria" },

        { "predicate": { "custom_model_data": 2200 }, "model": "item/living/owl" },

        { "predicate": { "custom_model_data": 3100 }, "model": "item/artifact/vase_s" },
        { "predicate": { "custom_model_data": 3101 }, "model": "item/artifact/vase_m" },
        { "predicate": { "custom_model_data": 3102 }, "model": "item/artifact/vase_l" },
        { "predicate": { "custom_model_data": 3103 }, "model": "item/artifact/dogu_s" },
        { "predicate": { "custom_model_data": 3104 }, "model": "item/artifact/dogu_m" },

        { "predicate": { "custom_model_data": 3110 }, "model": "item/artifact/gem_unknown" },
        { "predicate": { "custom_model_data": 3111 }, "model": "item/artifact/gem_garnet" },
        { "predicate": { "custom_model_data": 3112 }, "model": "item/artifact/gem_amethyst" },
        { "predicate": { "custom_model_data": 3113 }, "model": "item/artifact/gem_aquamarine" },
        { "predicate": { "custom_model_data": 3114 }, "model": "item/artifact/gem_diamond" },
        { "predicate": { "custom_model_data": 3115 }, "model": "item/artifact/gem_emerald" },
        { "predicate": { "custom_model_data": 3116 }, "model": "item/artifact/gem_moonstone" },
        { "predicate": { "custom_model_data": 3117 }, "model": "item/artifact/gem_ruby" },
        { "predicate": { "custom_model_data": 3118 }, "model": "item/artifact/gem_peridot" },
        { "predicate": { "custom_model_data": 3119 }, "model": "item/artifact/gem_sapphire" },
        { "predicate": { "custom_model_data": 3120 }, "model": "item/artifact/gem_tourmaline" },
        { "predicate": { "custom_model_data": 3121 }, "model": "item/artifact/gem_topaz" },
        { "predicate": { "custom_model_data": 3122 }, "model": "item/artifact/gem_lapis" },

        { "predicate": { "custom_model_data": 11000 }, "model": "bioblock:posed_ender_dragon/0" },
        { "predicate": { "custom_model_data": 11001 }, "model": "bioblock:posed_ender_dragon/1" },
        { "predicate": { "custom_model_data": 11002 }, "model": "bioblock:posed_ender_dragon/2" },
        { "predicate": { "custom_model_data": 11003 }, "model": "bioblock:posed_ender_dragon/3" },
        { "predicate": { "custom_model_data": 11004 }, "model": "bioblock:posed_ender_dragon/4" },
        { "predicate": { "custom_model_data": 11005 }, "model": "bioblock:posed_ender_dragon/5" },
        { "predicate": { "custom_model_data": 11006 }, "model": "bioblock:posed_ender_dragon/6" },
        { "predicate": { "custom_model_data": 11007 }, "model": "bioblock:posed_ender_dragon/7" },
        { "predicate": { "custom_model_data": 11008 }, "model": "bioblock:posed_ender_dragon/8" },
        { "predicate": { "custom_model_data": 11009 }, "model": "bioblock:posed_ender_dragon/9" },
        { "predicate": { "custom_model_data": 11010 }, "model": "bioblock:posed_ender_dragon/10" },
        { "predicate": { "custom_model_data": 11011 }, "model": "bioblock:posed_ender_dragon/11" },
        { "predicate": { "custom_model_data": 11012 }, "model": "bioblock:posed_ender_dragon/12" },
        { "predicate": { "custom_model_data": 11013 }, "model": "bioblock:posed_ender_dragon/13" },
        { "predicate": { "custom_model_data": 11014 }, "model": "bioblock:posed_ender_dragon/14" },
        { "predicate": { "custom_model_data": 11015 }, "model": "bioblock:posed_ender_dragon/15" },
        { "predicate": { "custom_model_data": 11016 }, "model": "bioblock:posed_ender_dragon/16" },
        { "predicate": { "custom_model_data": 11017 }, "model": "bioblock:posed_ender_dragon/17" },
        { "predicate": { "custom_model_data": 11018 }, "model": "bioblock:posed_ender_dragon/18" },
        { "predicate": { "custom_model_data": 11019 }, "model": "bioblock:posed_ender_dragon/19" },
        { "predicate": { "custom_model_data": 11020 }, "model": "bioblock:posed_ender_dragon/20" },
        { "predicate": { "custom_model_data": 11021 }, "model": "bioblock:posed_ender_dragon/21" },
        { "predicate": { "custom_model_data": 11022 }, "model": "bioblock:posed_ender_dragon/22" },
        { "predicate": { "custom_model_data": 11023 }, "model": "bioblock:posed_ender_dragon/23" },
        { "predicate": { "custom_model_data": 11024 }, "model": "bioblock:posed_ender_dragon/24" },
        { "predicate": { "custom_model_data": 11025 }, "model": "bioblock:posed_ender_dragon/25" },
        { "predicate": { "custom_model_data": 11026 }, "model": "bioblock:posed_ender_dragon/26" },
        { "predicate": { "custom_model_data": 11027 }, "model": "bioblock:posed_ender_dragon/27" },
        { "predicate": { "custom_model_data": 11028 }, "model": "bioblock:posed_ender_dragon/28" },
        { "predicate": { "custom_model_data": 11029 }, "model": "bioblock:posed_ender_dragon/29" },
        { "predicate": { "custom_model_data": 11030 }, "model": "bioblock:posed_ender_dragon/30" },
        { "predicate": { "custom_model_data": 11031 }, "model": "bioblock:posed_ender_dragon/31" },
        { "predicate": { "custom_model_data": 11032 }, "model": "bioblock:posed_ender_dragon/32" },
        { "predicate": { "custom_model_data": 11033 }, "model": "bioblock:posed_ender_dragon/33" },
        { "predicate": { "custom_model_data": 11034 }, "model": "bioblock:posed_ender_dragon/34" },
        { "predicate": { "custom_model_data": 11035 }, "model": "bioblock:posed_ender_dragon/35" },
        { "predicate": { "custom_model_data": 11036 }, "model": "bioblock:posed_ender_dragon/36" },
        { "predicate": { "custom_model_data": 11037 }, "model": "bioblock:posed_ender_dragon/37" },
        { "predicate": { "custom_model_data": 11038 }, "model": "bioblock:posed_ender_dragon/38" },
        { "predicate": { "custom_model_data": 11039 }, "model": "bioblock:posed_ender_dragon/39" },
        { "predicate": { "custom_model_data": 11040 }, "model": "bioblock:posed_ender_dragon/40" },
        { "predicate": { "custom_model_data": 11041 }, "model": "bioblock:posed_ender_dragon/41" },
        { "predicate": { "custom_model_data": 11042 }, "model": "bioblock:posed_ender_dragon/42" },
        { "predicate": { "custom_model_data": 11043 }, "model": "bioblock:posed_ender_dragon/43" },
        { "predicate": { "custom_model_data": 11044 }, "model": "bioblock:posed_ender_dragon/44" },
        { "predicate": { "custom_model_data": 11045 }, "model": "bioblock:posed_ender_dragon/45" },
        { "predicate": { "custom_model_data": 11046 }, "model": "bioblock:posed_ender_dragon/46" },
        { "predicate": { "custom_model_data": 11047 }, "model": "bioblock:posed_ender_dragon/47" },
        { "predicate": { "custom_model_data": 11048 }, "model": "bioblock:posed_ender_dragon/48" },
        { "predicate": { "custom_model_data": 11049 }, "model": "bioblock:posed_ender_dragon/49" }
    ]
}
