{
	"credit": "Made by 古銅/斜向(@hsmkai) with Blockbench",
	"textures": {
		"0": "block/spot_light-base",
		"1": "block/spot_light",
		"2": "block/spot_light_angle",
		"particle": "block/spot_light-base"
	},
	"elements": [
		{
			"from": [6, -16, 27],
			"to": [10, -15, 31],
			"rotation": {"angle": 0, "axis": "y", "origin": [12, -8, 36]},
			"faces": {
				"north": {"uv": [12, 15, 16, 16], "texture": "#0"},
				"east": {"uv": [12, 15, 16, 16], "texture": "#0"},
				"south": {"uv": [12, 15, 16, 16], "texture": "#0"},
				"west": {"uv": [12, 15, 16, 16], "texture": "#0"},
				"up": {"uv": [12, 12, 16, 16], "texture": "#0"},
				"down": {"uv": [12, 12, 16, 16], "texture": "#0", "cullface": "down"}
			}
		},
		{
			"from": [7.5, -15, 28.5],
			"to": [8.5, -12, 29.5],
			"rotation": {"angle": 0, "axis": "y", "origin": [13, -7, 36]},
			"faces": {
				"north": {"uv": [11, 13, 12, 16], "texture": "#0"},
				"east": {"uv": [11, 13, 12, 16], "texture": "#0"},
				"south": {"uv": [11, 13, 12, 16], "texture": "#0"},
				"west": {"uv": [11, 13, 12, 16], "texture": "#0"}
			}
		},
		{
			"from": [6, -12, 25],
			"to": [10, -8, 32],
			"rotation": {"angle": 45, "axis": "x", "origin": [8, -12, 28.5]},
			"faces": {
				"east": {"uv": [9, 8, 16, 12], "texture": "#0"},
				"south": {"uv": [12, 12, 16, 16], "texture": "#0"},
				"west": {"uv": [16, 8, 9, 12], "texture": "#0"},
				"up": {"uv": [9, 8, 16, 12], "rotation": 270, "texture": "#0"},
				"down": {"uv": [9, 8, 16, 12], "rotation": 90, "texture": "#0"}
			}
		},
		{
			"from": [6, -12, 27],
			"to": [10, -8, 25],
			"rotation": {"angle": 45, "axis": "x", "origin": [8, -12, 28.5]},
			"faces": {
				"north": {"uv": [12, 4, 16, 8], "texture": "#0"},
				"east": {"uv": [10, 4, 12, 8], "texture": "#0"},
				"west": {"uv": [12, 4, 10, 8], "texture": "#0"},
				"up": {"uv": [10, 4, 12, 8], "rotation": 270, "texture": "#0"},
				"down": {"uv": [10, 4, 12, 8], "rotation": 90, "texture": "#0"}
			}
		},
		{
			"from": [-9, -10, -16],
			"to": [25, -10, 30],
			"rotation": {"angle": 22.5, "axis": "x", "origin": [8, -10, 29]},
			"faces": {
				"up": {"uv": [0, 0, 16, 16], "texture": "#1"},
				"down": {"uv": [0, 0, 16, 16], "rotation": 180, "texture": "#1"}
			}
		},
		{
			"from": [2, -14, 29],
			"to": [14, 32, 29],
			"rotation": {"angle": -22.5, "axis": "x", "origin": [8, -10, 29]},
			"faces": {
				"north": {"uv": [0, 0, 16, 16], "texture": "#1"},
				"south": {"uv": [0, 0, 16, 16], "texture": "#1"}
			}
		},
		{
			"from": [8, -10, -16],
			"to": [8, 32, 29],
			"rotation": {"angle": -22.5, "axis": "y", "origin": [8, 6, 29]},
			"faces": {
				"east": {"uv": [0, 0, 16, 16], "texture": "#2"},
				"west": {"uv": [16, 0, 0, 16], "texture": "#2"}
			}
		},
		{
			"from": [8, -10, -16],
			"to": [8, 32, 29],
			"rotation": {"angle": 22.5, "axis": "y", "origin": [8, 6, 29]},
			"faces": {
				"east": {"uv": [0, 0, 16, 16], "texture": "#2"},
				"west": {"uv": [16, 0, 0, 16], "texture": "#2"}
			}
		}
	],
	"display": {
		"gui": {
			"rotation": [0, 120, 0],
			"translation": [-3, 4, 0],
			"scale": [0.5, 0.5, 0.5]
		},
		"fixed": {
			"rotation": [-90, 0, 0],
			"translation": [0, -42, -48],
			"scale": [2, 2, 2]
		}
	}
}