{
    "multipart": [
        {
            "when": { "up": "true", "north": "low", "east": "none", "south": "none", "west": "none" },
            "apply": { "model": "block/syoukaki" }
        },
        {
            "when": { "up": "true", "north": "none", "east": "low", "south": "none", "west": "none" },
            "apply": { "model": "block/syoukaki" , "y": 90 }
        },
        {
            "when": { "up": "true", "north": "none", "east": "none", "south": "low", "west": "none" },
            "apply": { "model": "block/syoukaki" , "y": 180 }
        },
        {
            "when": { "up": "true", "north": "none", "east": "none", "south": "none", "west": "low" },
            "apply": { "model": "block/syoukaki" , "y": 270 }
        },
        {
            "when": { "up": "true", "north": "none", "east": "none", "south": "none", "west": "none" },
            "apply": [
                { "model": "block/syoukaki_center" , "y": 0 },
                { "model": "block/syoukaki_center" , "y": 90 },
                { "model": "block/syoukaki_center" , "y": 180 },
                { "model": "block/syoukaki_center" , "y": 270 }
            ]
        }
    ]
}