{
    "multipart": [
        {   "when": { "north": "false", "east": "false", "south": "false", "west": "false" },
            "apply": { "model": "block/spot_light-ceiling" }
        },
        {   "when": { "north": "true", "east": "false", "south": "false", "west": "false" },
            "apply": { "model": "block/spot_light-wall" }
        },
        {   "when": { "north": "false", "east": "true", "south": "false", "west": "false" },
            "apply": { "model": "block/spot_light-wall", "y": 90 }
        },
        {   "when": { "north": "false", "east": "false", "south": "true", "west": "false" },
            "apply": { "model": "block/spot_light-wall", "y": 180 }
        },
        {   "when": { "north": "false", "east": "false", "south": "false", "west": "true" },
            "apply": { "model": "block/spot_light-wall", "y": 270 }
        },

        {   "when": { "north": "false", "east": "true", "south": "false", "west": "true" },
            "apply": { "model": "block/pole_rope-line", "y": 90 }
        },
        {   "when": { "north": "true", "east": "false", "south": "true", "west": "false" },
            "apply": { "model": "block/pole_rope-line" }
        }
    ]
}