{"credit": "Made with Blockbench", "texture_size": [32, 32], "textures": {"0": "item/bone/brachiosaurus_center", "1": "item/bone/brachiosaurus_side", "2": "item/bone/brachiosaurus_legs", "particle": "item/bone/brachiosaurus_center"}, "elements": [{"from": [-4.0, 24.484319999999997, -2.5376800000000017], "to": [3.0, 32, 6.462319999999998], "faces": {"north": {"uv": [4.4375, 1.96777, 4.0, 2.4375], "texture": "#2"}, "east": {"uv": [2.5625, 1.96777, 2.0, 2.4375], "texture": "#2"}, "south": {"uv": [4.4375, 4.46777, 4.0, 4.9375], "texture": "#2"}, "west": {"uv": [0.5625, 3.96777, 0.0, 4.4375], "texture": "#2"}, "down": {"uv": [7.0, 7.5, 7.4375, 8.0625], "texture": "#2"}}, "rotation": {"angle": -22.5, "axis": "x", "origin": [-0.5, 43.98432, 1.9623199999999912]}}, {"from": [-5.0, -8.0, 5.0], "to": [-1.0, 28.0, 11.0], "faces": {"north": {"uv": [3.75, 5.0, 3.5, 7.25], "texture": "#2"}, "east": {"uv": [1.875, 4.5, 1.5, 6.75], "texture": "#2"}, "south": {"uv": [5.25, 3.5, 5.0, 5.75], "texture": "#2"}, "west": {"uv": [1.375, 4.5, 1.0, 6.75], "texture": "#2"}, "up": {"uv": [8.5, 5.375, 8.75, 5.0], "texture": "#2"}, "down": {"uv": [5.5, 8.5, 5.75, 8.875], "texture": "#2"}}}, {"from": [2.0, -5.0, 4.0], "to": [5.0, 26.0, 10.0], "faces": {"north": {"uv": [6.1875, 3.0, 6.0, 4.9375], "texture": "#2"}, "east": {"uv": [2.375, 5.0, 2.0, 6.9375], "texture": "#2"}, "south": {"uv": [5.1875, 6.0, 5.0, 7.9375], "texture": "#2"}, "west": {"uv": [5.375, 1.5, 5.0, 3.4375], "texture": "#2"}, "up": {"uv": [8.5, 5.875, 8.6875, 5.5], "texture": "#2"}, "down": {"uv": [6.0, 8.5, 6.1875, 8.875], "texture": "#2"}}}, {"from": [-4.0, -14.548479999999998, 5.29712], "to": [3.0, -3.548479999999998, 11.29712], "faces": {"north": {"uv": [4.9375, 6.5, 4.5, 7.1875], "texture": "#2"}, "east": {"uv": [3.875, 7.5, 3.5, 8.1875], "texture": "#2"}, "south": {"uv": [7.4375, 5.0, 7.0, 5.6875], "texture": "#2"}, "west": {"uv": [6.875, 7.0, 6.5, 7.6875], "texture": "#2"}, "up": {"uv": [8.0, 2.875, 8.4375, 2.5], "texture": "#2"}, "down": {"uv": [3.0, 8.0, 3.4375, 8.375], "texture": "#2"}}, "rotation": {"angle": -22.5, "axis": "x", "origin": [-0.5, -9.048479999999984, 8.297119999999993]}}, {"from": [-5.0, -16, 2.572959999999995], "to": [4.0, -13.0, 12.572959999999995], "faces": {"north": {"uv": [9.0625, 3.5, 8.5, 3.6875], "texture": "#2"}, "east": {"uv": [9.125, 1.0, 8.5, 1.1875], "texture": "#2"}, "south": {"uv": [4.5625, 8.5, 4.0, 8.6875], "texture": "#2"}, "west": {"uv": [9.125, 0.0, 8.5, 0.1875], "texture": "#2"}, "up": {"uv": [6.5, 4.625, 7.0625, 4.0], "texture": "#2"}, "down": {"uv": [7.0, 0.0, 7.5625, 0.625], "texture": "#2"}}, "rotation": {"angle": -22.5, "axis": "x", "origin": [-0.5, -14.5, 7.572960000000023]}}], "display": {"gui": {"rotation": [0, -90, 0], "translation": [0, -3.25, 0], "scale": [0.5, 0.5, 0.5]}, "fixed": {"rotation": [-90, 0, 0], "translation": [0, 0, -19.25], "scale": [2, 2, 2]}}, "groups": [{"name": "group", "origin": [0, 0, 0], "children": []}, {"name": "group", "origin": [14.375, 9.5, 0.25], "children": [0, 1, 2, 3, 4, 5, 6, 7]}, {"name": "group", "origin": [14.375, 9.5, 0.25], "children": [8, 9, 10, 11, 12, 13, 14, 15, 16, 17]}, {"name": "group", "origin": [14.375, 9.5, 0.25], "children": [18, 19, 20, 21, 22, 23, 24, 25, 26, 27]}, {"name": "group", "origin": [14.375, 9.5, 0.25], "children": [28, 29, 30, 31, 32, 33, 34, 35, 36, 37]}, {"name": "group", "origin": [14.375, 9.5, 0.25], "children": [38, 39, 40, 41, 42, 43, 44, 45, 46, 47]}, {"name": "group", "origin": [14.375, 9.5, 0.25], "children": [48, 49, 50, 51, 52, 53, 54, 55, 56, 57]}, {"name": "group", "origin": [14.375, 9.5, 0.25], "children": [58, 59, 60, 61, 62, 63, 64, 65, 66, 67]}, {"name": "group", "origin": [14.375, 9.5, 0.25], "children": [68, 69, 70, 71, 72, 73, 74, 75, 76, 77]}, {"name": "group", "origin": [14.375, 9.5, 0.25], "children": [78, 79, 80, 81, 82, 83, 84, 85]}, {"name": "group", "origin": [14.375, 9.5, 0.25], "children": [86, 87, 88, 89, 90, 91, 92, 93, 94, 95, 96, 97, 98, 99, 100, 101, 102, 103, 104, 105, 106, 107]}, {"name": "group", "origin": [0, 0, 0], "children": [108]}, {"name": "group", "origin": [0, 0, 0], "children": [109]}, {"name": "group", "origin": [0, 0, 0], "children": [110, 111]}, {"name": "group", "origin": [0, 0, 0], "children": [112, 113]}, {"name": "group", "origin": [0, 0, 0], "children": [114, 115]}, {"name": "group", "origin": [0, 0, 0], "children": [116, 117]}, {"name": "group", "origin": [0, 0, 0], "children": [118, 119]}, {"name": "group", "origin": [0, 0, 0], "children": [120, 121]}, {"name": "group", "origin": [0, 0, 0], "children": [122, 123, 124, 125]}, {"name": "group", "origin": [15.4375, 9.5, 5.1875], "children": [126, 127, 128, 129, 130, 131, 132, 133, 134, 135, 136, 137, 138, 139, 140, 141, 142, 143]}, {"name": "group", "origin": [14.375, 9.5, 0.25], "children": [144, 145, 146, 147, 148]}, {"name": "group", "origin": [0, -4.375, 15.375], "children": [149, 150]}, {"name": "group", "origin": [0, -4.375, 15.375], "children": [151, 152]}, {"name": "group", "origin": [0, -4.375, 15.375], "children": [153, 154]}, {"name": "group", "origin": [0, -4.375, 15.375], "children": [155, 156]}, {"name": "group", "origin": [0, -4.375, 15.375], "children": [157, 158]}, {"name": "group", "origin": [0, -4.375, 15.375], "children": [159, 160]}, {"name": "group", "origin": [0, -4.375, 15.375], "children": [161, 162]}, {"name": "group", "origin": [0, -4.375, 15.375], "children": [163, 164]}, {"name": "group", "origin": [0, -4.375, 15.375], "children": [165, 166]}, {"name": "group", "origin": [0, -4.375, 15.375], "children": [167, 168]}, {"name": "group", "origin": [0, -4.375, 15.375], "children": [169]}, {"name": "group", "origin": [0, -4.375, 15.375], "children": [170, 171]}, {"name": "group", "origin": [0, -4.375, 15.375], "children": [172, 173, 174, 175]}, {"name": "group", "origin": [0, -4.375, 15.375], "children": [176, 177, 178, 179, 180, 181, 182, 183]}]}