{"credit": "Made with Blockbench", "texture_size": [32, 32], "textures": {"0": "item/bone/brachiosaurus_center", "1": "item/bone/brachiosaurus_side", "2": "item/bone/brachiosaurus_legs", "particle": "item/bone/brachiosaurus_center"}, "elements": [{"from": [1.0, 24.0, -14.0], "to": [4.0, 32, -11.0], "faces": {"north": {"uv": [1.6875, 6.3125, 1.5, 6.8125], "texture": "#1"}, "east": {"uv": [5.1875, 6.3125, 5.0, 6.8125], "texture": "#1"}, "south": {"uv": [4.6875, 6.3125, 4.5, 6.8125], "texture": "#1"}, "west": {"uv": [4.1875, 6.3125, 4.0, 6.8125], "texture": "#1"}, "down": {"uv": [11.0, 1.5, 11.1875, 1.6875], "texture": "#1"}}}, {"from": [4.904000000000011, 4.373279999999994, -14.0], "to": [7.904000000000011, 25.373279999999994, -11.0], "faces": {"north": {"uv": [5.6875, 5.0, 5.5, 6.3125], "texture": "#1"}, "east": {"uv": [0.6875, 6.0, 0.5, 7.3125], "texture": "#1"}, "south": {"uv": [6.1875, 0.0, 6.0, 1.3125], "texture": "#1"}, "west": {"uv": [0.1875, 6.0, 0.0, 7.3125], "texture": "#1"}, "up": {"uv": [9.5, 11.1875, 9.6875, 11.0], "texture": "#1"}, "down": {"uv": [11.0, 9.5, 11.1875, 9.6875], "texture": "#1"}}, "rotation": {"angle": 22.5, "axis": "z", "origin": [6.403999999999996, 14.873279999999994, -12.5]}}, {"from": [0.0, 14.0, -6.0], "to": [3.0, 32, -3.0], "faces": {"north": {"uv": [1.1875, 0.5, 1.0, 1.625], "texture": "#1"}, "east": {"uv": [2.1875, 0.5, 2.0, 1.625], "texture": "#1"}, "south": {"uv": [0.1875, 2.5, 0.0, 3.625], "texture": "#1"}, "west": {"uv": [1.6875, 0.5, 1.5, 1.625], "texture": "#1"}, "down": {"uv": [11.0, 3.5, 11.1875, 3.6875], "texture": "#1"}}}, {"from": [3.5212800000000044, -3.7027999999999963, -6.0], "to": [6.521280000000004, 15.297199999999997, -3.0], "faces": {"north": {"uv": [1.1875, 6.0, 1.0, 7.1875], "texture": "#1"}, "east": {"uv": [2.6875, 6.5, 2.5, 7.6875], "texture": "#1"}, "south": {"uv": [2.1875, 6.5, 2.0, 7.6875], "texture": "#1"}, "west": {"uv": [6.6875, 0.0, 6.5, 1.1875], "texture": "#1"}, "up": {"uv": [10.0, 11.1875, 10.1875, 11.0], "texture": "#1"}, "down": {"uv": [11.0, 10.0, 11.1875, 10.1875], "texture": "#1"}}, "rotation": {"angle": 22.5, "axis": "z", "origin": [5.02127999999999, 5.797199999999975, -4.5]}}, {"from": [0.0, 10.0, 2.0], "to": [3.0, 32, 5.0], "faces": {"north": {"uv": [2.6875, 0.25, 2.5, 1.625], "texture": "#1"}, "east": {"uv": [3.1875, 2.25, 3.0, 3.625], "texture": "#1"}, "south": {"uv": [3.1875, 0.25, 3.0, 1.625], "texture": "#1"}, "west": {"uv": [2.6875, 2.25, 2.5, 3.625], "texture": "#1"}, "down": {"uv": [11.0, 8.5, 11.1875, 8.6875], "texture": "#1"}}}, {"from": [4.47799999999998, -12.512559999999993, 2.0], "to": [7.47799999999998, 11.48744, 5.0], "faces": {"north": {"uv": [4.1875, 0.0, 4.0, 1.5], "texture": "#1"}, "east": {"uv": [1.6875, 4.0, 1.5, 5.5], "texture": "#1"}, "south": {"uv": [1.1875, 4.0, 1.0, 5.5], "texture": "#1"}, "west": {"uv": [0.6875, 4.0, 0.5, 5.5], "texture": "#1"}, "up": {"uv": [9.0, 11.1875, 9.1875, 11.0], "texture": "#1"}, "down": {"uv": [11.0, 9.0, 11.1875, 9.1875], "texture": "#1"}}, "rotation": {"angle": 22.5, "axis": "z", "origin": [5.977999999999938, -0.5125599999999508, 3.5]}}, {"from": [4.105919999999998, 28.184560000000005, 10.0], "to": [7.105919999999998, 32, 13.0], "faces": {"north": {"uv": [5.1875, 10.06646, 5.0, 10.3125], "texture": "#1"}, "east": {"uv": [6.1875, 10.06646, 6.0, 10.3125], "texture": "#1"}, "south": {"uv": [5.6875, 10.06646, 5.5, 10.3125], "texture": "#1"}, "west": {"uv": [9.6875, 5.56646, 9.5, 5.8125], "texture": "#1"}, "down": {"uv": [11.0, 7.0, 11.1875, 7.1875], "texture": "#1"}}, "rotation": {"angle": -45, "axis": "z", "origin": [5.605919999999998, 34.484560000000016, 11.5]}}, {"from": [0.0, 8.0, 10.0], "to": [3.0, 31.0, 13.0], "faces": {"north": {"uv": [2.1875, 5.0, 2.0, 6.4375], "texture": "#1"}, "east": {"uv": [3.6875, 5.0, 3.5, 6.4375], "texture": "#1"}, "south": {"uv": [3.1875, 5.0, 3.0, 6.4375], "texture": "#1"}, "west": {"uv": [2.6875, 5.0, 2.5, 6.4375], "texture": "#1"}, "up": {"uv": [7.5, 11.1875, 7.6875, 11.0], "texture": "#1"}, "down": {"uv": [11.0, 7.5, 11.1875, 7.6875], "texture": "#1"}}}, {"from": [4.477999999999994, -14.512559999999993, 10.0], "to": [7.477999999999994, 9.48744, 13.0], "faces": {"north": {"uv": [3.6875, 0.0, 3.5, 1.5], "texture": "#1"}, "east": {"uv": [0.1875, 4.0, 0.0, 5.5], "texture": "#1"}, "south": {"uv": [3.6875, 3.0, 3.5, 4.5], "texture": "#1"}, "west": {"uv": [3.6875, 1.5, 3.5, 3.0], "texture": "#1"}, "up": {"uv": [8.0, 11.1875, 8.1875, 11.0], "texture": "#1"}, "down": {"uv": [11.0, 8.0, 11.1875, 8.1875], "texture": "#1"}}, "rotation": {"angle": 22.5, "axis": "z", "origin": [5.97799999999998, -2.5125600000000077, 11.5]}}, {"from": [28.0, 28.0, 16.0], "to": [32, 32, 24.0], "faces": {"north": {"uv": [6.75, 0.5, 7.0, 0.75], "texture": "#0"}, "south": {"uv": [6.5, 1.5, 6.75, 1.75], "texture": "#0"}, "west": {"uv": [1.5, 7.0, 2.0, 7.25], "texture": "#0"}, "down": {"uv": [8.0, 4.5, 7.75, 5.0], "texture": "#0"}}}, {"from": [10.0, 32, 18.0], "to": [32, 32, 21.0], "faces": {"down": {"uv": [5.5, 1.5, 6.875, 1.6875], "texture": "#1"}}}, {"from": [5.105919999999998, 23.18455999999999, 18.0], "to": [8.105919999999998, 32, 21.0], "faces": {"north": {"uv": [3.6875, 9.74404, 3.5, 10.3125], "texture": "#1"}, "east": {"uv": [4.6875, 9.74404, 4.5, 10.3125], "texture": "#1"}, "south": {"uv": [9.6875, 4.24404, 9.5, 4.8125], "texture": "#1"}, "west": {"uv": [4.1875, 9.74404, 4.0, 10.3125], "texture": "#1"}, "down": {"uv": [11.0, 6.5, 11.1875, 6.6875], "texture": "#1"}}, "rotation": {"angle": -45, "axis": "z", "origin": [6.605919999999998, 29.484559999999973, 19.5]}}, {"from": [1.0, 12.0, 18.0], "to": [4.0, 26.0, 21.0], "faces": {"north": {"uv": [3.1875, 8.5, 3.0, 9.375], "texture": "#1"}, "east": {"uv": [4.6875, 8.5, 4.5, 9.375], "texture": "#1"}, "south": {"uv": [4.1875, 8.5, 4.0, 9.375], "texture": "#1"}, "west": {"uv": [3.6875, 8.5, 3.5, 9.375], "texture": "#1"}, "up": {"uv": [5.0, 11.1875, 5.1875, 11.0], "texture": "#1"}, "down": {"uv": [11.0, 5.0, 11.1875, 5.1875], "texture": "#1"}}}, {"from": [5.860720000000001, -12.436400000000006, 18.0], "to": [8.86072, 13.563600000000001, 21.0], "faces": {"north": {"uv": [0.6875, 2.0, 0.5, 3.625], "texture": "#1"}, "east": {"uv": [2.1875, 2.0, 2.0, 3.625], "texture": "#1"}, "south": {"uv": [1.6875, 2.0, 1.5, 3.625], "texture": "#1"}, "west": {"uv": [1.1875, 2.0, 1.0, 3.625], "texture": "#1"}, "up": {"uv": [5.5, 11.1875, 5.6875, 11.0], "texture": "#1"}, "down": {"uv": [11.0, 5.5, 11.1875, 5.6875], "texture": "#1"}}, "rotation": {"angle": 22.5, "axis": "z", "origin": [7.360719999999986, 0.5635999999999868, 19.5]}}, {"from": [28.0, 23.0, 24.0], "to": [32, 32, 32], "faces": {"north": {"uv": [6.75, 2.1875, 7.0, 2.75], "texture": "#0"}, "south": {"uv": [6.5, 4.1875, 6.75, 4.75], "texture": "#0"}, "west": {"uv": [6.5, 5.1875, 7.0, 5.75], "texture": "#0"}, "down": {"uv": [8.0, 5.5, 7.75, 6.0], "texture": "#0"}}}, {"from": [32, 27.0, 26.0], "to": [32, 30.0, 29.0], "faces": {"west": {"uv": [4.0, 10.5, 4.1875, 10.6875], "texture": "#1"}}}, {"from": [13.0, 27.0, 26.0], "to": [32, 30.0, 29.0], "faces": {"north": {"uv": [6.6875, 4.0, 5.5, 4.1875], "texture": "#1"}, "east": {"uv": [4.1875, 10.5, 4.0, 10.6875], "texture": "#1"}, "south": {"uv": [7.1875, 5.0, 6.0, 5.1875], "texture": "#1"}, "west": {"uv": [10.6875, 3.5, 10.5, 3.6875], "texture": "#1"}, "up": {"uv": [6.0, 5.6875, 7.1875, 5.5], "texture": "#1"}, "down": {"uv": [6.0, 6.0, 7.1875, 6.1875], "texture": "#1"}}}, {"from": [8.105919999999983, 18.18456000000002, 26.0], "to": [11.105919999999983, 30.78456000000002, 29.0], "faces": {"north": {"uv": [9.6875, 2.0, 9.5, 2.8125], "texture": "#1"}, "east": {"uv": [9.6875, 3.0, 9.5, 3.8125], "texture": "#1"}, "south": {"uv": [3.1875, 9.5, 3.0, 10.3125], "texture": "#1"}, "west": {"uv": [2.6875, 9.5, 2.5, 10.3125], "texture": "#1"}, "up": {"uv": [4.5, 11.1875, 4.6875, 11.0], "texture": "#1"}, "down": {"uv": [11.0, 4.5, 11.1875, 4.6875], "texture": "#1"}}, "rotation": {"angle": -45, "axis": "z", "origin": [9.605919999999983, 24.48456000000003, 27.5]}}, {"from": [4.0, 7.0, 26.0], "to": [7.0, 21.0, 29.0], "faces": {"north": {"uv": [1.1875, 8.5, 1.0, 9.375], "texture": "#1"}, "east": {"uv": [2.6875, 8.5, 2.5, 9.375], "texture": "#1"}, "south": {"uv": [2.1875, 8.5, 2.0, 9.375], "texture": "#1"}, "west": {"uv": [1.6875, 8.5, 1.5, 9.375], "texture": "#1"}, "up": {"uv": [4.0, 11.1875, 4.1875, 11.0], "texture": "#1"}, "down": {"uv": [11.0, 4.0, 11.1875, 4.1875], "texture": "#1"}}}, {"from": [6.9472800000000206, -7.817039999999977, 26.0], "to": [9.94728000000002, 8.18296000000003, 29.0], "faces": {"north": {"uv": [0.1875, 7.5, 0.0, 8.5], "texture": "#1"}, "east": {"uv": [7.6875, 1.0, 7.5, 2.0], "texture": "#1"}, "south": {"uv": [1.1875, 7.5, 1.0, 8.5], "texture": "#1"}, "west": {"uv": [0.6875, 7.5, 0.5, 8.5], "texture": "#1"}, "up": {"uv": [6.0, 11.1875, 6.1875, 11.0], "texture": "#1"}, "down": {"uv": [11.0, 6.0, 11.1875, 6.1875], "texture": "#1"}}, "rotation": {"angle": 22.5, "axis": "z", "origin": [8.447280000000035, 0.18296000000000845, 27.5]}}, {"from": [28.0, 20.0, 32], "to": [32, 32, 32], "faces": {"north": {"uv": [6.75, 6.0, 7.0, 6.75], "texture": "#0"}}}, {"from": [-1.9200000000000017, 7.183039999999991, -7.920079999999999], "to": [2.0799999999999983, 32, 2.0799200000000013], "faces": {"north": {"uv": [5.75, 3.07394, 5.5, 4.625], "texture": "#2"}, "east": {"uv": [2.625, 3.07394, 2.0, 4.625], "texture": "#2"}, "south": {"uv": [5.75, 5.57394, 5.5, 7.125], "texture": "#2"}, "west": {"uv": [1.625, 2.57394, 1.0, 4.125], "texture": "#2"}, "down": {"uv": [8.0, 4.0, 8.25, 4.625], "texture": "#2"}}, "rotation": {"angle": 22.5, "axis": "x", "origin": [0.0799999999999983, 24.18303999999999, -2.9200799999999774]}}, {"from": [-2.0, 6.0, -14.0], "to": [2.0, 24.0, -2.0], "faces": {"north": {"uv": [6.25, 7.0, 6.0, 8.125], "texture": "#2"}, "east": {"uv": [5.25, 0.0, 4.5, 1.125], "texture": "#2"}, "south": {"uv": [7.25, 6.0, 7.0, 7.125], "texture": "#2"}, "west": {"uv": [0.75, 4.5, 0.0, 5.625], "texture": "#2"}, "up": {"uv": [8.0, 1.75, 8.25, 1.0], "texture": "#2"}, "down": {"uv": [1.5, 8.0, 1.75, 8.75], "texture": "#2"}}}, {"from": [-4.0, -16, -2.5376800000000017], "to": [3.0, 15.484319999999997, 6.462319999999998], "faces": {"north": {"uv": [4.4375, 0.0, 4.0, 1.96777], "texture": "#2"}, "east": {"uv": [2.5625, 0.0, 2.0, 1.96777], "texture": "#2"}, "south": {"uv": [4.4375, 2.5, 4.0, 4.46777], "texture": "#2"}, "west": {"uv": [0.5625, 2.0, 0.0, 3.96777], "texture": "#2"}, "up": {"uv": [7.5, 6.5625, 7.9375, 6.0], "texture": "#2"}}, "rotation": {"angle": -22.5, "axis": "x", "origin": [-0.5, -4.015680000000003, 1.9623199999999912]}}], "display": {"gui": {"rotation": [0, -90, 0], "translation": [0, -3.25, 0], "scale": [0.5, 0.5, 0.5]}, "fixed": {"rotation": [-90, 0, 0], "translation": [0, 0, -19.25], "scale": [2, 2, 2]}}, "groups": [{"name": "group", "origin": [0, 0, 0], "children": []}, {"name": "group", "origin": [14.375, 9.5, 0.25], "children": [0, 1, 2, 3, 4, 5, 6, 7]}, {"name": "group", "origin": [14.375, 9.5, 0.25], "children": [8, 9, 10, 11, 12, 13, 14, 15, 16, 17]}, {"name": "group", "origin": [14.375, 9.5, 0.25], "children": [18, 19, 20, 21, 22, 23, 24, 25, 26, 27]}, {"name": "group", "origin": [14.375, 9.5, 0.25], "children": [28, 29, 30, 31, 32, 33, 34, 35, 36, 37]}, {"name": "group", "origin": [14.375, 9.5, 0.25], "children": [38, 39, 40, 41, 42, 43, 44, 45, 46, 47]}, {"name": "group", "origin": [14.375, 9.5, 0.25], "children": [48, 49, 50, 51, 52, 53, 54, 55, 56, 57]}, {"name": "group", "origin": [14.375, 9.5, 0.25], "children": [58, 59, 60, 61, 62, 63, 64, 65, 66, 67]}, {"name": "group", "origin": [14.375, 9.5, 0.25], "children": [68, 69, 70, 71, 72, 73, 74, 75, 76, 77]}, {"name": "group", "origin": [14.375, 9.5, 0.25], "children": [78, 79, 80, 81, 82, 83, 84, 85]}, {"name": "group", "origin": [14.375, 9.5, 0.25], "children": [86, 87, 88, 89, 90, 91, 92, 93, 94, 95, 96, 97, 98, 99, 100, 101, 102, 103, 104, 105, 106, 107]}, {"name": "group", "origin": [0, 0, 0], "children": [108]}, {"name": "group", "origin": [0, 0, 0], "children": [109]}, {"name": "group", "origin": [0, 0, 0], "children": [110, 111]}, {"name": "group", "origin": [0, 0, 0], "children": [112, 113]}, {"name": "group", "origin": [0, 0, 0], "children": [114, 115]}, {"name": "group", "origin": [0, 0, 0], "children": [116, 117]}, {"name": "group", "origin": [0, 0, 0], "children": [118, 119]}, {"name": "group", "origin": [0, 0, 0], "children": [120, 121]}, {"name": "group", "origin": [0, 0, 0], "children": [122, 123, 124, 125]}, {"name": "group", "origin": [15.4375, 9.5, 5.1875], "children": [126, 127, 128, 129, 130, 131, 132, 133, 134, 135, 136, 137, 138, 139, 140, 141, 142, 143]}, {"name": "group", "origin": [14.375, 9.5, 0.25], "children": [144, 145, 146, 147, 148]}, {"name": "group", "origin": [0, -4.375, 15.375], "children": [149, 150]}, {"name": "group", "origin": [0, -4.375, 15.375], "children": [151, 152]}, {"name": "group", "origin": [0, -4.375, 15.375], "children": [153, 154]}, {"name": "group", "origin": [0, -4.375, 15.375], "children": [155, 156]}, {"name": "group", "origin": [0, -4.375, 15.375], "children": [157, 158]}, {"name": "group", "origin": [0, -4.375, 15.375], "children": [159, 160]}, {"name": "group", "origin": [0, -4.375, 15.375], "children": [161, 162]}, {"name": "group", "origin": [0, -4.375, 15.375], "children": [163, 164]}, {"name": "group", "origin": [0, -4.375, 15.375], "children": [165, 166]}, {"name": "group", "origin": [0, -4.375, 15.375], "children": [167, 168]}, {"name": "group", "origin": [0, -4.375, 15.375], "children": [169]}, {"name": "group", "origin": [0, -4.375, 15.375], "children": [170, 171]}, {"name": "group", "origin": [0, -4.375, 15.375], "children": [172, 173, 174, 175]}, {"name": "group", "origin": [0, -4.375, 15.375], "children": [176, 177, 178, 179, 180, 181, 182, 183]}]}