{"credit": "Made with Blockbench", "texture_size": [32, 32], "textures": {"0": "item/bone/brachiosaurus_center", "1": "item/bone/brachiosaurus_side", "2": "item/bone/brachiosaurus_legs", "particle": "item/bone/brachiosaurus_center"}, "elements": [{"from": [28.0, 4.0, -16], "to": [32, 16.0, -16], "faces": {"south": {"uv": [5.5, 5.0, 5.75, 5.75], "texture": "#0"}}}, {"from": [28.0, -1.0, -16], "to": [32, 11.0, -8.0], "faces": {"north": {"uv": [6.25, 0.0, 6.5, 0.75], "texture": "#0"}, "south": {"uv": [6.0, 1.0, 6.25, 1.75], "texture": "#0"}, "west": {"uv": [2.0, 6.0, 2.5, 6.75], "texture": "#0"}, "up": {"uv": [1.5, 8.0, 1.25, 7.5], "texture": "#0"}, "down": {"uv": [8.0, 1.0, 7.75, 1.5], "texture": "#0"}}}, {"from": [30.0, 9.816, -12.047519999999999], "to": [32, 20.816000000000003, -8.047519999999999], "faces": {"north": {"uv": [8.625, 6.0, 8.75, 6.6875], "texture": "#0"}, "south": {"uv": [7.0, 8.5, 7.125, 9.1875], "texture": "#0"}, "west": {"uv": [8.5, 7.0, 8.75, 7.6875], "texture": "#0"}, "up": {"uv": [8.75, 11.75, 8.625, 11.5], "texture": "#0"}, "down": {"uv": [11.75, 8.5, 11.625, 8.75], "texture": "#0"}}, "rotation": {"angle": 22.5, "axis": "x", "origin": [32.0, 15.316000000000003, -10.047519999999999]}}, {"from": [32, 3.0, -14.0], "to": [32, 6.0, -11.0], "faces": {"west": {"uv": [7.5, 10.5, 7.6875, 10.6875], "texture": "#1"}}}, {"from": [10.0, 3.0, -14.0], "to": [32, 6.0, -11.0], "faces": {"north": {"uv": [6.875, 2.0, 5.5, 2.1875], "texture": "#1"}, "east": {"uv": [7.6875, 10.5, 7.5, 10.6875], "texture": "#1"}, "south": {"uv": [6.875, 2.5, 5.5, 2.6875], "texture": "#1"}, "west": {"uv": [10.6875, 7.0, 10.5, 7.1875], "texture": "#1"}, "up": {"uv": [5.5, 3.1875, 6.875, 3.0], "texture": "#1"}, "down": {"uv": [5.5, 3.5, 6.875, 3.6875], "texture": "#1"}}}, {"from": [5.105919999999998, -5.815440000000006, -14.0], "to": [8.105919999999998, 6.784559999999994, -11.0], "faces": {"north": {"uv": [9.1875, 3.0, 9.0, 3.8125], "texture": "#1"}, "east": {"uv": [9.1875, 6.0, 9.0, 6.8125], "texture": "#1"}, "south": {"uv": [9.1875, 5.0, 9.0, 5.8125], "texture": "#1"}, "west": {"uv": [9.1875, 4.0, 9.0, 4.8125], "texture": "#1"}, "up": {"uv": [11.0, 0.6875, 11.1875, 0.5], "texture": "#1"}, "down": {"uv": [11.0, 1.0, 11.1875, 1.1875], "texture": "#1"}}, "rotation": {"angle": -45, "axis": "z", "origin": [6.605919999999998, 0.48455999999998056, -12.5]}}, {"from": [1.0, -16, -14.0], "to": [4.0, -3.0, -11.0], "faces": {"north": {"uv": [1.6875, 5.5, 1.5, 6.3125], "texture": "#1"}, "east": {"uv": [5.1875, 5.5, 5.0, 6.3125], "texture": "#1"}, "south": {"uv": [4.6875, 5.5, 4.5, 6.3125], "texture": "#1"}, "west": {"uv": [4.1875, 5.5, 4.0, 6.3125], "texture": "#1"}, "up": {"uv": [1.5, 11.1875, 1.6875, 11.0], "texture": "#1"}}}, {"from": [28.0, -6.0, -8.0], "to": [32, 6.0, 0.0], "faces": {"north": {"uv": [6.25, 2.0, 6.5, 2.75], "texture": "#0"}, "south": {"uv": [3.0, 6.0, 3.25, 6.75], "texture": "#0"}, "west": {"uv": [6.0, 3.0, 6.5, 3.75], "texture": "#0"}, "up": {"uv": [2.0, 8.0, 1.75, 7.5], "texture": "#0"}, "down": {"uv": [8.0, 1.5, 7.75, 2.0], "texture": "#0"}}}, {"from": [30.0, 4.853999999999999, -4.238800000000001], "to": [32, 14.854, -0.23880000000000123], "faces": {"north": {"uv": [8.625, 9.0, 8.75, 9.625], "texture": "#0"}, "south": {"uv": [9.5, 0.0, 9.625, 0.625], "texture": "#0"}, "west": {"uv": [9.5, 1.0, 9.75, 1.625], "texture": "#0"}, "up": {"uv": [9.25, 11.75, 9.125, 11.5], "texture": "#0"}, "down": {"uv": [11.75, 9.0, 11.625, 9.25], "texture": "#0"}}, "rotation": {"angle": 22.5, "axis": "x", "origin": [32.0, 9.854, -2.238800000000005]}}, {"from": [32, -2.0, -6.0], "to": [32, 1.0, -3.0], "faces": {"west": {"uv": [7.0, 10.5, 7.1875, 10.6875], "texture": "#1"}}}, {"from": [9.0, -2.0, -6.0], "to": [32, 1.0, -3.0], "faces": {"north": {"uv": [5.9375, 0.5, 4.5, 0.6875], "texture": "#1"}, "east": {"uv": [7.1875, 10.5, 7.0, 10.6875], "texture": "#1"}, "south": {"uv": [5.9375, 1.0, 4.5, 1.1875], "texture": "#1"}, "west": {"uv": [6.6875, 10.5, 6.5, 10.6875], "texture": "#1"}, "up": {"uv": [2.0, 4.6875, 3.4375, 4.5], "texture": "#1"}, "down": {"uv": [3.5, 4.5, 4.9375, 4.6875], "texture": "#1"}}}, {"from": [4.105919999999998, -10.815440000000006, -6.0], "to": [7.105919999999998, 1.7845599999999937, -3.0], "faces": {"north": {"uv": [9.1875, 7.0, 9.0, 7.8125], "texture": "#1"}, "east": {"uv": [9.6875, 0.0, 9.5, 0.8125], "texture": "#1"}, "south": {"uv": [9.1875, 9.0, 9.0, 9.8125], "texture": "#1"}, "west": {"uv": [9.1875, 8.0, 9.0, 8.8125], "texture": "#1"}, "up": {"uv": [2.5, 11.1875, 2.6875, 11.0], "texture": "#1"}, "down": {"uv": [11.0, 2.5, 11.1875, 2.6875], "texture": "#1"}}, "rotation": {"angle": -45, "axis": "z", "origin": [5.605919999999998, -4.515439999999991, -4.5]}}, {"from": [0.0, -16, -6.0], "to": [3.0, -8.0, -3.0], "faces": {"north": {"uv": [1.1875, 0.0, 1.0, 0.5], "texture": "#1"}, "east": {"uv": [2.1875, 0.0, 2.0, 0.5], "texture": "#1"}, "south": {"uv": [0.1875, 2.0, 0.0, 2.5], "texture": "#1"}, "west": {"uv": [1.6875, 0.0, 1.5, 0.5], "texture": "#1"}, "up": {"uv": [3.5, 11.1875, 3.6875, 11.0], "texture": "#1"}}}, {"from": [28.0, -10.0, 0.0], "to": [32, 2.0, 8.0], "faces": {"north": {"uv": [3.75, 6.0, 4.0, 6.75], "texture": "#0"}, "south": {"uv": [6.0, 4.0, 6.25, 4.75], "texture": "#0"}, "west": {"uv": [4.5, 6.0, 5.0, 6.75], "texture": "#0"}, "up": {"uv": [8.0, 2.5, 7.75, 2.0], "texture": "#0"}, "down": {"uv": [8.0, 2.5, 7.75, 3.0], "texture": "#0"}}}, {"from": [30.0, 0.8539999999999992, 3.7612000000000023], "to": [32, 10.854, 7.761200000000002], "faces": {"north": {"uv": [2.125, 9.5, 2.25, 10.125], "texture": "#0"}, "south": {"uv": [2.5, 9.5, 2.625, 10.125], "texture": "#0"}, "west": {"uv": [3.0, 9.5, 3.25, 10.125], "texture": "#0"}, "up": {"uv": [9.75, 11.75, 9.625, 11.5], "texture": "#0"}, "down": {"uv": [11.75, 9.5, 11.625, 9.75], "texture": "#0"}}, "rotation": {"angle": 22.5, "axis": "x", "origin": [32.0, 5.853999999999999, 5.761200000000002]}}, {"from": [32, -6.0, 2.0], "to": [32, -3.0, 5.0], "faces": {"west": {"uv": [6.0, 10.5, 6.1875, 10.6875], "texture": "#1"}}}, {"from": [9.0, -6.0, 2.0], "to": [32, -3.0, 5.0], "faces": {"north": {"uv": [5.4375, 3.0, 4.0, 3.1875], "texture": "#1"}, "east": {"uv": [6.1875, 10.5, 6.0, 10.6875], "texture": "#1"}, "south": {"uv": [5.4375, 3.5, 4.0, 3.6875], "texture": "#1"}, "west": {"uv": [5.6875, 10.5, 5.5, 10.6875], "texture": "#1"}, "up": {"uv": [4.0, 4.1875, 5.4375, 4.0], "texture": "#1"}, "down": {"uv": [4.5, 0.0, 5.9375, 0.1875], "texture": "#1"}}}, {"from": [4.105920000000012, -14.815440000000017, 2.0], "to": [7.105920000000012, -2.2154400000000187, 5.0], "faces": {"north": {"uv": [1.1875, 9.5, 1.0, 10.3125], "texture": "#1"}, "east": {"uv": [2.1875, 9.5, 2.0, 10.3125], "texture": "#1"}, "south": {"uv": [1.6875, 9.5, 1.5, 10.3125], "texture": "#1"}, "west": {"uv": [9.6875, 1.0, 9.5, 1.8125], "texture": "#1"}, "up": {"uv": [3.0, 11.1875, 3.1875, 11.0], "texture": "#1"}, "down": {"uv": [11.0, 3.0, 11.1875, 3.1875], "texture": "#1"}}, "rotation": {"angle": -45, "axis": "z", "origin": [5.605920000000012, -8.515440000000027, 3.5]}}, {"from": [0.0, -16, 2.0], "to": [3.0, -12.0, 5.0], "faces": {"north": {"uv": [2.6875, 0.0, 2.5, 0.25], "texture": "#1"}, "east": {"uv": [3.1875, 2.0, 3.0, 2.25], "texture": "#1"}, "south": {"uv": [3.1875, 0.0, 3.0, 0.25], "texture": "#1"}, "west": {"uv": [2.6875, 2.0, 2.5, 2.25], "texture": "#1"}, "up": {"uv": [8.5, 11.1875, 8.6875, 11.0], "texture": "#1"}}}, {"from": [28.0, -15.0, 8.0], "to": [32, -3.0, 16.0], "faces": {"north": {"uv": [5.25, 6.0, 5.5, 6.75], "texture": "#0"}, "south": {"uv": [5.5, 6.0, 5.75, 6.75], "texture": "#0"}, "west": {"uv": [6.0, 6.0, 6.5, 6.75], "texture": "#0"}, "up": {"uv": [8.0, 3.5, 7.75, 3.0], "texture": "#0"}, "down": {"uv": [8.0, 3.5, 7.75, 4.0], "texture": "#0"}}}, {"from": [30.0, -4.146000000000004, 11.761199999999995], "to": [32, 5.853999999999996, 15.761199999999995], "faces": {"north": {"uv": [9.625, 3.0, 9.75, 3.625], "texture": "#0"}, "south": {"uv": [4.0, 9.5, 4.125, 10.125], "texture": "#0"}, "west": {"uv": [9.5, 4.0, 9.75, 4.625], "texture": "#0"}, "up": {"uv": [10.25, 11.75, 10.125, 11.5], "texture": "#0"}, "down": {"uv": [11.75, 10.0, 11.625, 10.25], "texture": "#0"}}, "rotation": {"angle": 22.5, "axis": "x", "origin": [32.0, 0.8539999999999939, 13.761200000000002]}}, {"from": [32, -11.0, 10.0], "to": [32, -8.0, 13.0], "faces": {"west": {"uv": [5.0, 10.5, 5.1875, 10.6875], "texture": "#1"}}}, {"from": [9.0, -11.0, 10.0], "to": [32, -8.0, 13.0], "faces": {"north": {"uv": [5.4375, 1.5, 4.0, 1.6875], "texture": "#1"}, "east": {"uv": [5.1875, 10.5, 5.0, 10.6875], "texture": "#1"}, "south": {"uv": [3.4375, 4.0, 2.0, 4.1875], "texture": "#1"}, "west": {"uv": [10.6875, 4.5, 10.5, 4.6875], "texture": "#1"}, "up": {"uv": [4.0, 2.1875, 5.4375, 2.0], "texture": "#1"}, "down": {"uv": [4.0, 2.5, 5.4375, 2.6875], "texture": "#1"}}}, {"from": [4.105919999999998, -16, 10.0], "to": [7.105919999999998, -7.215439999999994, 13.0], "faces": {"north": {"uv": [5.1875, 9.5, 5.0, 10.06646], "texture": "#1"}, "east": {"uv": [6.1875, 9.5, 6.0, 10.06646], "texture": "#1"}, "south": {"uv": [5.6875, 9.5, 5.5, 10.06646], "texture": "#1"}, "west": {"uv": [9.6875, 5.0, 9.5, 5.56646], "texture": "#1"}, "up": {"uv": [7.0, 11.1875, 7.1875, 11.0], "texture": "#1"}}, "rotation": {"angle": -45, "axis": "z", "origin": [5.605919999999998, -13.515439999999987, 11.5]}}, {"from": [28.0, -16, 16.0], "to": [32, -8.0, 24.0], "faces": {"north": {"uv": [6.75, 0.0, 7.0, 0.5], "texture": "#0"}, "south": {"uv": [6.5, 1.0, 6.75, 1.5], "texture": "#0"}, "west": {"uv": [1.5, 6.5, 2.0, 7.0], "texture": "#0"}, "up": {"uv": [8.0, 4.5, 7.75, 4.0], "texture": "#0"}}}, {"from": [30.0, -9.146, 19.761200000000002], "to": [32, 0.8539999999999992, 23.761200000000002], "faces": {"north": {"uv": [9.625, 5.0, 9.75, 5.625], "texture": "#0"}, "south": {"uv": [6.5, 9.5, 6.625, 10.125], "texture": "#0"}, "west": {"uv": [7.0, 9.5, 7.25, 10.125], "texture": "#0"}, "up": {"uv": [11.25, 11.75, 11.125, 11.5], "texture": "#0"}, "down": {"uv": [11.75, 11.0, 11.625, 11.25], "texture": "#0"}}, "rotation": {"angle": 22.5, "axis": "x", "origin": [32.0, -4.146000000000001, 21.761200000000002]}}, {"from": [32, -16, 18.0], "to": [32, -13.0, 21.0], "faces": {"west": {"uv": [4.5, 10.5, 4.6875, 10.6875], "texture": "#1"}}}, {"from": [10.0, -16, 18.0], "to": [32, -13.0, 21.0], "faces": {"north": {"uv": [5.375, 5.0, 4.0, 5.1875], "texture": "#1"}, "east": {"uv": [4.6875, 10.5, 4.5, 10.6875], "texture": "#1"}, "south": {"uv": [6.375, 4.5, 5.0, 4.6875], "texture": "#1"}, "west": {"uv": [10.6875, 4.0, 10.5, 4.1875], "texture": "#1"}, "up": {"uv": [0.0, 5.6875, 1.375, 5.5], "texture": "#1"}, "down": {"uv": [5.5, 1.5, 6.875, 1.6875], "texture": "#1"}}}, {"from": [5.105919999999998, -16, 18.0], "to": [8.105919999999998, -12.215440000000008, 21.0], "faces": {"north": {"uv": [3.6875, 9.5, 3.5, 9.74404], "texture": "#1"}, "east": {"uv": [4.6875, 9.5, 4.5, 9.74404], "texture": "#1"}, "south": {"uv": [9.6875, 4.0, 9.5, 4.24404], "texture": "#1"}, "west": {"uv": [4.1875, 9.5, 4.0, 9.74404], "texture": "#1"}, "up": {"uv": [6.5, 11.1875, 6.6875, 11.0], "texture": "#1"}}, "rotation": {"angle": -45, "axis": "z", "origin": [6.605919999999998, -18.515440000000027, 19.5]}}, {"from": [28.0, -16, 24.0], "to": [32, -13.0, 32], "faces": {"north": {"uv": [6.75, 2.0, 7.0, 2.1875], "texture": "#0"}, "south": {"uv": [6.5, 4.0, 6.75, 4.1875], "texture": "#0"}, "west": {"uv": [6.5, 5.0, 7.0, 5.1875], "texture": "#0"}, "up": {"uv": [8.0, 5.5, 7.75, 5.0], "texture": "#0"}}}, {"from": [30.0, -14.183999999999997, 27.95248], "to": [32, -3.1839999999999975, 31.95248], "faces": {"north": {"uv": [7.625, 8.5, 7.75, 9.1875], "texture": "#0"}, "south": {"uv": [8.5, 8.0, 8.625, 8.6875], "texture": "#0"}, "west": {"uv": [0.0, 9.0, 0.25, 9.6875], "texture": "#0"}, "up": {"uv": [10.75, 11.75, 10.625, 11.5], "texture": "#0"}, "down": {"uv": [11.75, 10.5, 11.625, 10.75], "texture": "#0"}}, "rotation": {"angle": 22.5, "axis": "x", "origin": [32.0, -8.684000000000005, 29.952479999999994]}}, {"from": [-1.9200000000000017, -16, -7.920079999999999], "to": [2.0799999999999983, -6.816960000000009, 2.0799200000000013], "faces": {"north": {"uv": [5.75, 2.5, 5.5, 3.07394], "texture": "#2"}, "east": {"uv": [2.625, 2.5, 2.0, 3.07394], "texture": "#2"}, "south": {"uv": [5.75, 5.0, 5.5, 5.57394], "texture": "#2"}, "west": {"uv": [1.625, 2.0, 1.0, 2.57394], "texture": "#2"}, "up": {"uv": [8.0, 3.625, 8.25, 3.0], "texture": "#2"}}, "rotation": {"angle": 22.5, "axis": "x", "origin": [0.0799999999999983, -23.81696000000001, -2.9200799999999774]}}], "display": {"gui": {"rotation": [0, -90, 0], "translation": [0, -3.25, 0], "scale": [0.5, 0.5, 0.5]}, "fixed": {"rotation": [-90, 0, 0], "translation": [0, 0, -19.25], "scale": [2, 2, 2]}}, "groups": [{"name": "group", "origin": [0, 0, 0], "children": []}, {"name": "group", "origin": [14.375, 9.5, 0.25], "children": [0, 1, 2, 3, 4, 5, 6, 7]}, {"name": "group", "origin": [14.375, 9.5, 0.25], "children": [8, 9, 10, 11, 12, 13, 14, 15, 16, 17]}, {"name": "group", "origin": [14.375, 9.5, 0.25], "children": [18, 19, 20, 21, 22, 23, 24, 25, 26, 27]}, {"name": "group", "origin": [14.375, 9.5, 0.25], "children": [28, 29, 30, 31, 32, 33, 34, 35, 36, 37]}, {"name": "group", "origin": [14.375, 9.5, 0.25], "children": [38, 39, 40, 41, 42, 43, 44, 45, 46, 47]}, {"name": "group", "origin": [14.375, 9.5, 0.25], "children": [48, 49, 50, 51, 52, 53, 54, 55, 56, 57]}, {"name": "group", "origin": [14.375, 9.5, 0.25], "children": [58, 59, 60, 61, 62, 63, 64, 65, 66, 67]}, {"name": "group", "origin": [14.375, 9.5, 0.25], "children": [68, 69, 70, 71, 72, 73, 74, 75, 76, 77]}, {"name": "group", "origin": [14.375, 9.5, 0.25], "children": [78, 79, 80, 81, 82, 83, 84, 85]}, {"name": "group", "origin": [14.375, 9.5, 0.25], "children": [86, 87, 88, 89, 90, 91, 92, 93, 94, 95, 96, 97, 98, 99, 100, 101, 102, 103, 104, 105, 106, 107]}, {"name": "group", "origin": [0, 0, 0], "children": [108]}, {"name": "group", "origin": [0, 0, 0], "children": [109]}, {"name": "group", "origin": [0, 0, 0], "children": [110, 111]}, {"name": "group", "origin": [0, 0, 0], "children": [112, 113]}, {"name": "group", "origin": [0, 0, 0], "children": [114, 115]}, {"name": "group", "origin": [0, 0, 0], "children": [116, 117]}, {"name": "group", "origin": [0, 0, 0], "children": [118, 119]}, {"name": "group", "origin": [0, 0, 0], "children": [120, 121]}, {"name": "group", "origin": [0, 0, 0], "children": [122, 123, 124, 125]}, {"name": "group", "origin": [15.4375, 9.5, 5.1875], "children": [126, 127, 128, 129, 130, 131, 132, 133, 134, 135, 136, 137, 138, 139, 140, 141, 142, 143]}, {"name": "group", "origin": [14.375, 9.5, 0.25], "children": [144, 145, 146, 147, 148]}, {"name": "group", "origin": [0, -4.375, 15.375], "children": [149, 150]}, {"name": "group", "origin": [0, -4.375, 15.375], "children": [151, 152]}, {"name": "group", "origin": [0, -4.375, 15.375], "children": [153, 154]}, {"name": "group", "origin": [0, -4.375, 15.375], "children": [155, 156]}, {"name": "group", "origin": [0, -4.375, 15.375], "children": [157, 158]}, {"name": "group", "origin": [0, -4.375, 15.375], "children": [159, 160]}, {"name": "group", "origin": [0, -4.375, 15.375], "children": [161, 162]}, {"name": "group", "origin": [0, -4.375, 15.375], "children": [163, 164]}, {"name": "group", "origin": [0, -4.375, 15.375], "children": [165, 166]}, {"name": "group", "origin": [0, -4.375, 15.375], "children": [167, 168]}, {"name": "group", "origin": [0, -4.375, 15.375], "children": [169]}, {"name": "group", "origin": [0, -4.375, 15.375], "children": [170, 171]}, {"name": "group", "origin": [0, -4.375, 15.375], "children": [172, 173, 174, 175]}, {"name": "group", "origin": [0, -4.375, 15.375], "children": [176, 177, 178, 179, 180, 181, 182, 183]}]}