{"credit": "Made with Blockbench", "texture_size": [32, 32], "textures": {"0": "item/bone/brachiosaurus_center", "1": "item/bone/brachiosaurus_side", "2": "item/bone/brachiosaurus_legs", "particle": "item/bone/brachiosaurus_center"}, "elements": [{"from": [28.0, 7.0, 16.0], "to": [32, 19.0, 24.0], "faces": {"north": {"uv": [5.25, 5.0, 5.5, 5.75], "texture": "#0"}, "south": {"uv": [1.0, 5.5, 1.25, 6.25], "texture": "#0"}, "west": {"uv": [5.5, 1.0, 6.0, 1.75], "texture": "#0"}, "up": {"uv": [7.0, 7.5, 6.75, 7.0], "texture": "#0"}, "down": {"uv": [7.5, 7.0, 7.25, 7.5], "texture": "#0"}}}, {"from": [30.0, 17.854, 19.7612], "to": [32, 27.854, 23.7612], "faces": {"north": {"uv": [9.125, 4.0, 9.25, 4.625], "texture": "#0"}, "south": {"uv": [5.0, 9.0, 5.125, 9.625], "texture": "#0"}, "west": {"uv": [5.5, 9.0, 5.75, 9.625], "texture": "#0"}, "up": {"uv": [7.25, 11.75, 7.125, 11.5], "texture": "#0"}, "down": {"uv": [7.75, 11.5, 7.625, 11.75], "texture": "#0"}}, "rotation": {"angle": 22.5, "axis": "x", "origin": [32.0, 22.854, 21.761200000000002]}}, {"from": [32, 11.0, 18.0], "to": [32, 14.0, 21.0], "faces": {"west": {"uv": [8.5, 10.5, 8.6875, 10.6875], "texture": "#1"}}}, {"from": [17.0, 11.0, 18.0], "to": [32, 14.0, 21.0], "faces": {"north": {"uv": [6.9375, 7.5, 6.0, 7.6875], "texture": "#1"}, "east": {"uv": [8.6875, 10.5, 8.5, 10.6875], "texture": "#1"}, "south": {"uv": [8.4375, 6.0, 7.5, 6.1875], "texture": "#1"}, "west": {"uv": [10.6875, 8.0, 10.5, 8.1875], "texture": "#1"}, "up": {"uv": [7.0, 7.6875, 7.9375, 7.5], "texture": "#1"}, "down": {"uv": [7.5, 7.0, 8.4375, 7.1875], "texture": "#1"}}}, {"from": [12.105919999999998, 2.184559999999987, 18.0], "to": [15.105919999999998, 14.784559999999988, 21.0], "faces": {"north": {"uv": [5.1875, 8.5, 5.0, 9.3125], "texture": "#1"}, "east": {"uv": [6.6875, 8.5, 6.5, 9.3125], "texture": "#1"}, "south": {"uv": [6.1875, 8.5, 6.0, 9.3125], "texture": "#1"}, "west": {"uv": [5.6875, 8.5, 5.5, 9.3125], "texture": "#1"}, "up": {"uv": [10.5, 8.6875, 10.6875, 8.5], "texture": "#1"}, "down": {"uv": [10.5, 9.0, 10.6875, 9.1875], "texture": "#1"}}, "rotation": {"angle": -45, "axis": "z", "origin": [13.605919999999998, 8.484559999999975, 19.5]}}, {"from": [8.0, -8.0, 18.0], "to": [11.0, 5.0, 21.0], "faces": {"north": {"uv": [7.1875, 8.5, 7.0, 9.3125], "texture": "#1"}, "east": {"uv": [8.6875, 8.5, 8.5, 9.3125], "texture": "#1"}, "south": {"uv": [8.1875, 8.5, 8.0, 9.3125], "texture": "#1"}, "west": {"uv": [7.6875, 8.5, 7.5, 9.3125], "texture": "#1"}, "up": {"uv": [10.5, 9.6875, 10.6875, 9.5], "texture": "#1"}, "down": {"uv": [10.5, 10.0, 10.6875, 10.1875], "texture": "#1"}}}, {"from": [28.0, 4.0, 24.0], "to": [32, 16.0, 32], "faces": {"north": {"uv": [1.75, 5.5, 2.0, 6.25], "texture": "#0"}, "south": {"uv": [5.5, 5.0, 5.75, 5.75], "texture": "#0"}, "west": {"uv": [0.0, 6.0, 0.5, 6.75], "texture": "#0"}, "up": {"uv": [8.0, 0.5, 7.75, 0.0], "texture": "#0"}, "down": {"uv": [8.0, 0.5, 7.75, 1.0], "texture": "#0"}}}, {"from": [30.0, 14.854, 27.761200000000002], "to": [32, 24.854, 31.761200000000002], "faces": {"north": {"uv": [6.125, 9.0, 6.25, 9.625], "texture": "#0"}, "south": {"uv": [9.0, 7.0, 9.125, 7.625], "texture": "#0"}, "west": {"uv": [9.0, 8.0, 9.25, 8.625], "texture": "#0"}, "up": {"uv": [8.25, 11.75, 8.125, 11.5], "texture": "#0"}, "down": {"uv": [11.75, 8.0, 11.625, 8.25], "texture": "#0"}}, "rotation": {"angle": 22.5, "axis": "x", "origin": [32.0, 19.854, 29.761200000000002]}}, {"from": [32, 8.0, 26.0], "to": [32, 11.0, 29.0], "faces": {"west": {"uv": [8.0, 10.5, 8.1875, 10.6875], "texture": "#1"}}}, {"from": [14.0, 8.0, 26.0], "to": [32, 11.0, 29.0], "faces": {"north": {"uv": [7.625, 4.5, 6.5, 4.6875], "texture": "#1"}, "east": {"uv": [8.1875, 10.5, 8.0, 10.6875], "texture": "#1"}, "south": {"uv": [6.625, 6.5, 5.5, 6.6875], "texture": "#1"}, "west": {"uv": [10.6875, 7.5, 10.5, 7.6875], "texture": "#1"}, "up": {"uv": [7.0, 0.1875, 8.125, 0.0], "texture": "#1"}, "down": {"uv": [7.0, 0.5, 8.125, 0.6875], "texture": "#1"}}}, {"from": [9.105919999999998, -0.8154400000000059, 26.0], "to": [12.105919999999998, 11.784559999999992, 29.0], "faces": {"north": {"uv": [0.1875, 9.0, 0.0, 9.8125], "texture": "#1"}, "east": {"uv": [9.1875, 2.0, 9.0, 2.8125], "texture": "#1"}, "south": {"uv": [9.1875, 1.0, 9.0, 1.8125], "texture": "#1"}, "west": {"uv": [0.6875, 9.0, 0.5, 9.8125], "texture": "#1"}, "up": {"uv": [10.5, 10.6875, 10.6875, 10.5], "texture": "#1"}, "down": {"uv": [0.0, 11.0, 0.1875, 11.1875], "texture": "#1"}}, "rotation": {"angle": -45, "axis": "z", "origin": [10.605919999999998, 5.484559999999981, 27.5]}}, {"from": [5.0, -15.0, 26.0], "to": [8.0, 2.0, 29.0], "faces": {"north": {"uv": [7.1875, 2.5, 7.0, 3.5625], "texture": "#1"}, "east": {"uv": [5.1875, 7.0, 5.0, 8.0625], "texture": "#1"}, "south": {"uv": [4.6875, 7.0, 4.5, 8.0625], "texture": "#1"}, "west": {"uv": [4.1875, 7.0, 4.0, 8.0625], "texture": "#1"}, "up": {"uv": [11.0, 0.1875, 11.1875, 0.0], "texture": "#1"}, "down": {"uv": [0.5, 11.0, 0.6875, 11.1875], "texture": "#1"}}}, {"from": [8.330000000000013, -16, 26.0], "to": [11.330000000000013, -13.740880000000008, 29.0], "faces": {"north": {"uv": [3.1875, 6.5, 3.0, 6.6412], "texture": "#1"}, "east": {"uv": [1.6875, 7.0, 1.5, 7.14119], "texture": "#1"}, "south": {"uv": [7.1875, 1.0, 7.0, 1.14119], "texture": "#1"}, "west": {"uv": [3.6875, 6.5, 3.5, 6.6412], "texture": "#1"}, "up": {"uv": [2.0, 11.1875, 2.1875, 11.0], "texture": "#1"}}, "rotation": {"angle": 22.5, "axis": "z", "origin": [9.830000000000013, -22.74088000000004, 27.5]}}, {"from": [28.0, -1.0, 32], "to": [32, 11.0, 32], "faces": {"north": {"uv": [6.25, 0.0, 6.5, 0.75], "texture": "#0"}}}, {"from": [29.0, 22.4708, 7.18768], "to": [32, 26.4708, 16.18768], "faces": {"north": {"uv": [11.1875, 10.0, 11.375, 10.25], "texture": "#0"}, "south": {"uv": [10.5, 11.0, 10.6875, 11.25], "texture": "#0"}, "west": {"uv": [10.0, 4.5, 10.5625, 4.75], "texture": "#0"}, "up": {"uv": [3.875, 8.5625, 3.6875, 8.0], "texture": "#0"}, "down": {"uv": [8.375, 3.5, 8.1875, 4.0625], "texture": "#0"}}, "rotation": {"angle": 22.5, "axis": "x", "origin": [32.0, 24.470800000000004, 11.68768]}}, {"from": [27.0, 9.54384, 1.8207199999999997], "to": [32, 22.54384, 17.82072], "faces": {"north": {"uv": [0.3125, 4.0, 0.625, 4.8125], "texture": "#0"}, "south": {"uv": [4.0, 0.0, 4.3125, 0.8125], "texture": "#0"}, "west": {"uv": [0.0, 1.0, 1.0, 1.8125], "texture": "#0"}, "up": {"uv": [3.625, 1.0, 3.3125, 0.0], "texture": "#0"}, "down": {"uv": [3.625, 2.5, 3.3125, 3.5], "texture": "#0"}}, "rotation": {"angle": 22.5, "axis": "x", "origin": [32.0, 16.04384, 9.820719999999998]}}, {"from": [27.0, 17.58192, -12.370640000000002], "to": [32, 29.58192, 3.6293599999999984], "faces": {"north": {"uv": [4.3125, 4.0, 4.625, 4.75], "texture": "#0"}, "south": {"uv": [1.0, 4.5, 1.3125, 5.25], "texture": "#0"}, "west": {"uv": [1.0, 1.0, 2.0, 1.75], "texture": "#0"}, "up": {"uv": [2.625, 3.5, 2.3125, 2.5], "texture": "#0"}, "down": {"uv": [0.625, 3.0, 0.3125, 4.0], "texture": "#0"}}, "rotation": {"angle": 22.5, "axis": "x", "origin": [32.0, 23.581920000000004, -4.370640000000002]}}, {"from": [29.0, 29.546960000000002, -7.195039999999999], "to": [32, 32, 1.8049599999999995], "faces": {"north": {"uv": [0.1875, 11.59668, 0.375, 11.75], "texture": "#0"}, "south": {"uv": [11.5, 0.09668, 11.6875, 0.25], "texture": "#0"}, "west": {"uv": [10.0, 7.59669, 10.5625, 7.75], "texture": "#0"}, "down": {"uv": [5.875, 8.0, 5.6875, 8.5625], "texture": "#0"}}, "rotation": {"angle": 22.5, "axis": "x", "origin": [32.0, 31.546960000000002, -2.6950399999999988]}}, {"from": [27.0, 25.619920000000004, -16], "to": [32, 32, -10.562000000000001], "faces": {"south": {"uv": [2.5, 5.28874, 2.8125, 5.6875], "texture": "#0"}, "west": {"uv": [2.66012, 0.28875, 3.0, 0.6875], "texture": "#0"}, "down": {"uv": [3.125, 1.5, 2.8125, 1.83988], "texture": "#0"}}, "rotation": {"angle": 22.5, "axis": "x", "origin": [32.0, 31.119920000000004, -18.561999999999998]}}], "display": {"gui": {"rotation": [0, -90, 0], "translation": [0, -3.25, 0], "scale": [0.5, 0.5, 0.5]}, "fixed": {"rotation": [-90, 0, 0], "translation": [0, 0, -19.25], "scale": [2, 2, 2]}}, "groups": [{"name": "group", "origin": [0, 0, 0], "children": []}, {"name": "group", "origin": [14.375, 9.5, 0.25], "children": [0, 1, 2, 3, 4, 5, 6, 7]}, {"name": "group", "origin": [14.375, 9.5, 0.25], "children": [8, 9, 10, 11, 12, 13, 14, 15, 16, 17]}, {"name": "group", "origin": [14.375, 9.5, 0.25], "children": [18, 19, 20, 21, 22, 23, 24, 25, 26, 27]}, {"name": "group", "origin": [14.375, 9.5, 0.25], "children": [28, 29, 30, 31, 32, 33, 34, 35, 36, 37]}, {"name": "group", "origin": [14.375, 9.5, 0.25], "children": [38, 39, 40, 41, 42, 43, 44, 45, 46, 47]}, {"name": "group", "origin": [14.375, 9.5, 0.25], "children": [48, 49, 50, 51, 52, 53, 54, 55, 56, 57]}, {"name": "group", "origin": [14.375, 9.5, 0.25], "children": [58, 59, 60, 61, 62, 63, 64, 65, 66, 67]}, {"name": "group", "origin": [14.375, 9.5, 0.25], "children": [68, 69, 70, 71, 72, 73, 74, 75, 76, 77]}, {"name": "group", "origin": [14.375, 9.5, 0.25], "children": [78, 79, 80, 81, 82, 83, 84, 85]}, {"name": "group", "origin": [14.375, 9.5, 0.25], "children": [86, 87, 88, 89, 90, 91, 92, 93, 94, 95, 96, 97, 98, 99, 100, 101, 102, 103, 104, 105, 106, 107]}, {"name": "group", "origin": [0, 0, 0], "children": [108]}, {"name": "group", "origin": [0, 0, 0], "children": [109]}, {"name": "group", "origin": [0, 0, 0], "children": [110, 111]}, {"name": "group", "origin": [0, 0, 0], "children": [112, 113]}, {"name": "group", "origin": [0, 0, 0], "children": [114, 115]}, {"name": "group", "origin": [0, 0, 0], "children": [116, 117]}, {"name": "group", "origin": [0, 0, 0], "children": [118, 119]}, {"name": "group", "origin": [0, 0, 0], "children": [120, 121]}, {"name": "group", "origin": [0, 0, 0], "children": [122, 123, 124, 125]}, {"name": "group", "origin": [15.4375, 9.5, 5.1875], "children": [126, 127, 128, 129, 130, 131, 132, 133, 134, 135, 136, 137, 138, 139, 140, 141, 142, 143]}, {"name": "group", "origin": [14.375, 9.5, 0.25], "children": [144, 145, 146, 147, 148]}, {"name": "group", "origin": [0, -4.375, 15.375], "children": [149, 150]}, {"name": "group", "origin": [0, -4.375, 15.375], "children": [151, 152]}, {"name": "group", "origin": [0, -4.375, 15.375], "children": [153, 154]}, {"name": "group", "origin": [0, -4.375, 15.375], "children": [155, 156]}, {"name": "group", "origin": [0, -4.375, 15.375], "children": [157, 158]}, {"name": "group", "origin": [0, -4.375, 15.375], "children": [159, 160]}, {"name": "group", "origin": [0, -4.375, 15.375], "children": [161, 162]}, {"name": "group", "origin": [0, -4.375, 15.375], "children": [163, 164]}, {"name": "group", "origin": [0, -4.375, 15.375], "children": [165, 166]}, {"name": "group", "origin": [0, -4.375, 15.375], "children": [167, 168]}, {"name": "group", "origin": [0, -4.375, 15.375], "children": [169]}, {"name": "group", "origin": [0, -4.375, 15.375], "children": [170, 171]}, {"name": "group", "origin": [0, -4.375, 15.375], "children": [172, 173, 174, 175]}, {"name": "group", "origin": [0, -4.375, 15.375], "children": [176, 177, 178, 179, 180, 181, 182, 183]}]}