{"credit": "Made with Blockbench", "texture_size": [32, 32], "textures": {"0": "item/bone/brachiosaurus_center", "1": "item/bone/brachiosaurus_side", "2": "item/bone/brachiosaurus_legs", "particle": "item/bone/brachiosaurus_center"}, "elements": [{"from": [28.0, -11.0, 31.0], "to": [32, -3.0, 32], "faces": {"north": {"uv": [2.25, 1.5, 2.5, 2.0], "texture": "#0"}, "west": {"uv": [3.0, 4.5, 3.0625, 5.0], "texture": "#0"}, "up": {"uv": [0.5, 5.875, 0.25, 5.8125], "texture": "#0"}, "down": {"uv": [5.5, 0.8125, 5.25, 0.875], "texture": "#0"}}}, {"from": [30.0, -3.0, 32], "to": [32, 0.0, 32], "faces": {"north": {"uv": [3.125, 12.0, 3.25, 12.1875], "texture": "#0"}}}, {"from": [29.0, -8.0, 15.0], "to": [32, -1.0, 31.0], "faces": {"north": {"uv": [2.1875, 9.0, 2.375, 9.4375], "texture": "#0"}, "south": {"uv": [2.5, 9.0, 2.6875, 9.4375], "texture": "#0"}, "west": {"uv": [4.5, 1.5, 5.5, 1.9375], "texture": "#0"}, "up": {"uv": [5.375, 5.0, 5.1875, 4.0], "texture": "#0"}, "down": {"uv": [4.875, 5.0, 4.6875, 6.0], "texture": "#0"}}}, {"from": [31.0, -1.0, 17.0], "to": [32, 2.0, 26.0], "faces": {"north": {"uv": [11.0625, 12.0, 11.125, 12.1875], "texture": "#0"}, "south": {"uv": [12.0, 11.0, 12.0625, 11.1875], "texture": "#0"}, "west": {"uv": [11.0, 5.5, 11.5625, 5.6875], "texture": "#0"}, "up": {"uv": [5.625, 12.0625, 5.5625, 11.5], "texture": "#0"}, "down": {"uv": [6.125, 11.5, 6.0625, 12.0625], "texture": "#0"}}}, {"from": [27.0, -7.0, 6.0], "to": [32, 1.0, 15.0], "faces": {"north": {"uv": [2.8125, 7.0, 3.125, 7.5], "texture": "#2"}, "south": {"uv": [7.0, 3.0, 7.3125, 3.5], "texture": "#2"}, "west": {"uv": [2.5, 7.5, 3.0625, 8.0], "texture": "#2"}, "up": {"uv": [1.125, 7.5625, 0.8125, 7.0], "texture": "#2"}, "down": {"uv": [7.625, 1.0, 7.3125, 1.5625], "texture": "#2"}}}, {"from": [27.0, -7.0, 0.0], "to": [32, -4.0, 6.0], "faces": {"north": {"uv": [8.8125, 1.5, 9.125, 1.6875], "texture": "#2"}, "south": {"uv": [2.0, 8.5, 2.3125, 8.6875], "texture": "#2"}, "west": {"uv": [6.5, 8.5, 6.875, 8.6875], "texture": "#2"}, "up": {"uv": [8.125, 7.375, 7.8125, 7.0], "texture": "#2"}, "down": {"uv": [8.125, 7.5, 7.8125, 7.875], "texture": "#2"}}}, {"from": [27.0, -5.761199999999999, -1.8539999999999992], "to": [32, -0.7611999999999988, 7.146000000000001], "faces": {"north": {"uv": [0.8125, 8.0, 1.125, 8.3125], "texture": "#2"}, "south": {"uv": [8.0, 0.5, 8.3125, 0.8125], "texture": "#2"}, "west": {"uv": [8.0, 2.0, 8.5625, 2.3125], "texture": "#2"}, "up": {"uv": [2.125, 7.5625, 1.8125, 7.0], "texture": "#2"}, "down": {"uv": [7.625, 2.0, 7.3125, 2.5625], "texture": "#2"}}, "rotation": {"angle": -22.5, "axis": "x", "origin": [32.0, -3.261199999999995, 2.646000000000015]}}, {"from": [28.0, -10.909199999999998, 0.3743199999999973], "to": [32, -6.9091999999999985, 16.374319999999997], "faces": {"north": {"uv": [6.75, 8.0, 7.0, 8.25], "texture": "#2"}, "south": {"uv": [7.5, 8.0, 7.75, 8.25], "texture": "#2"}, "west": {"uv": [7.5, 5.5, 8.5, 5.75], "texture": "#2"}, "up": {"uv": [1.0, 7.0, 0.75, 6.0], "texture": "#2"}, "down": {"uv": [6.5, 2.0, 6.25, 3.0], "texture": "#2"}}, "rotation": {"angle": -22.5, "axis": "x", "origin": [32.0, -8.909199999999977, 8.374319999999983]}}], "display": {"gui": {"rotation": [0, -90, 0], "translation": [0, -3.25, 0], "scale": [0.5, 0.5, 0.5]}, "fixed": {"rotation": [-90, 0, 0], "translation": [0, 0, -19.25], "scale": [2, 2, 2]}}, "groups": [{"name": "group", "origin": [0, 0, 0], "children": []}, {"name": "group", "origin": [14.375, 9.5, 0.25], "children": [0, 1, 2, 3, 4, 5, 6, 7]}, {"name": "group", "origin": [14.375, 9.5, 0.25], "children": [8, 9, 10, 11, 12, 13, 14, 15, 16, 17]}, {"name": "group", "origin": [14.375, 9.5, 0.25], "children": [18, 19, 20, 21, 22, 23, 24, 25, 26, 27]}, {"name": "group", "origin": [14.375, 9.5, 0.25], "children": [28, 29, 30, 31, 32, 33, 34, 35, 36, 37]}, {"name": "group", "origin": [14.375, 9.5, 0.25], "children": [38, 39, 40, 41, 42, 43, 44, 45, 46, 47]}, {"name": "group", "origin": [14.375, 9.5, 0.25], "children": [48, 49, 50, 51, 52, 53, 54, 55, 56, 57]}, {"name": "group", "origin": [14.375, 9.5, 0.25], "children": [58, 59, 60, 61, 62, 63, 64, 65, 66, 67]}, {"name": "group", "origin": [14.375, 9.5, 0.25], "children": [68, 69, 70, 71, 72, 73, 74, 75, 76, 77]}, {"name": "group", "origin": [14.375, 9.5, 0.25], "children": [78, 79, 80, 81, 82, 83, 84, 85]}, {"name": "group", "origin": [14.375, 9.5, 0.25], "children": [86, 87, 88, 89, 90, 91, 92, 93, 94, 95, 96, 97, 98, 99, 100, 101, 102, 103, 104, 105, 106, 107]}, {"name": "group", "origin": [0, 0, 0], "children": [108]}, {"name": "group", "origin": [0, 0, 0], "children": [109]}, {"name": "group", "origin": [0, 0, 0], "children": [110, 111]}, {"name": "group", "origin": [0, 0, 0], "children": [112, 113]}, {"name": "group", "origin": [0, 0, 0], "children": [114, 115]}, {"name": "group", "origin": [0, 0, 0], "children": [116, 117]}, {"name": "group", "origin": [0, 0, 0], "children": [118, 119]}, {"name": "group", "origin": [0, 0, 0], "children": [120, 121]}, {"name": "group", "origin": [0, 0, 0], "children": [122, 123, 124, 125]}, {"name": "group", "origin": [15.4375, 9.5, 5.1875], "children": [126, 127, 128, 129, 130, 131, 132, 133, 134, 135, 136, 137, 138, 139, 140, 141, 142, 143]}, {"name": "group", "origin": [14.375, 9.5, 0.25], "children": [144, 145, 146, 147, 148]}, {"name": "group", "origin": [0, -4.375, 15.375], "children": [149, 150]}, {"name": "group", "origin": [0, -4.375, 15.375], "children": [151, 152]}, {"name": "group", "origin": [0, -4.375, 15.375], "children": [153, 154]}, {"name": "group", "origin": [0, -4.375, 15.375], "children": [155, 156]}, {"name": "group", "origin": [0, -4.375, 15.375], "children": [157, 158]}, {"name": "group", "origin": [0, -4.375, 15.375], "children": [159, 160]}, {"name": "group", "origin": [0, -4.375, 15.375], "children": [161, 162]}, {"name": "group", "origin": [0, -4.375, 15.375], "children": [163, 164]}, {"name": "group", "origin": [0, -4.375, 15.375], "children": [165, 166]}, {"name": "group", "origin": [0, -4.375, 15.375], "children": [167, 168]}, {"name": "group", "origin": [0, -4.375, 15.375], "children": [169]}, {"name": "group", "origin": [0, -4.375, 15.375], "children": [170, 171]}, {"name": "group", "origin": [0, -4.375, 15.375], "children": [172, 173, 174, 175]}, {"name": "group", "origin": [0, -4.375, 15.375], "children": [176, 177, 178, 179, 180, 181, 182, 183]}]}