{"credit": "Made with Blockbench", "texture_size": [32, 32], "textures": {"0": "item/bone/brachiosaurus_center", "1": "item/bone/brachiosaurus_side", "2": "item/bone/brachiosaurus_legs", "particle": "item/bone/brachiosaurus_center"}, "elements": [{"from": [1.0, -14.920720000000031, 21.6288], "to": [8.0, -5.920720000000031, 25.6288], "faces": {"north": {"uv": [4.5, 7.5, 4.9375, 8.0625], "texture": "#2"}, "east": {"uv": [5.0, 8.0, 5.25, 8.5625], "texture": "#2"}, "south": {"uv": [5.5, 7.5, 5.9375, 8.0625], "texture": "#2"}, "west": {"uv": [8.0, 6.0, 8.25, 6.5625], "texture": "#2"}, "up": {"uv": [1.4375, 8.75, 1.0, 8.5], "texture": "#2"}, "down": {"uv": [8.9375, 2.5, 8.5, 2.75], "texture": "#2"}}, "rotation": {"angle": 22.5, "axis": "x", "origin": [4.5, -10.420720000000046, 23.628800000000027]}}, {"from": [0.0, -15.5, 14.0], "to": [9.0, -12.5, 24.0], "faces": {"north": {"uv": [3.0, 8.5, 3.5625, 8.6875], "texture": "#2"}, "east": {"uv": [8.0, 8.0, 8.625, 8.1875], "texture": "#2"}, "south": {"uv": [8.5, 3.0, 9.0625, 3.1875], "texture": "#2"}, "west": {"uv": [0.0, 8.5, 0.625, 8.6875], "texture": "#2"}, "up": {"uv": [6.5625, 5.625, 6.0, 5.0], "texture": "#2"}, "down": {"uv": [6.5625, 6.0, 6.0, 6.625], "texture": "#2"}}}, {"from": [1.0, 20.0, 10.0], "to": [8.0, 32, 18.0], "faces": {"north": {"uv": [3.5, 1.6875, 3.9375, 2.4375], "texture": "#2"}, "east": {"uv": [3.0, 1.6875, 3.5, 2.4375], "texture": "#2"}, "south": {"uv": [3.5, 4.1875, 3.9375, 4.9375], "texture": "#2"}, "west": {"uv": [3.0, 4.1875, 3.5, 4.9375], "texture": "#2"}, "down": {"uv": [8.4375, 0.0, 8.0, 0.5], "texture": "#2"}}}, {"from": [5.0, -7.915840000000017, 16.950640000000007], "to": [9.0, 26.084159999999983, 22.950640000000007], "faces": {"north": {"uv": [4.0, 5.0, 4.25, 7.125], "texture": "#2"}, "east": {"uv": [4.5, 1.5, 4.875, 3.625], "texture": "#2"}, "south": {"uv": [5.5, 0.0, 5.75, 2.125], "texture": "#2"}, "west": {"uv": [4.5, 4.0, 4.875, 6.125], "texture": "#2"}, "up": {"uv": [8.75, 4.375, 8.5, 4.0], "texture": "#2"}, "down": {"uv": [8.75, 4.5, 8.5, 4.875], "texture": "#2"}}, "rotation": {"angle": -22.5, "axis": "x", "origin": [7.0, 9.084159999999997, 19.95064000000002]}}, {"from": [0.0, -5.882960000000011, 20.143040000000013], "to": [3.0, 24.11703999999999, 25.143040000000013], "faces": {"north": {"uv": [6.5, 0.0, 6.6875, 1.875], "texture": "#2"}, "east": {"uv": [2.5, 5.0, 2.8125, 6.875], "texture": "#2"}, "south": {"uv": [6.5, 2.0, 6.6875, 3.875], "texture": "#2"}, "west": {"uv": [3.0, 5.0, 3.3125, 6.875], "texture": "#2"}, "up": {"uv": [8.6875, 6.8125, 8.5, 6.5], "texture": "#2"}, "down": {"uv": [7.1875, 8.5, 7.0, 8.8125], "texture": "#2"}}, "rotation": {"angle": -22.5, "axis": "x", "origin": [1.5, 9.117040000000017, 22.643040000000013]}}], "display": {"gui": {"rotation": [0, -90, 0], "translation": [0, -3.25, 0], "scale": [0.5, 0.5, 0.5]}, "fixed": {"rotation": [-90, 0, 0], "translation": [0, 0, -19.25], "scale": [2, 2, 2]}}, "groups": [{"name": "group", "origin": [0, 0, 0], "children": []}, {"name": "group", "origin": [14.375, 9.5, 0.25], "children": [0, 1, 2, 3, 4, 5, 6, 7]}, {"name": "group", "origin": [14.375, 9.5, 0.25], "children": [8, 9, 10, 11, 12, 13, 14, 15, 16, 17]}, {"name": "group", "origin": [14.375, 9.5, 0.25], "children": [18, 19, 20, 21, 22, 23, 24, 25, 26, 27]}, {"name": "group", "origin": [14.375, 9.5, 0.25], "children": [28, 29, 30, 31, 32, 33, 34, 35, 36, 37]}, {"name": "group", "origin": [14.375, 9.5, 0.25], "children": [38, 39, 40, 41, 42, 43, 44, 45, 46, 47]}, {"name": "group", "origin": [14.375, 9.5, 0.25], "children": [48, 49, 50, 51, 52, 53, 54, 55, 56, 57]}, {"name": "group", "origin": [14.375, 9.5, 0.25], "children": [58, 59, 60, 61, 62, 63, 64, 65, 66, 67]}, {"name": "group", "origin": [14.375, 9.5, 0.25], "children": [68, 69, 70, 71, 72, 73, 74, 75, 76, 77]}, {"name": "group", "origin": [14.375, 9.5, 0.25], "children": [78, 79, 80, 81, 82, 83, 84, 85]}, {"name": "group", "origin": [14.375, 9.5, 0.25], "children": [86, 87, 88, 89, 90, 91, 92, 93, 94, 95, 96, 97, 98, 99, 100, 101, 102, 103, 104, 105, 106, 107]}, {"name": "group", "origin": [0, 0, 0], "children": [108]}, {"name": "group", "origin": [0, 0, 0], "children": [109]}, {"name": "group", "origin": [0, 0, 0], "children": [110, 111]}, {"name": "group", "origin": [0, 0, 0], "children": [112, 113]}, {"name": "group", "origin": [0, 0, 0], "children": [114, 115]}, {"name": "group", "origin": [0, 0, 0], "children": [116, 117]}, {"name": "group", "origin": [0, 0, 0], "children": [118, 119]}, {"name": "group", "origin": [0, 0, 0], "children": [120, 121]}, {"name": "group", "origin": [0, 0, 0], "children": [122, 123, 124, 125]}, {"name": "group", "origin": [15.4375, 9.5, 5.1875], "children": [126, 127, 128, 129, 130, 131, 132, 133, 134, 135, 136, 137, 138, 139, 140, 141, 142, 143]}, {"name": "group", "origin": [14.375, 9.5, 0.25], "children": [144, 145, 146, 147, 148]}, {"name": "group", "origin": [0, -4.375, 15.375], "children": [149, 150]}, {"name": "group", "origin": [0, -4.375, 15.375], "children": [151, 152]}, {"name": "group", "origin": [0, -4.375, 15.375], "children": [153, 154]}, {"name": "group", "origin": [0, -4.375, 15.375], "children": [155, 156]}, {"name": "group", "origin": [0, -4.375, 15.375], "children": [157, 158]}, {"name": "group", "origin": [0, -4.375, 15.375], "children": [159, 160]}, {"name": "group", "origin": [0, -4.375, 15.375], "children": [161, 162]}, {"name": "group", "origin": [0, -4.375, 15.375], "children": [163, 164]}, {"name": "group", "origin": [0, -4.375, 15.375], "children": [165, 166]}, {"name": "group", "origin": [0, -4.375, 15.375], "children": [167, 168]}, {"name": "group", "origin": [0, -4.375, 15.375], "children": [169]}, {"name": "group", "origin": [0, -4.375, 15.375], "children": [170, 171]}, {"name": "group", "origin": [0, -4.375, 15.375], "children": [172, 173, 174, 175]}, {"name": "group", "origin": [0, -4.375, 15.375], "children": [176, 177, 178, 179, 180, 181, 182, 183]}]}