{"credit": "Made with Blockbench", "texture_size": [32, 32], "textures": {"0": "item/bone/brachiosaurus_center", "1": "item/bone/brachiosaurus_side", "2": "item/bone/brachiosaurus_legs", "particle": "item/bone/brachiosaurus_center"}, "elements": [{"from": [17.0, -6.590720000000005, 30.915119999999998], "to": [21.0, 29.409279999999995, 32], "faces": {"north": {"uv": [3.5, 5.0, 3.75, 7.25], "texture": "#2"}, "east": {"uv": [1.30719, 4.5, 1.375, 6.75], "texture": "#2"}, "west": {"uv": [1.5, 4.5, 1.5678, 6.75], "texture": "#2"}, "up": {"uv": [8.75, 5.375, 8.5, 5.3072], "texture": "#2"}, "down": {"uv": [5.75, 8.8072, 5.5, 8.875], "texture": "#2"}}, "rotation": {"angle": 22.5, "axis": "x", "origin": [19.0, 11.409279999999995, 33.91511999999997]}}, {"from": [11.0, -3.2460800000000063, 30.18256], "to": [14.0, 27.753919999999994, 32], "faces": {"north": {"uv": [6.0, 3.0, 6.1875, 4.9375], "texture": "#2"}, "east": {"uv": [5.26141, 1.5, 5.375, 3.4375], "texture": "#2"}, "west": {"uv": [2.0, 5.0, 2.11359, 6.9375], "texture": "#2"}, "up": {"uv": [8.6875, 5.875, 8.5, 5.76141], "texture": "#2"}, "down": {"uv": [6.1875, 8.76141, 6.0, 8.875], "texture": "#2"}}, "rotation": {"angle": 22.5, "axis": "x", "origin": [12.5, 12.25391999999998, 33.18255999999995]}}, {"from": [13.0, -16, 25.0], "to": [20.0, -5.0, 31.0], "faces": {"north": {"uv": [4.5, 6.5, 4.9375, 7.1875], "texture": "#2"}, "east": {"uv": [6.5, 7.0, 6.875, 7.6875], "texture": "#2"}, "south": {"uv": [7.0, 5.0, 7.4375, 5.6875], "texture": "#2"}, "west": {"uv": [3.5, 7.5, 3.875, 8.1875], "texture": "#2"}, "up": {"uv": [8.4375, 2.875, 8.0, 2.5], "texture": "#2"}, "down": {"uv": [3.4375, 8.0, 3.0, 8.375], "texture": "#2"}}}, {"from": [12.0, -16, 20.0], "to": [21.0, -13.0, 30.0], "faces": {"north": {"uv": [8.5, 3.5, 9.0625, 3.6875], "texture": "#2"}, "east": {"uv": [8.5, 0.0, 9.125, 0.1875], "texture": "#2"}, "south": {"uv": [4.0, 8.5, 4.5625, 8.6875], "texture": "#2"}, "west": {"uv": [8.5, 1.0, 9.125, 1.1875], "texture": "#2"}, "up": {"uv": [7.0625, 4.625, 6.5, 4.0], "texture": "#2"}, "down": {"uv": [7.5625, 0.0, 7.0, 0.625], "texture": "#2"}}}], "display": {"gui": {"rotation": [0, -90, 0], "translation": [0, -3.25, 0], "scale": [0.5, 0.5, 0.5]}, "fixed": {"rotation": [-90, 0, 0], "translation": [0, 0, -19.25], "scale": [2, 2, 2]}}, "groups": [{"name": "group", "origin": [0, 0, 0], "children": []}, {"name": "group", "origin": [14.375, 9.5, 0.25], "children": [0, 1, 2, 3, 4, 5, 6, 7]}, {"name": "group", "origin": [14.375, 9.5, 0.25], "children": [8, 9, 10, 11, 12, 13, 14, 15, 16, 17]}, {"name": "group", "origin": [14.375, 9.5, 0.25], "children": [18, 19, 20, 21, 22, 23, 24, 25, 26, 27]}, {"name": "group", "origin": [14.375, 9.5, 0.25], "children": [28, 29, 30, 31, 32, 33, 34, 35, 36, 37]}, {"name": "group", "origin": [14.375, 9.5, 0.25], "children": [38, 39, 40, 41, 42, 43, 44, 45, 46, 47]}, {"name": "group", "origin": [14.375, 9.5, 0.25], "children": [48, 49, 50, 51, 52, 53, 54, 55, 56, 57]}, {"name": "group", "origin": [14.375, 9.5, 0.25], "children": [58, 59, 60, 61, 62, 63, 64, 65, 66, 67]}, {"name": "group", "origin": [14.375, 9.5, 0.25], "children": [68, 69, 70, 71, 72, 73, 74, 75, 76, 77]}, {"name": "group", "origin": [14.375, 9.5, 0.25], "children": [78, 79, 80, 81, 82, 83, 84, 85]}, {"name": "group", "origin": [14.375, 9.5, 0.25], "children": [86, 87, 88, 89, 90, 91, 92, 93, 94, 95, 96, 97, 98, 99, 100, 101, 102, 103, 104, 105, 106, 107]}, {"name": "group", "origin": [0, 0, 0], "children": [108]}, {"name": "group", "origin": [0, 0, 0], "children": [109]}, {"name": "group", "origin": [0, 0, 0], "children": [110, 111]}, {"name": "group", "origin": [0, 0, 0], "children": [112, 113]}, {"name": "group", "origin": [0, 0, 0], "children": [114, 115]}, {"name": "group", "origin": [0, 0, 0], "children": [116, 117]}, {"name": "group", "origin": [0, 0, 0], "children": [118, 119]}, {"name": "group", "origin": [0, 0, 0], "children": [120, 121]}, {"name": "group", "origin": [0, 0, 0], "children": [122, 123, 124, 125]}, {"name": "group", "origin": [15.4375, 9.5, 5.1875], "children": [126, 127, 128, 129, 130, 131, 132, 133, 134, 135, 136, 137, 138, 139, 140, 141, 142, 143]}, {"name": "group", "origin": [14.375, 9.5, 0.25], "children": [144, 145, 146, 147, 148]}, {"name": "group", "origin": [0, -4.375, 15.375], "children": [149, 150]}, {"name": "group", "origin": [0, -4.375, 15.375], "children": [151, 152]}, {"name": "group", "origin": [0, -4.375, 15.375], "children": [153, 154]}, {"name": "group", "origin": [0, -4.375, 15.375], "children": [155, 156]}, {"name": "group", "origin": [0, -4.375, 15.375], "children": [157, 158]}, {"name": "group", "origin": [0, -4.375, 15.375], "children": [159, 160]}, {"name": "group", "origin": [0, -4.375, 15.375], "children": [161, 162]}, {"name": "group", "origin": [0, -4.375, 15.375], "children": [163, 164]}, {"name": "group", "origin": [0, -4.375, 15.375], "children": [165, 166]}, {"name": "group", "origin": [0, -4.375, 15.375], "children": [167, 168]}, {"name": "group", "origin": [0, -4.375, 15.375], "children": [169]}, {"name": "group", "origin": [0, -4.375, 15.375], "children": [170, 171]}, {"name": "group", "origin": [0, -4.375, 15.375], "children": [172, 173, 174, 175]}, {"name": "group", "origin": [0, -4.375, 15.375], "children": [176, 177, 178, 179, 180, 181, 182, 183]}]}