{"credit": "Made with Blockbench", "texture_size": [32, 32], "textures": {"0": "item/bone/brachiosaurus_center", "1": "item/bone/brachiosaurus_side", "2": "item/bone/brachiosaurus_legs", "particle": "item/bone/brachiosaurus_center"}, "elements": [{"from": [12.0, 24.0, -14.0], "to": [15.0, 32, -11.0], "faces": {"north": {"uv": [1.5, 6.3125, 1.6875, 6.8125], "texture": "#1"}, "east": {"uv": [4.0, 6.3125, 4.1875, 6.8125], "texture": "#1"}, "south": {"uv": [4.5, 6.3125, 4.6875, 6.8125], "texture": "#1"}, "west": {"uv": [5.0, 6.3125, 5.1875, 6.8125], "texture": "#1"}, "down": {"uv": [11.1875, 1.5, 11.0, 1.6875], "texture": "#1"}}}, {"from": [8.09599999999999, 4.373279999999994, -14.0], "to": [11.09599999999999, 25.373279999999994, -11.0], "faces": {"north": {"uv": [5.5, 5.0, 5.6875, 6.3125], "texture": "#1"}, "east": {"uv": [0.0, 6.0, 0.1875, 7.3125], "texture": "#1"}, "south": {"uv": [6.0, 0.0, 6.1875, 1.3125], "texture": "#1"}, "west": {"uv": [0.5, 6.0, 0.6875, 7.3125], "texture": "#1"}, "up": {"uv": [9.6875, 11.1875, 9.5, 11.0], "texture": "#1"}, "down": {"uv": [11.1875, 9.5, 11.0, 9.6875], "texture": "#1"}}, "rotation": {"angle": -22.5, "axis": "z", "origin": [9.595999999999982, 14.873280000000008, -12.5]}}, {"from": [13.0, 14.0, -6.0], "to": [16.0, 32, -3.0], "faces": {"north": {"uv": [1.0, 0.5, 1.1875, 1.625], "texture": "#1"}, "east": {"uv": [1.5, 0.5, 1.6875, 1.625], "texture": "#1"}, "south": {"uv": [0.0, 2.5, 0.1875, 3.625], "texture": "#1"}, "west": {"uv": [2.0, 0.5, 2.1875, 1.625], "texture": "#1"}, "down": {"uv": [11.1875, 3.5, 11.0, 3.6875], "texture": "#1"}}}, {"from": [9.478720000000003, -3.7027999999999963, -6.0], "to": [12.478720000000003, 15.297199999999997, -3.0], "faces": {"north": {"uv": [1.0, 6.0, 1.1875, 7.1875], "texture": "#1"}, "east": {"uv": [6.5, 0.0, 6.6875, 1.1875], "texture": "#1"}, "south": {"uv": [2.0, 6.5, 2.1875, 7.6875], "texture": "#1"}, "west": {"uv": [2.5, 6.5, 2.6875, 7.6875], "texture": "#1"}, "up": {"uv": [10.1875, 11.1875, 10.0, 11.0], "texture": "#1"}, "down": {"uv": [11.1875, 10.0, 11.0, 10.1875], "texture": "#1"}}, "rotation": {"angle": -22.5, "axis": "z", "origin": [10.97872000000001, 5.797199999999997, -4.5]}}, {"from": [13.0, 10.0, 2.0], "to": [16.0, 32, 5.0], "faces": {"north": {"uv": [2.5, 0.25, 2.6875, 1.625], "texture": "#1"}, "east": {"uv": [2.5, 2.25, 2.6875, 3.625], "texture": "#1"}, "south": {"uv": [3.0, 0.25, 3.1875, 1.625], "texture": "#1"}, "west": {"uv": [3.0, 2.25, 3.1875, 3.625], "texture": "#1"}, "down": {"uv": [11.1875, 8.5, 11.0, 8.6875], "texture": "#1"}}}, {"from": [8.522000000000006, -12.512560000000008, 2.0], "to": [11.522000000000006, 11.487439999999985, 5.0], "faces": {"north": {"uv": [4.0, 0.0, 4.1875, 1.5], "texture": "#1"}, "east": {"uv": [0.5, 4.0, 0.6875, 5.5], "texture": "#1"}, "south": {"uv": [1.0, 4.0, 1.1875, 5.5], "texture": "#1"}, "west": {"uv": [1.5, 4.0, 1.6875, 5.5], "texture": "#1"}, "up": {"uv": [9.1875, 11.1875, 9.0, 11.0], "texture": "#1"}, "down": {"uv": [11.1875, 9.0, 11.0, 9.1875], "texture": "#1"}}, "rotation": {"angle": -22.5, "axis": "z", "origin": [10.022000000000034, -0.5125600000000077, 3.5]}}, {"from": [8.894080000000002, 28.18455999999999, 10.0], "to": [11.894080000000002, 32, 13.0], "faces": {"north": {"uv": [5.0, 10.06646, 5.1875, 10.3125], "texture": "#1"}, "east": {"uv": [9.5, 5.56646, 9.6875, 5.8125], "texture": "#1"}, "south": {"uv": [5.5, 10.06646, 5.6875, 10.3125], "texture": "#1"}, "west": {"uv": [6.0, 10.06646, 6.1875, 10.3125], "texture": "#1"}, "down": {"uv": [11.1875, 7.0, 11.0, 7.1875], "texture": "#1"}}, "rotation": {"angle": 45, "axis": "z", "origin": [10.394080000000002, 34.48456, 11.5]}}, {"from": [13.0, 8.0, 10.0], "to": [16.0, 31.0, 13.0], "faces": {"north": {"uv": [2.0, 5.0, 2.1875, 6.4375], "texture": "#1"}, "east": {"uv": [2.5, 5.0, 2.6875, 6.4375], "texture": "#1"}, "south": {"uv": [3.0, 5.0, 3.1875, 6.4375], "texture": "#1"}, "west": {"uv": [3.5, 5.0, 3.6875, 6.4375], "texture": "#1"}, "up": {"uv": [7.6875, 11.1875, 7.5, 11.0], "texture": "#1"}, "down": {"uv": [11.1875, 7.5, 11.0, 7.6875], "texture": "#1"}}}, {"from": [8.522000000000006, -14.512560000000008, 10.0], "to": [11.522000000000006, 9.487439999999985, 13.0], "faces": {"north": {"uv": [3.5, 0.0, 3.6875, 1.5], "texture": "#1"}, "east": {"uv": [3.5, 1.5, 3.6875, 3.0], "texture": "#1"}, "south": {"uv": [3.5, 3.0, 3.6875, 4.5], "texture": "#1"}, "west": {"uv": [0.0, 4.0, 0.1875, 5.5], "texture": "#1"}, "up": {"uv": [8.1875, 11.1875, 8.0, 11.0], "texture": "#1"}, "down": {"uv": [11.1875, 8.0, 11.0, 8.1875], "texture": "#1"}}, "rotation": {"angle": -22.5, "axis": "z", "origin": [10.022000000000034, -2.5125600000000077, 11.5]}}, {"from": [-16, 28.0, 16.0], "to": [-12.0, 32, 24.0], "faces": {"north": {"uv": [6.5, 0.5, 6.75, 0.75], "texture": "#0"}, "east": {"uv": [1.0, 7.0, 1.5, 7.25], "texture": "#0"}, "south": {"uv": [6.75, 1.5, 7.0, 1.75], "texture": "#0"}, "down": {"uv": [7.75, 4.5, 7.5, 5.0], "texture": "#0"}}}, {"from": [-16, 32, 18.0], "to": [6.0, 32, 21.0], "faces": {"down": {"uv": [6.875, 1.5, 5.5, 1.6875], "texture": "#1"}}}, {"from": [7.894080000000002, 23.184560000000005, 18.0], "to": [10.894080000000002, 32, 21.0], "faces": {"north": {"uv": [3.5, 9.74404, 3.6875, 10.3125], "texture": "#1"}, "east": {"uv": [4.0, 9.74404, 4.1875, 10.3125], "texture": "#1"}, "south": {"uv": [9.5, 4.24404, 9.6875, 4.8125], "texture": "#1"}, "west": {"uv": [4.5, 9.74404, 4.6875, 10.3125], "texture": "#1"}, "down": {"uv": [11.1875, 6.5, 11.0, 6.6875], "texture": "#1"}}, "rotation": {"angle": 45, "axis": "z", "origin": [9.39408000000001, 29.484560000000002, 19.5]}}, {"from": [12.0, 12.0, 18.0], "to": [15.0, 26.0, 21.0], "faces": {"north": {"uv": [3.0, 8.5, 3.1875, 9.375], "texture": "#1"}, "east": {"uv": [3.5, 8.5, 3.6875, 9.375], "texture": "#1"}, "south": {"uv": [4.0, 8.5, 4.1875, 9.375], "texture": "#1"}, "west": {"uv": [4.5, 8.5, 4.6875, 9.375], "texture": "#1"}, "up": {"uv": [5.1875, 11.1875, 5.0, 11.0], "texture": "#1"}, "down": {"uv": [11.1875, 5.0, 11.0, 5.1875], "texture": "#1"}}}, {"from": [7.139279999999999, -12.436400000000006, 18.0], "to": [10.13928, 13.563600000000001, 21.0], "faces": {"north": {"uv": [0.5, 2.0, 0.6875, 3.625], "texture": "#1"}, "east": {"uv": [1.0, 2.0, 1.1875, 3.625], "texture": "#1"}, "south": {"uv": [1.5, 2.0, 1.6875, 3.625], "texture": "#1"}, "west": {"uv": [2.0, 2.0, 2.1875, 3.625], "texture": "#1"}, "up": {"uv": [5.6875, 11.1875, 5.5, 11.0], "texture": "#1"}, "down": {"uv": [11.1875, 5.5, 11.0, 5.6875], "texture": "#1"}}, "rotation": {"angle": -22.5, "axis": "z", "origin": [8.639279999999985, 0.5636000000000152, 19.5]}}, {"from": [-16, 23.0, 24.0], "to": [-12.0, 32, 32], "faces": {"north": {"uv": [6.5, 2.1875, 6.75, 2.75], "texture": "#0"}, "east": {"uv": [6.5, 3.1875, 7.0, 3.75], "texture": "#0"}, "south": {"uv": [6.75, 4.1875, 7.0, 4.75], "texture": "#0"}, "down": {"uv": [7.75, 5.5, 7.5, 6.0], "texture": "#0"}}}, {"from": [-16, 27.0, 26.0], "to": [3.0, 30.0, 29.0], "faces": {"north": {"uv": [5.5, 4.0, 6.6875, 4.1875], "texture": "#1"}, "east": {"uv": [10.5, 3.5, 10.6875, 3.6875], "texture": "#1"}, "south": {"uv": [6.0, 5.0, 7.1875, 5.1875], "texture": "#1"}, "west": {"uv": [4.0, 10.5, 4.1875, 10.6875], "texture": "#1"}, "up": {"uv": [7.1875, 5.6875, 6.0, 5.5], "texture": "#1"}, "down": {"uv": [7.1875, 6.0, 6.0, 6.1875], "texture": "#1"}}}, {"from": [-16, 27.0, 26.0], "to": [-16, 30.0, 29.0], "faces": {"east": {"uv": [4.1875, 10.5, 4.0, 10.6875], "texture": "#1"}}}, {"from": [4.8940800000000095, 18.184560000000005, 26.0], "to": [7.8940800000000095, 30.784560000000006, 29.0], "faces": {"north": {"uv": [9.5, 2.0, 9.6875, 2.8125], "texture": "#1"}, "east": {"uv": [2.5, 9.5, 2.6875, 10.3125], "texture": "#1"}, "south": {"uv": [3.0, 9.5, 3.1875, 10.3125], "texture": "#1"}, "west": {"uv": [9.5, 3.0, 9.6875, 3.8125], "texture": "#1"}, "up": {"uv": [4.6875, 11.1875, 4.5, 11.0], "texture": "#1"}, "down": {"uv": [11.1875, 4.5, 11.0, 4.6875], "texture": "#1"}}, "rotation": {"angle": 45, "axis": "z", "origin": [6.3940800000000095, 24.484560000000002, 27.5]}}, {"from": [9.0, 7.0, 26.0], "to": [12.0, 21.0, 29.0], "faces": {"north": {"uv": [1.0, 8.5, 1.1875, 9.375], "texture": "#1"}, "east": {"uv": [1.5, 8.5, 1.6875, 9.375], "texture": "#1"}, "south": {"uv": [2.0, 8.5, 2.1875, 9.375], "texture": "#1"}, "west": {"uv": [2.5, 8.5, 2.6875, 9.375], "texture": "#1"}, "up": {"uv": [4.1875, 11.1875, 4.0, 11.0], "texture": "#1"}, "down": {"uv": [11.1875, 4.0, 11.0, 4.1875], "texture": "#1"}}}, {"from": [6.052720000000001, -7.817040000000006, 26.0], "to": [9.05272, 8.182960000000001, 29.0], "faces": {"north": {"uv": [0.0, 7.5, 0.1875, 8.5], "texture": "#1"}, "east": {"uv": [0.5, 7.5, 0.6875, 8.5], "texture": "#1"}, "south": {"uv": [1.0, 7.5, 1.1875, 8.5], "texture": "#1"}, "west": {"uv": [7.5, 1.0, 7.6875, 2.0], "texture": "#1"}, "up": {"uv": [6.1875, 11.1875, 6.0, 11.0], "texture": "#1"}, "down": {"uv": [11.1875, 6.0, 11.0, 6.1875], "texture": "#1"}}, "rotation": {"angle": -22.5, "axis": "z", "origin": [7.552720000000008, 0.18296000000000845, 27.5]}}, {"from": [-16, 20.0, 32], "to": [-12.0, 32, 32], "faces": {"north": {"uv": [6.5, 6.0, 6.75, 6.75], "texture": "#0"}}}, {"from": [13.920000000000002, 7.183039999999991, -7.920079999999999], "to": [17.92, 32, 2.0799200000000013], "faces": {"north": {"uv": [5.5, 3.07394, 5.75, 4.625], "texture": "#2"}, "east": {"uv": [1.0, 2.57394, 1.625, 4.125], "texture": "#2"}, "south": {"uv": [5.5, 5.57394, 5.75, 7.125], "texture": "#2"}, "west": {"uv": [2.0, 3.07394, 2.625, 4.625], "texture": "#2"}, "down": {"uv": [8.25, 4.0, 8.0, 4.625], "texture": "#2"}}, "rotation": {"angle": 22.5, "axis": "x", "origin": [15.920000000000002, 24.18303999999999, -2.9200799999999774]}}, {"from": [14.0, 6.0, -14.0], "to": [18.0, 24.0, -2.0], "faces": {"north": {"uv": [6.0, 7.0, 6.25, 8.125], "texture": "#2"}, "east": {"uv": [0.0, 4.5, 0.75, 5.625], "texture": "#2"}, "south": {"uv": [7.0, 6.0, 7.25, 7.125], "texture": "#2"}, "west": {"uv": [4.5, 0.0, 5.25, 1.125], "texture": "#2"}, "up": {"uv": [8.25, 1.75, 8.0, 1.0], "texture": "#2"}, "down": {"uv": [1.75, 8.0, 1.5, 8.75], "texture": "#2"}}}, {"from": [13.0, -16, -11.0], "to": [20.0, 14.0, -2.0], "faces": {"north": {"uv": [4.0, 0.0, 4.4375, 1.875], "texture": "#2"}, "east": {"uv": [0.0, 2.0, 0.5625, 3.875], "texture": "#2"}, "south": {"uv": [4.0, 2.5, 4.4375, 4.375], "texture": "#2"}, "west": {"uv": [2.0, 0.0, 2.5625, 1.875], "texture": "#2"}, "up": {"uv": [7.9375, 6.5625, 7.5, 6.0], "texture": "#2"}}}], "display": {"gui": {"rotation": [0, -90, 0], "translation": [0, -3.25, 0], "scale": [0.5, 0.5, 0.5]}, "fixed": {"rotation": [-90, 0, 0], "translation": [0, 0, -19.25], "scale": [2, 2, 2]}}, "groups": [{"name": "group", "origin": [0, 0, 0], "children": []}, {"name": "group", "origin": [14.375, 9.5, 0.25], "children": [0, 1, 2, 3, 4, 5, 6, 7]}, {"name": "group", "origin": [14.375, 9.5, 0.25], "children": [8, 9, 10, 11, 12, 13, 14, 15, 16, 17]}, {"name": "group", "origin": [14.375, 9.5, 0.25], "children": [18, 19, 20, 21, 22, 23, 24, 25, 26, 27]}, {"name": "group", "origin": [14.375, 9.5, 0.25], "children": [28, 29, 30, 31, 32, 33, 34, 35, 36, 37]}, {"name": "group", "origin": [14.375, 9.5, 0.25], "children": [38, 39, 40, 41, 42, 43, 44, 45, 46, 47]}, {"name": "group", "origin": [14.375, 9.5, 0.25], "children": [48, 49, 50, 51, 52, 53, 54, 55, 56, 57]}, {"name": "group", "origin": [14.375, 9.5, 0.25], "children": [58, 59, 60, 61, 62, 63, 64, 65, 66, 67]}, {"name": "group", "origin": [14.375, 9.5, 0.25], "children": [68, 69, 70, 71, 72, 73, 74, 75, 76, 77]}, {"name": "group", "origin": [14.375, 9.5, 0.25], "children": [78, 79, 80, 81, 82, 83, 84, 85]}, {"name": "group", "origin": [14.375, 9.5, 0.25], "children": [86, 87, 88, 89, 90, 91, 92, 93, 94, 95, 96, 97, 98, 99, 100, 101, 102, 103, 104, 105, 106, 107]}, {"name": "group", "origin": [0, 0, 0], "children": [108]}, {"name": "group", "origin": [0, 0, 0], "children": [109]}, {"name": "group", "origin": [0, 0, 0], "children": [110, 111]}, {"name": "group", "origin": [0, 0, 0], "children": [112, 113]}, {"name": "group", "origin": [0, 0, 0], "children": [114, 115]}, {"name": "group", "origin": [0, 0, 0], "children": [116, 117]}, {"name": "group", "origin": [0, 0, 0], "children": [118, 119]}, {"name": "group", "origin": [0, 0, 0], "children": [120, 121]}, {"name": "group", "origin": [0, 0, 0], "children": [122, 123, 124, 125]}, {"name": "group", "origin": [15.4375, 9.5, 5.1875], "children": [126, 127, 128, 129, 130, 131, 132, 133, 134, 135, 136, 137, 138, 139, 140, 141, 142, 143]}, {"name": "group", "origin": [14.375, 9.5, 0.25], "children": [144, 145, 146, 147, 148]}, {"name": "group", "origin": [0, -4.375, 15.375], "children": [149, 150]}, {"name": "group", "origin": [0, -4.375, 15.375], "children": [151, 152]}, {"name": "group", "origin": [0, -4.375, 15.375], "children": [153, 154]}, {"name": "group", "origin": [0, -4.375, 15.375], "children": [155, 156]}, {"name": "group", "origin": [0, -4.375, 15.375], "children": [157, 158]}, {"name": "group", "origin": [0, -4.375, 15.375], "children": [159, 160]}, {"name": "group", "origin": [0, -4.375, 15.375], "children": [161, 162]}, {"name": "group", "origin": [0, -4.375, 15.375], "children": [163, 164]}, {"name": "group", "origin": [0, -4.375, 15.375], "children": [165, 166]}, {"name": "group", "origin": [0, -4.375, 15.375], "children": [167, 168]}, {"name": "group", "origin": [0, -4.375, 15.375], "children": [169]}, {"name": "group", "origin": [0, -4.375, 15.375], "children": [170, 171]}, {"name": "group", "origin": [0, -4.375, 15.375], "children": [172, 173, 174, 175]}, {"name": "group", "origin": [0, -4.375, 15.375], "children": [176, 177, 178, 179, 180, 181, 182, 183]}]}