{"credit": "Made with Blockbench", "texture_size": [32, 32], "textures": {"0": "item/bone/brachiosaurus_center", "1": "item/bone/brachiosaurus_side", "2": "item/bone/brachiosaurus_legs", "particle": "item/bone/brachiosaurus_center"}, "elements": [{"from": [-16, -4.0, -16], "to": [-15.0, 18.0, -14.0], "faces": {"north": {"uv": [9.0, 0.0, 9.0625, 1.375], "texture": "#0"}, "east": {"uv": [0.5, 9.0, 0.625, 10.375], "texture": "#0"}, "south": {"uv": [1.0625, 9.0, 1.125, 10.375], "texture": "#0"}, "up": {"uv": [12.5625, 2.125, 12.5, 2.0], "texture": "#0"}, "down": {"uv": [2.5625, 12.5, 2.5, 12.625], "texture": "#0"}}}, {"from": [-16, 7.0, -16], "to": [-12.0, 14.0, -12.0], "faces": {"east": {"uv": [9.0, 3.0, 9.25, 3.4375], "texture": "#0"}, "south": {"uv": [8.25, 2.5, 8.5, 2.9375], "texture": "#0"}, "up": {"uv": [2.75, 8.75, 2.5, 8.5], "texture": "#0"}, "down": {"uv": [8.75, 2.5, 8.5, 2.75], "texture": "#0"}}}, {"from": [-16, -5.0, -10.0], "to": [-15.0, 15.0, -8.0], "faces": {"north": {"uv": [9.5, 7.0, 9.5625, 8.25], "texture": "#0"}, "east": {"uv": [7.5, 9.5, 7.625, 10.75], "texture": "#0"}, "south": {"uv": [8.0625, 9.5, 8.125, 10.75], "texture": "#0"}, "up": {"uv": [12.5625, 2.625, 12.5, 2.5], "texture": "#0"}, "down": {"uv": [3.0625, 12.5, 3.0, 12.625], "texture": "#0"}}}, {"from": [-16, 4.0, -12.0], "to": [-12.0, 11.0, -6.0], "faces": {"north": {"uv": [3.0, 8.0, 3.25, 8.4375], "texture": "#0"}, "east": {"uv": [9.0, 3.5, 9.375, 3.9375], "texture": "#0"}, "south": {"uv": [8.25, 3.0, 8.5, 3.4375], "texture": "#0"}, "up": {"uv": [3.25, 8.875, 3.0, 8.5], "texture": "#0"}, "down": {"uv": [8.75, 3.0, 8.5, 3.375], "texture": "#0"}}}, {"from": [-16, -4.0, -4.0], "to": [-15.0, 13.0, -2.0], "faces": {"north": {"uv": [10.5, 1.5, 10.5625, 2.5625], "texture": "#0"}, "east": {"uv": [2.0, 10.5, 2.125, 11.5625], "texture": "#0"}, "south": {"uv": [2.5625, 10.5, 2.625, 11.5625], "texture": "#0"}, "up": {"uv": [12.5625, 3.125, 12.5, 3.0], "texture": "#0"}, "down": {"uv": [3.5625, 12.5, 3.5, 12.625], "texture": "#0"}}}, {"from": [-16, 3.0, -6.0], "to": [-12.0, 9.0, 0.0], "faces": {"north": {"uv": [8.5, 3.5, 8.75, 3.875], "texture": "#0"}, "east": {"uv": [9.5, 10.0, 9.875, 10.375], "texture": "#0"}, "south": {"uv": [8.75, 4.0, 9.0, 4.375], "texture": "#0"}, "up": {"uv": [4.75, 8.875, 4.5, 8.5], "texture": "#0"}, "down": {"uv": [8.75, 4.5, 8.5, 4.875], "texture": "#0"}}}, {"from": [-16, -3.0, 2.0], "to": [-15.0, 11.0, 4.0], "faces": {"north": {"uv": [11.0, 3.5, 11.0625, 4.375], "texture": "#0"}, "east": {"uv": [4.0, 11.0, 4.125, 11.875], "texture": "#0"}, "south": {"uv": [4.5625, 11.0, 4.625, 11.875], "texture": "#0"}, "up": {"uv": [12.5625, 3.625, 12.5, 3.5], "texture": "#0"}, "down": {"uv": [4.0625, 12.5, 4.0, 12.625], "texture": "#0"}}}, {"from": [-16, 1.0, 0.0], "to": [-13.0, 7.0, 6.0], "faces": {"north": {"uv": [10.5, 0.0, 10.6875, 0.375], "texture": "#0"}, "east": {"uv": [0.5, 10.5, 0.875, 10.875], "texture": "#0"}, "south": {"uv": [10.6875, 0.5, 10.875, 0.875], "texture": "#0"}, "up": {"uv": [10.6875, 1.375, 10.5, 1.0], "texture": "#0"}, "down": {"uv": [1.6875, 10.5, 1.5, 10.875], "texture": "#0"}}}, {"from": [-16, 5.0, 8.0], "to": [-15.0, 9.0, 10.0], "faces": {"north": {"uv": [6.5, 12.0, 6.5625, 12.25], "texture": "#0"}, "east": {"uv": [12.0, 6.5, 12.125, 6.75], "texture": "#0"}, "south": {"uv": [7.0625, 12.0, 7.125, 12.25], "texture": "#0"}, "up": {"uv": [12.5625, 4.125, 12.5, 4.0], "texture": "#0"}, "down": {"uv": [4.5625, 12.5, 4.5, 12.625], "texture": "#0"}}}, {"from": [-16, 0.0, 6.0], "to": [-13.0, 5.0, 11.0], "faces": {"north": {"uv": [10.5, 6.0, 10.6875, 6.3125], "texture": "#0"}, "east": {"uv": [11.0, 8.0, 11.3125, 8.3125], "texture": "#0"}, "south": {"uv": [6.6875, 10.5, 6.875, 10.8125], "texture": "#0"}, "up": {"uv": [10.6875, 6.8125, 10.5, 6.5], "texture": "#0"}, "down": {"uv": [7.1875, 10.5, 7.0, 10.8125], "texture": "#0"}}}, {"from": [-16, 4.0, 13.0], "to": [-15.0, 8.0, 15.0], "faces": {"north": {"uv": [7.5, 12.0, 7.5625, 12.25], "texture": "#0"}, "east": {"uv": [12.0, 7.5, 12.125, 7.75], "texture": "#0"}, "south": {"uv": [8.0625, 12.0, 8.125, 12.25], "texture": "#0"}, "up": {"uv": [12.5625, 4.625, 12.5, 4.5], "texture": "#0"}, "down": {"uv": [5.0625, 12.5, 5.0, 12.625], "texture": "#0"}}}, {"from": [-16, -1.0, 11.0], "to": [-13.0, 4.0, 16.0], "faces": {"north": {"uv": [10.5, 8.0, 10.6875, 8.3125], "texture": "#0"}, "east": {"uv": [11.0, 8.5, 11.3125, 8.8125], "texture": "#0"}, "south": {"uv": [10.6875, 8.5, 10.875, 8.8125], "texture": "#0"}, "up": {"uv": [10.6875, 9.3125, 10.5, 9.0], "texture": "#0"}, "down": {"uv": [9.6875, 10.5, 9.5, 10.8125], "texture": "#0"}}}, {"from": [-16, 3.0, 18.0], "to": [-15.0, 7.0, 20.0], "faces": {"north": {"uv": [8.5, 12.0, 8.5625, 12.25], "texture": "#0"}, "east": {"uv": [12.0, 8.5, 12.125, 8.75], "texture": "#0"}, "south": {"uv": [9.0625, 12.0, 9.125, 12.25], "texture": "#0"}, "up": {"uv": [12.5625, 5.125, 12.5, 5.0], "texture": "#0"}, "down": {"uv": [5.5625, 12.5, 5.5, 12.625], "texture": "#0"}}}, {"from": [-16, -2.0, 16.0], "to": [-13.0, 3.0, 21.0], "faces": {"north": {"uv": [10.5, 9.5, 10.6875, 9.8125], "texture": "#0"}, "east": {"uv": [11.0, 9.0, 11.3125, 9.3125], "texture": "#0"}, "south": {"uv": [10.1875, 10.5, 10.375, 10.8125], "texture": "#0"}, "up": {"uv": [10.6875, 10.3125, 10.5, 10.0], "texture": "#0"}, "down": {"uv": [10.6875, 10.5, 10.5, 10.8125], "texture": "#0"}}}, {"from": [-16, 2.0, 23.0], "to": [-15.0, 6.0, 25.0], "faces": {"north": {"uv": [9.5, 12.0, 9.5625, 12.25], "texture": "#0"}, "east": {"uv": [12.0, 9.5, 12.125, 9.75], "texture": "#0"}, "south": {"uv": [10.0625, 12.0, 10.125, 12.25], "texture": "#0"}, "up": {"uv": [12.5625, 5.625, 12.5, 5.5], "texture": "#0"}, "down": {"uv": [6.0625, 12.5, 6.0, 12.625], "texture": "#0"}}}, {"from": [-16, -3.0, 21.0], "to": [-13.0, 2.0, 26.0], "faces": {"north": {"uv": [11.0, 0.0, 11.1875, 0.3125], "texture": "#0"}, "east": {"uv": [11.0, 9.5, 11.3125, 9.8125], "texture": "#0"}, "south": {"uv": [0.6875, 11.0, 0.875, 11.3125], "texture": "#0"}, "up": {"uv": [11.1875, 0.8125, 11.0, 0.5], "texture": "#0"}, "down": {"uv": [1.1875, 11.0, 1.0, 11.3125], "texture": "#0"}}}, {"from": [-16, 2.0, 27.0], "to": [-15.0, 5.0, 29.0], "faces": {"north": {"uv": [11.5, 12.0, 11.5625, 12.1875], "texture": "#0"}, "east": {"uv": [12.0, 11.5, 12.125, 11.6875], "texture": "#0"}, "south": {"uv": [12.0625, 12.0, 12.125, 12.1875], "texture": "#0"}, "up": {"uv": [12.5625, 6.125, 12.5, 6.0], "texture": "#0"}, "down": {"uv": [6.5625, 12.5, 6.5, 12.625], "texture": "#0"}}}, {"from": [-16, -2.0, 26.0], "to": [-14.0, 2.0, 30.0], "faces": {"north": {"uv": [1.0, 12.0, 1.125, 12.25], "texture": "#0"}, "east": {"uv": [12.0, 1.0, 12.25, 1.25], "texture": "#0"}, "south": {"uv": [1.625, 12.0, 1.75, 12.25], "texture": "#0"}, "up": {"uv": [2.125, 12.25, 2.0, 12.0], "texture": "#0"}, "down": {"uv": [12.125, 2.0, 12.0, 2.25], "texture": "#0"}}}, {"from": [-16, 1.0, 31.0], "to": [-15.0, 4.0, 32], "faces": {"north": {"uv": [12.5, 0.0, 12.5625, 0.1875], "texture": "#0"}, "east": {"uv": [0.5625, 12.5, 0.625, 12.6875], "texture": "#0"}, "up": {"uv": [12.5625, 6.625, 12.5, 6.5625], "texture": "#0"}, "down": {"uv": [7.0625, 12.5625, 7.0, 12.625], "texture": "#0"}}}, {"from": [-16, -2.0, 30.0], "to": [-14.0, 1.0, 32], "faces": {"north": {"uv": [12.0, 5.5, 12.125, 5.6875], "texture": "#0"}, "east": {"uv": [9.125, 1.5, 9.25, 1.6875], "texture": "#0"}, "up": {"uv": [4.625, 8.25, 4.5, 8.125], "texture": "#0"}, "down": {"uv": [7.125, 5.625, 7.0, 5.75], "texture": "#0"}}}], "display": {"gui": {"rotation": [0, -90, 0], "translation": [0, -3.25, 0], "scale": [0.5, 0.5, 0.5]}, "fixed": {"rotation": [-90, 0, 0], "translation": [0, 0, -19.25], "scale": [2, 2, 2]}}, "groups": [{"name": "group", "origin": [0, 0, 0], "children": []}, {"name": "group", "origin": [14.375, 9.5, 0.25], "children": [0, 1, 2, 3, 4, 5, 6, 7]}, {"name": "group", "origin": [14.375, 9.5, 0.25], "children": [8, 9, 10, 11, 12, 13, 14, 15, 16, 17]}, {"name": "group", "origin": [14.375, 9.5, 0.25], "children": [18, 19, 20, 21, 22, 23, 24, 25, 26, 27]}, {"name": "group", "origin": [14.375, 9.5, 0.25], "children": [28, 29, 30, 31, 32, 33, 34, 35, 36, 37]}, {"name": "group", "origin": [14.375, 9.5, 0.25], "children": [38, 39, 40, 41, 42, 43, 44, 45, 46, 47]}, {"name": "group", "origin": [14.375, 9.5, 0.25], "children": [48, 49, 50, 51, 52, 53, 54, 55, 56, 57]}, {"name": "group", "origin": [14.375, 9.5, 0.25], "children": [58, 59, 60, 61, 62, 63, 64, 65, 66, 67]}, {"name": "group", "origin": [14.375, 9.5, 0.25], "children": [68, 69, 70, 71, 72, 73, 74, 75, 76, 77]}, {"name": "group", "origin": [14.375, 9.5, 0.25], "children": [78, 79, 80, 81, 82, 83, 84, 85]}, {"name": "group", "origin": [14.375, 9.5, 0.25], "children": [86, 87, 88, 89, 90, 91, 92, 93, 94, 95, 96, 97, 98, 99, 100, 101, 102, 103, 104, 105, 106, 107]}, {"name": "group", "origin": [0, 0, 0], "children": [108]}, {"name": "group", "origin": [0, 0, 0], "children": [109]}, {"name": "group", "origin": [0, 0, 0], "children": [110, 111]}, {"name": "group", "origin": [0, 0, 0], "children": [112, 113]}, {"name": "group", "origin": [0, 0, 0], "children": [114, 115]}, {"name": "group", "origin": [0, 0, 0], "children": [116, 117]}, {"name": "group", "origin": [0, 0, 0], "children": [118, 119]}, {"name": "group", "origin": [0, 0, 0], "children": [120, 121]}, {"name": "group", "origin": [0, 0, 0], "children": [122, 123, 124, 125]}, {"name": "group", "origin": [15.4375, 9.5, 5.1875], "children": [126, 127, 128, 129, 130, 131, 132, 133, 134, 135, 136, 137, 138, 139, 140, 141, 142, 143]}, {"name": "group", "origin": [14.375, 9.5, 0.25], "children": [144, 145, 146, 147, 148]}, {"name": "group", "origin": [0, -4.375, 15.375], "children": [149, 150]}, {"name": "group", "origin": [0, -4.375, 15.375], "children": [151, 152]}, {"name": "group", "origin": [0, -4.375, 15.375], "children": [153, 154]}, {"name": "group", "origin": [0, -4.375, 15.375], "children": [155, 156]}, {"name": "group", "origin": [0, -4.375, 15.375], "children": [157, 158]}, {"name": "group", "origin": [0, -4.375, 15.375], "children": [159, 160]}, {"name": "group", "origin": [0, -4.375, 15.375], "children": [161, 162]}, {"name": "group", "origin": [0, -4.375, 15.375], "children": [163, 164]}, {"name": "group", "origin": [0, -4.375, 15.375], "children": [165, 166]}, {"name": "group", "origin": [0, -4.375, 15.375], "children": [167, 168]}, {"name": "group", "origin": [0, -4.375, 15.375], "children": [169]}, {"name": "group", "origin": [0, -4.375, 15.375], "children": [170, 171]}, {"name": "group", "origin": [0, -4.375, 15.375], "children": [172, 173, 174, 175]}, {"name": "group", "origin": [0, -4.375, 15.375], "children": [176, 177, 178, 179, 180, 181, 182, 183]}]}