{"credit": "Made with Blockbench", "texture_size": [32, 32], "textures": {"0": "item/bone/brachiosaurus_center", "1": "item/bone/brachiosaurus_side", "2": "item/bone/brachiosaurus_legs", "particle": "item/bone/brachiosaurus_center"}, "elements": [{"from": [-16, 23.0, -16], "to": [-12.0, 32, -16], "faces": {"south": {"uv": [6.75, 4.1875, 7.0, 4.75], "texture": "#0"}}}, {"from": [-16, 20.0, -16], "to": [-12.0, 32, -8.0], "faces": {"north": {"uv": [6.5, 6.0, 6.75, 6.75], "texture": "#0"}, "east": {"uv": [0.0, 7.0, 0.5, 7.75], "texture": "#0"}, "south": {"uv": [7.25, 0.0, 7.5, 0.75], "texture": "#0"}, "up": {"uv": [7.75, 6.5, 7.5, 6.0], "texture": "#0"}, "down": {"uv": [6.75, 7.5, 6.5, 8.0], "texture": "#0"}}}, {"from": [-16, 30.892080000000007, -12.430160000000015], "to": [-14.0, 32, -8.430160000000015], "faces": {"north": {"uv": [10.0, 8.49326, 10.125, 8.5625], "texture": "#0"}, "east": {"uv": [8.5, 10.49326, 8.75, 10.5625], "texture": "#0"}, "south": {"uv": [9.125, 10.49326, 9.25, 10.5625], "texture": "#0"}, "down": {"uv": [0.125, 12.0, 0.0, 12.25], "texture": "#0"}}, "rotation": {"angle": 22.5, "axis": "x", "origin": [-16.0, 35.39207999999999, -10.43016000000003]}}, {"from": [-16, 24.0, -14.0], "to": [0.0, 27.0, -11.0], "faces": {"north": {"uv": [7.0, 4.0, 8.0, 4.1875], "texture": "#1"}, "east": {"uv": [10.5, 3.0, 10.6875, 3.1875], "texture": "#1"}, "south": {"uv": [5.5, 7.0, 6.5, 7.1875], "texture": "#1"}, "west": {"uv": [3.5, 10.5, 3.6875, 10.6875], "texture": "#1"}, "up": {"uv": [7.5, 7.1875, 6.5, 7.0], "texture": "#1"}, "down": {"uv": [8.0, 6.5, 7.0, 6.6875], "texture": "#1"}}}, {"from": [-16, 24.0, -14.0], "to": [-16, 27.0, -11.0], "faces": {"east": {"uv": [3.6875, 10.5, 3.5, 10.6875], "texture": "#1"}}}, {"from": [1.8940800000000024, 15.18455999999999, -14.0], "to": [4.894080000000002, 27.784559999999992, -11.0], "faces": {"north": {"uv": [7.5, 9.5, 7.6875, 10.3125], "texture": "#1"}, "east": {"uv": [8.0, 9.5, 8.1875, 10.3125], "texture": "#1"}, "south": {"uv": [9.5, 8.0, 9.6875, 8.8125], "texture": "#1"}, "west": {"uv": [8.5, 9.5, 8.6875, 10.3125], "texture": "#1"}, "up": {"uv": [11.6875, 0.1875, 11.5, 0.0], "texture": "#1"}, "down": {"uv": [0.6875, 11.5, 0.5, 11.6875], "texture": "#1"}}, "rotation": {"angle": 45, "axis": "z", "origin": [3.3940800000000024, 21.484560000000002, -12.5]}}, {"from": [6.0, 2.0, -14.0], "to": [9.0, 18.0, -11.0], "faces": {"north": {"uv": [7.5, 2.0, 7.6875, 3.0], "texture": "#1"}, "east": {"uv": [7.5, 3.0, 7.6875, 4.0], "texture": "#1"}, "south": {"uv": [7.5, 5.0, 7.6875, 6.0], "texture": "#1"}, "west": {"uv": [5.5, 7.5, 5.6875, 8.5], "texture": "#1"}, "up": {"uv": [11.6875, 0.6875, 11.5, 0.5], "texture": "#1"}, "down": {"uv": [1.1875, 11.5, 1.0, 11.6875], "texture": "#1"}}}, {"from": [-16, 18.0, -8.0], "to": [-12.0, 28.0, 0.0], "faces": {"north": {"uv": [2.5, 7.0, 2.75, 7.625], "texture": "#0"}, "east": {"uv": [7.0, 2.5, 7.5, 3.125], "texture": "#0"}, "south": {"uv": [3.25, 7.0, 3.5, 7.625], "texture": "#0"}, "up": {"uv": [7.75, 7.0, 7.5, 6.5], "texture": "#0"}, "down": {"uv": [7.25, 7.5, 7.0, 8.0], "texture": "#0"}}}, {"from": [-16, 26.930159999999994, -4.62151999999999], "to": [-14.0, 32, -0.6215199999999896], "faces": {"north": {"uv": [10.5, 3.68313, 10.625, 4.0], "texture": "#0"}, "east": {"uv": [4.0, 10.68314, 4.25, 11.0], "texture": "#0"}, "south": {"uv": [10.625, 4.18314, 10.75, 4.5], "texture": "#0"}, "down": {"uv": [0.625, 12.0, 0.5, 12.25], "texture": "#0"}}, "rotation": {"angle": 22.5, "axis": "x", "origin": [-16.0, 30.930160000000008, -2.6215199999999754]}}, {"from": [-16, 20.0, -6.0], "to": [-2.0, 23.0, -3.0], "faces": {"north": {"uv": [8.0, 8.0, 8.875, 8.1875], "texture": "#1"}, "east": {"uv": [10.5, 2.5, 10.6875, 2.6875], "texture": "#1"}, "south": {"uv": [0.0, 8.5, 0.875, 8.6875], "texture": "#1"}, "west": {"uv": [3.0, 10.5, 3.1875, 10.6875], "texture": "#1"}, "up": {"uv": [9.375, 0.1875, 8.5, 0.0], "texture": "#1"}, "down": {"uv": [9.375, 0.5, 8.5, 0.6875], "texture": "#1"}}}, {"from": [-16, 20.0, -6.0], "to": [-16, 23.0, -3.0], "faces": {"east": {"uv": [3.1875, 10.5, 3.0, 10.6875], "texture": "#1"}}}, {"from": [-16, 19.0, 1.0], "to": [-2.0, 22.0, 4.0], "faces": {"north": {"uv": [6.0, 8.0, 6.875, 8.1875], "texture": "#1"}, "east": {"uv": [10.5, 2.0, 10.6875, 2.1875], "texture": "#1"}, "south": {"uv": [8.0, 6.5, 8.875, 6.6875], "texture": "#1"}, "west": {"uv": [2.5, 10.5, 2.6875, 10.6875], "texture": "#1"}, "up": {"uv": [7.875, 8.1875, 7.0, 8.0], "texture": "#1"}, "down": {"uv": [8.875, 7.5, 8.0, 7.6875], "texture": "#1"}}}, {"from": [-16, 19.0, 1.0], "to": [-16, 22.0, 4.0], "faces": {"east": {"uv": [2.6875, 10.5, 2.5, 10.6875], "texture": "#1"}}}, {"from": [-16, 17.0, 7.0], "to": [-2.0, 20.0, 10.0], "faces": {"north": {"uv": [8.0, 4.0, 8.875, 4.1875], "texture": "#1"}, "east": {"uv": [10.5, 1.5, 10.6875, 1.6875], "texture": "#1"}, "south": {"uv": [8.0, 4.5, 8.875, 4.6875], "texture": "#1"}, "west": {"uv": [2.0, 10.5, 2.1875, 10.6875], "texture": "#1"}, "up": {"uv": [8.875, 5.1875, 8.0, 5.0], "texture": "#1"}, "down": {"uv": [8.875, 5.5, 8.0, 5.6875], "texture": "#1"}}}, {"from": [-16, 17.0, 7.0], "to": [-16, 20.0, 10.0], "faces": {"east": {"uv": [2.1875, 10.5, 2.0, 10.6875], "texture": "#1"}}}, {"from": [-16, 16.0, 13.0], "to": [-2.0, 19.0, 16.0], "faces": {"north": {"uv": [8.0, 2.5, 8.875, 2.6875], "texture": "#1"}, "east": {"uv": [10.5, 1.0, 10.6875, 1.1875], "texture": "#1"}, "south": {"uv": [3.0, 8.0, 3.875, 8.1875], "texture": "#1"}, "west": {"uv": [1.5, 10.5, 1.6875, 10.6875], "texture": "#1"}, "up": {"uv": [8.875, 3.1875, 8.0, 3.0], "texture": "#1"}, "down": {"uv": [8.875, 3.5, 8.0, 3.6875], "texture": "#1"}}}, {"from": [-16, 16.0, 13.0], "to": [-16, 19.0, 16.0], "faces": {"east": {"uv": [1.6875, 10.5, 1.5, 10.6875], "texture": "#1"}}}, {"from": [-16, 14.0, 19.0], "to": [-2.0, 17.0, 22.0], "faces": {"north": {"uv": [8.0, 1.0, 8.875, 1.1875], "texture": "#1"}, "east": {"uv": [8.5, 6.0, 8.6875, 6.1875], "texture": "#1"}, "south": {"uv": [8.0, 1.5, 8.875, 1.6875], "texture": "#1"}, "west": {"uv": [8.5, 7.0, 8.6875, 7.1875], "texture": "#1"}, "up": {"uv": [2.875, 8.1875, 2.0, 8.0], "texture": "#1"}, "down": {"uv": [8.875, 2.0, 8.0, 2.1875], "texture": "#1"}}}, {"from": [-16, 14.0, 19.0], "to": [-16, 17.0, 22.0], "faces": {"east": {"uv": [8.6875, 7.0, 8.5, 7.1875], "texture": "#1"}}}, {"from": [-0.10591999999999757, 11.184560000000005, -6.0], "to": [2.8940800000000024, 23.784560000000006, -3.0], "faces": {"north": {"uv": [9.5, 6.0, 9.6875, 6.8125], "texture": "#1"}, "east": {"uv": [6.5, 9.5, 6.6875, 10.3125], "texture": "#1"}, "south": {"uv": [7.0, 9.5, 7.1875, 10.3125], "texture": "#1"}, "west": {"uv": [9.5, 7.0, 9.6875, 7.8125], "texture": "#1"}, "up": {"uv": [11.1875, 11.1875, 11.0, 11.0], "texture": "#1"}, "down": {"uv": [0.1875, 11.5, 0.0, 11.6875], "texture": "#1"}}, "rotation": {"angle": 45, "axis": "z", "origin": [1.3940799999999882, 17.484560000000016, -4.5]}}, {"from": [-0.10591999999999757, 10.18455999999999, 1.0], "to": [2.8940800000000024, 22.784559999999992, 4.0], "faces": {"north": {"uv": [9.5, 9.0, 9.6875, 9.8125], "texture": "#1"}, "east": {"uv": [0.0, 10.0, 0.1875, 10.8125], "texture": "#1"}, "south": {"uv": [10.0, 0.0, 10.1875, 0.8125], "texture": "#1"}, "west": {"uv": [0.5, 10.0, 0.6875, 10.8125], "texture": "#1"}, "up": {"uv": [11.6875, 1.1875, 11.5, 1.0], "texture": "#1"}, "down": {"uv": [1.6875, 11.5, 1.5, 11.6875], "texture": "#1"}}, "rotation": {"angle": 45, "axis": "z", "origin": [1.3940800000000024, 16.484560000000002, 2.5]}}, {"from": [-0.10591999999999757, 8.184560000000005, 7.0], "to": [2.8940800000000024, 20.784560000000006, 10.0], "faces": {"north": {"uv": [10.0, 1.0, 10.1875, 1.8125], "texture": "#1"}, "east": {"uv": [10.0, 2.0, 10.1875, 2.8125], "texture": "#1"}, "south": {"uv": [10.0, 3.0, 10.1875, 3.8125], "texture": "#1"}, "west": {"uv": [10.0, 4.0, 10.1875, 4.8125], "texture": "#1"}, "up": {"uv": [11.6875, 1.6875, 11.5, 1.5], "texture": "#1"}, "down": {"uv": [2.1875, 11.5, 2.0, 11.6875], "texture": "#1"}}, "rotation": {"angle": 45, "axis": "z", "origin": [1.3940799999999882, 14.484560000000016, 8.5]}}, {"from": [-1.520079999999993, 10.598799999999997, 13.0], "to": [1.47992, 19.1988, 16.0], "faces": {"north": {"uv": [9.5, 10.0, 9.6875, 10.5625], "texture": "#1"}, "east": {"uv": [10.0, 10.0, 10.1875, 10.5625], "texture": "#1"}, "south": {"uv": [10.5, 0.0, 10.6875, 0.5625], "texture": "#1"}, "west": {"uv": [1.0, 10.5, 1.1875, 11.0625], "texture": "#1"}, "up": {"uv": [11.6875, 2.1875, 11.5, 2.0], "texture": "#1"}, "down": {"uv": [2.6875, 11.5, 2.5, 11.6875], "texture": "#1"}}, "rotation": {"angle": 45, "axis": "z", "origin": [-0.020080000000007203, 14.898799999999994, 14.5]}}, {"from": [4.0, 5.0, -6.0], "to": [7.0, 14.0, -3.0], "faces": {"north": {"uv": [10.0, 7.0, 10.1875, 7.5625], "texture": "#1"}, "east": {"uv": [10.0, 8.0, 10.1875, 8.5625], "texture": "#1"}, "south": {"uv": [9.0, 10.0, 9.1875, 10.5625], "texture": "#1"}, "west": {"uv": [10.0, 9.0, 10.1875, 9.5625], "texture": "#1"}, "up": {"uv": [10.6875, 11.1875, 10.5, 11.0], "texture": "#1"}, "down": {"uv": [11.1875, 10.5, 11.0, 10.6875], "texture": "#1"}}}, {"from": [-16, 16.0, 0.0], "to": [-12.0, 26.0, 6.0], "faces": {"north": {"uv": [7.0, 3.5, 7.25, 4.125], "texture": "#0"}, "east": {"uv": [0.5, 8.0, 0.875, 8.625], "texture": "#0"}, "south": {"uv": [4.25, 7.0, 4.5, 7.625], "texture": "#0"}, "up": {"uv": [6.75, 8.375, 6.5, 8.0], "texture": "#0"}, "down": {"uv": [8.25, 6.5, 8.0, 6.875], "texture": "#0"}}}, {"from": [-16, 14.0, 6.0], "to": [-12.0, 23.0, 12.0], "faces": {"north": {"uv": [6.0, 7.0, 6.25, 7.5625], "texture": "#0"}, "east": {"uv": [8.0, 5.5, 8.375, 6.0625], "texture": "#0"}, "south": {"uv": [7.25, 6.0, 7.5, 6.5625], "texture": "#0"}, "up": {"uv": [7.25, 8.375, 7.0, 8.0], "texture": "#0"}, "down": {"uv": [8.25, 7.0, 8.0, 7.375], "texture": "#0"}}}, {"from": [-16, 13.0, 12.0], "to": [-12.0, 21.0, 18.0], "faces": {"north": {"uv": [7.5, 7.0, 7.75, 7.5], "texture": "#0"}, "east": {"uv": [7.5, 8.0, 7.875, 8.5], "texture": "#0"}, "south": {"uv": [7.75, 7.5, 8.0, 8.0], "texture": "#0"}, "up": {"uv": [8.25, 8.375, 8.0, 8.0], "texture": "#0"}, "down": {"uv": [0.25, 8.5, 0.0, 8.875], "texture": "#0"}}}, {"from": [-16, 11.0, 18.0], "to": [-12.0, 19.0, 24.0], "faces": {"north": {"uv": [0.0, 8.0, 0.25, 8.5], "texture": "#0"}, "east": {"uv": [8.5, 0.0, 8.875, 0.5], "texture": "#0"}, "south": {"uv": [8.25, 0.0, 8.5, 0.5], "texture": "#0"}, "up": {"uv": [1.25, 8.875, 1.0, 8.5], "texture": "#0"}, "down": {"uv": [8.75, 1.0, 8.5, 1.375], "texture": "#0"}}}, {"from": [-16, 19.906719999999993, 0.5781599999999969], "to": [-14.0, 26.906719999999993, 24.578159999999997], "faces": {"north": {"uv": [11.0, 3.0, 11.125, 3.4375], "texture": "#0"}, "east": {"uv": [1.0, 2.0, 2.5, 2.4375], "texture": "#0"}, "south": {"uv": [3.625, 11.0, 3.75, 11.4375], "texture": "#0"}, "up": {"uv": [7.125, 2.5, 7.0, 1.0], "texture": "#0"}, "down": {"uv": [2.125, 7.0, 2.0, 8.5], "texture": "#0"}}, "rotation": {"angle": 22.5, "axis": "x", "origin": [-16.0, 23.40672000000003, 12.578159999999983]}}, {"from": [-16, 2.0, 26.0], "to": [-15.0, 21.0, 28.0], "faces": {"north": {"uv": [0.0, 10.0, 0.0625, 11.1875], "texture": "#0"}, "east": {"uv": [10.0, 0.0, 10.125, 1.1875], "texture": "#0"}, "south": {"uv": [10.0625, 1.5, 10.125, 2.6875], "texture": "#0"}, "up": {"uv": [12.5625, 1.625, 12.5, 1.5], "texture": "#0"}, "down": {"uv": [2.0625, 12.5, 2.0, 12.625], "texture": "#0"}}}, {"from": [-16, 10.0, 24.0], "to": [-12.0, 17.0, 30.0], "faces": {"north": {"uv": [1.0, 8.0, 1.25, 8.4375], "texture": "#0"}, "east": {"uv": [9.0, 2.5, 9.375, 2.9375], "texture": "#0"}, "south": {"uv": [1.75, 8.0, 2.0, 8.4375], "texture": "#0"}, "up": {"uv": [1.75, 8.875, 1.5, 8.5], "texture": "#0"}, "down": {"uv": [2.25, 8.5, 2.0, 8.875], "texture": "#0"}}}, {"from": [-16, -4.0, 32], "to": [-15.0, 18.0, 32], "faces": {"north": {"uv": [9.0, 0.0, 9.0625, 1.375], "texture": "#0"}}}, {"from": [-16, 7.0, 30.0], "to": [-12.0, 14.0, 32], "faces": {"north": {"uv": [2.5, 8.0, 2.75, 8.4375], "texture": "#0"}, "east": {"uv": [9.25, 3.0, 9.375, 3.4375], "texture": "#0"}, "up": {"uv": [2.75, 8.875, 2.5, 8.75], "texture": "#0"}, "down": {"uv": [8.75, 2.75, 8.5, 2.875], "texture": "#0"}}}, {"from": [4.213679999999989, 2.8436000000000092, -9.0], "to": [8.21367999999999, 18.84360000000001, 23.0], "faces": {"north": {"uv": [4.0, 7.5, 4.25, 8.5], "texture": "#2"}, "east": {"uv": [0.0, 0.0, 2.0, 1.0], "texture": "#2"}, "south": {"uv": [7.5, 4.0, 7.75, 5.0], "texture": "#2"}, "west": {"uv": [0.0, 1.0, 2.0, 2.0], "texture": "#2"}, "up": {"uv": [0.25, 8.0, 0.0, 6.0], "texture": "#2"}, "down": {"uv": [6.25, 0.0, 6.0, 2.0], "texture": "#2"}}, "rotation": {"angle": 22.5, "axis": "z", "origin": [6.2136799999999965, 10.84360000000001, 7.0]}}, {"from": [1.0, -16, 10.0], "to": [8.0, 11.0, 18.0], "faces": {"north": {"uv": [3.5, 0.0, 3.9375, 1.6875], "texture": "#2"}, "east": {"uv": [3.0, 0.0, 3.5, 1.6875], "texture": "#2"}, "south": {"uv": [3.5, 2.5, 3.9375, 4.1875], "texture": "#2"}, "west": {"uv": [3.0, 2.5, 3.5, 4.1875], "texture": "#2"}, "up": {"uv": [0.4375, 8.5, 0.0, 8.0], "texture": "#2"}}}], "display": {"gui": {"rotation": [0, -90, 0], "translation": [0, -3.25, 0], "scale": [0.5, 0.5, 0.5]}, "fixed": {"rotation": [-90, 0, 0], "translation": [0, 0, -19.25], "scale": [2, 2, 2]}}, "groups": [{"name": "group", "origin": [0, 0, 0], "children": []}, {"name": "group", "origin": [14.375, 9.5, 0.25], "children": [0, 1, 2, 3, 4, 5, 6, 7]}, {"name": "group", "origin": [14.375, 9.5, 0.25], "children": [8, 9, 10, 11, 12, 13, 14, 15, 16, 17]}, {"name": "group", "origin": [14.375, 9.5, 0.25], "children": [18, 19, 20, 21, 22, 23, 24, 25, 26, 27]}, {"name": "group", "origin": [14.375, 9.5, 0.25], "children": [28, 29, 30, 31, 32, 33, 34, 35, 36, 37]}, {"name": "group", "origin": [14.375, 9.5, 0.25], "children": [38, 39, 40, 41, 42, 43, 44, 45, 46, 47]}, {"name": "group", "origin": [14.375, 9.5, 0.25], "children": [48, 49, 50, 51, 52, 53, 54, 55, 56, 57]}, {"name": "group", "origin": [14.375, 9.5, 0.25], "children": [58, 59, 60, 61, 62, 63, 64, 65, 66, 67]}, {"name": "group", "origin": [14.375, 9.5, 0.25], "children": [68, 69, 70, 71, 72, 73, 74, 75, 76, 77]}, {"name": "group", "origin": [14.375, 9.5, 0.25], "children": [78, 79, 80, 81, 82, 83, 84, 85]}, {"name": "group", "origin": [14.375, 9.5, 0.25], "children": [86, 87, 88, 89, 90, 91, 92, 93, 94, 95, 96, 97, 98, 99, 100, 101, 102, 103, 104, 105, 106, 107]}, {"name": "group", "origin": [0, 0, 0], "children": [108]}, {"name": "group", "origin": [0, 0, 0], "children": [109]}, {"name": "group", "origin": [0, 0, 0], "children": [110, 111]}, {"name": "group", "origin": [0, 0, 0], "children": [112, 113]}, {"name": "group", "origin": [0, 0, 0], "children": [114, 115]}, {"name": "group", "origin": [0, 0, 0], "children": [116, 117]}, {"name": "group", "origin": [0, 0, 0], "children": [118, 119]}, {"name": "group", "origin": [0, 0, 0], "children": [120, 121]}, {"name": "group", "origin": [0, 0, 0], "children": [122, 123, 124, 125]}, {"name": "group", "origin": [15.4375, 9.5, 5.1875], "children": [126, 127, 128, 129, 130, 131, 132, 133, 134, 135, 136, 137, 138, 139, 140, 141, 142, 143]}, {"name": "group", "origin": [14.375, 9.5, 0.25], "children": [144, 145, 146, 147, 148]}, {"name": "group", "origin": [0, -4.375, 15.375], "children": [149, 150]}, {"name": "group", "origin": [0, -4.375, 15.375], "children": [151, 152]}, {"name": "group", "origin": [0, -4.375, 15.375], "children": [153, 154]}, {"name": "group", "origin": [0, -4.375, 15.375], "children": [155, 156]}, {"name": "group", "origin": [0, -4.375, 15.375], "children": [157, 158]}, {"name": "group", "origin": [0, -4.375, 15.375], "children": [159, 160]}, {"name": "group", "origin": [0, -4.375, 15.375], "children": [161, 162]}, {"name": "group", "origin": [0, -4.375, 15.375], "children": [163, 164]}, {"name": "group", "origin": [0, -4.375, 15.375], "children": [165, 166]}, {"name": "group", "origin": [0, -4.375, 15.375], "children": [167, 168]}, {"name": "group", "origin": [0, -4.375, 15.375], "children": [169]}, {"name": "group", "origin": [0, -4.375, 15.375], "children": [170, 171]}, {"name": "group", "origin": [0, -4.375, 15.375], "children": [172, 173, 174, 175]}, {"name": "group", "origin": [0, -4.375, 15.375], "children": [176, 177, 178, 179, 180, 181, 182, 183]}]}