{"credit": "Made with Blockbench", "texture_size": [32, 32], "textures": {"0": "item/bone/brachiosaurus_center", "1": "item/bone/brachiosaurus_side", "2": "item/bone/brachiosaurus_legs", "particle": "item/bone/brachiosaurus_center"}, "elements": [{"from": [-16, 7.0, 16.0], "to": [-12.0, 19.0, 24.0], "faces": {"north": {"uv": [5.0, 5.0, 5.25, 5.75], "texture": "#0"}, "east": {"uv": [5.5, 0.0, 6.0, 0.75], "texture": "#0"}, "south": {"uv": [1.25, 5.5, 1.5, 6.25], "texture": "#0"}, "up": {"uv": [6.75, 7.5, 6.5, 7.0], "texture": "#0"}, "down": {"uv": [7.25, 7.0, 7.0, 7.5], "texture": "#0"}}}, {"from": [-16, 17.854, 19.7612], "to": [-14.0, 27.854, 23.7612], "faces": {"north": {"uv": [9.0, 4.0, 9.125, 4.625], "texture": "#0"}, "east": {"uv": [4.5, 9.0, 4.75, 9.625], "texture": "#0"}, "south": {"uv": [5.125, 9.0, 5.25, 9.625], "texture": "#0"}, "up": {"uv": [7.125, 11.75, 7.0, 11.5], "texture": "#0"}, "down": {"uv": [7.625, 11.5, 7.5, 11.75], "texture": "#0"}}, "rotation": {"angle": 22.5, "axis": "x", "origin": [-16.0, 22.854, 21.761200000000002]}}, {"from": [-16, 11.0, 18.0], "to": [-1.0, 14.0, 21.0], "faces": {"north": {"uv": [6.0, 7.5, 6.9375, 7.6875], "texture": "#1"}, "east": {"uv": [10.5, 8.0, 10.6875, 8.1875], "texture": "#1"}, "south": {"uv": [7.5, 6.0, 8.4375, 6.1875], "texture": "#1"}, "west": {"uv": [8.5, 10.5, 8.6875, 10.6875], "texture": "#1"}, "up": {"uv": [7.9375, 7.6875, 7.0, 7.5], "texture": "#1"}, "down": {"uv": [8.4375, 7.0, 7.5, 7.1875], "texture": "#1"}}}, {"from": [-16, 11.0, 18.0], "to": [-16, 14.0, 21.0], "faces": {"east": {"uv": [8.6875, 10.5, 8.5, 10.6875], "texture": "#1"}}}, {"from": [0.8940800000000024, 2.1845599999999994, 18.0], "to": [3.8940800000000024, 14.78456, 21.0], "faces": {"north": {"uv": [5.0, 8.5, 5.1875, 9.3125], "texture": "#1"}, "east": {"uv": [5.5, 8.5, 5.6875, 9.3125], "texture": "#1"}, "south": {"uv": [6.0, 8.5, 6.1875, 9.3125], "texture": "#1"}, "west": {"uv": [6.5, 8.5, 6.6875, 9.3125], "texture": "#1"}, "up": {"uv": [10.6875, 8.6875, 10.5, 8.5], "texture": "#1"}, "down": {"uv": [10.6875, 9.0, 10.5, 9.1875], "texture": "#1"}}, "rotation": {"angle": 45, "axis": "z", "origin": [2.3940800000000024, 8.484559999999991, 19.5]}}, {"from": [5.0, -8.0, 18.0], "to": [8.0, 5.0, 21.0], "faces": {"north": {"uv": [7.0, 8.5, 7.1875, 9.3125], "texture": "#1"}, "east": {"uv": [7.5, 8.5, 7.6875, 9.3125], "texture": "#1"}, "south": {"uv": [8.0, 8.5, 8.1875, 9.3125], "texture": "#1"}, "west": {"uv": [8.5, 8.5, 8.6875, 9.3125], "texture": "#1"}, "up": {"uv": [10.6875, 9.6875, 10.5, 9.5], "texture": "#1"}, "down": {"uv": [10.6875, 10.0, 10.5, 10.1875], "texture": "#1"}}}, {"from": [-16, 4.0, 24.0], "to": [-12.0, 16.0, 32], "faces": {"north": {"uv": [1.5, 5.5, 1.75, 6.25], "texture": "#0"}, "east": {"uv": [5.5, 4.0, 6.0, 4.75], "texture": "#0"}, "south": {"uv": [5.75, 5.0, 6.0, 5.75], "texture": "#0"}, "up": {"uv": [7.75, 0.5, 7.5, 0.0], "texture": "#0"}, "down": {"uv": [7.75, 0.5, 7.5, 1.0], "texture": "#0"}}}, {"from": [-16, 14.854, 27.761200000000002], "to": [-14.0, 24.854, 31.761200000000002], "faces": {"north": {"uv": [6.0, 9.0, 6.125, 9.625], "texture": "#0"}, "east": {"uv": [9.0, 6.0, 9.25, 6.625], "texture": "#0"}, "south": {"uv": [9.125, 7.0, 9.25, 7.625], "texture": "#0"}, "up": {"uv": [8.125, 11.75, 8.0, 11.5], "texture": "#0"}, "down": {"uv": [11.625, 8.0, 11.5, 8.25], "texture": "#0"}}, "rotation": {"angle": 22.5, "axis": "x", "origin": [-16.0, 19.854, 29.761200000000002]}}, {"from": [-16, 8.0, 26.0], "to": [2.0, 11.0, 29.0], "faces": {"north": {"uv": [6.5, 4.5, 7.625, 4.6875], "texture": "#1"}, "east": {"uv": [10.5, 7.5, 10.6875, 7.6875], "texture": "#1"}, "south": {"uv": [5.5, 6.5, 6.625, 6.6875], "texture": "#1"}, "west": {"uv": [8.0, 10.5, 8.1875, 10.6875], "texture": "#1"}, "up": {"uv": [8.125, 0.1875, 7.0, 0.0], "texture": "#1"}, "down": {"uv": [8.125, 0.5, 7.0, 0.6875], "texture": "#1"}}}, {"from": [-16, 8.0, 26.0], "to": [-16, 11.0, 29.0], "faces": {"east": {"uv": [8.1875, 10.5, 8.0, 10.6875], "texture": "#1"}}}, {"from": [3.8940800000000024, -0.8154400000000024, 26.0], "to": [6.894080000000002, 11.784559999999995, 29.0], "faces": {"north": {"uv": [0.0, 9.0, 0.1875, 9.8125], "texture": "#1"}, "east": {"uv": [0.5, 9.0, 0.6875, 9.8125], "texture": "#1"}, "south": {"uv": [9.0, 1.0, 9.1875, 1.8125], "texture": "#1"}, "west": {"uv": [9.0, 2.0, 9.1875, 2.8125], "texture": "#1"}, "up": {"uv": [10.6875, 10.6875, 10.5, 10.5], "texture": "#1"}, "down": {"uv": [0.1875, 11.0, 0.0, 11.1875], "texture": "#1"}}, "rotation": {"angle": 45, "axis": "z", "origin": [5.394080000000002, 5.484559999999991, 27.5]}}, {"from": [8.0, -15.0, 26.0], "to": [11.0, 2.0, 29.0], "faces": {"north": {"uv": [7.0, 2.5, 7.1875, 3.5625], "texture": "#1"}, "east": {"uv": [4.0, 7.0, 4.1875, 8.0625], "texture": "#1"}, "south": {"uv": [4.5, 7.0, 4.6875, 8.0625], "texture": "#1"}, "west": {"uv": [5.0, 7.0, 5.1875, 8.0625], "texture": "#1"}, "up": {"uv": [11.1875, 0.1875, 11.0, 0.0], "texture": "#1"}, "down": {"uv": [0.6875, 11.0, 0.5, 11.1875], "texture": "#1"}}}, {"from": [4.670000000000009, -16, 26.0], "to": [7.670000000000009, -13.740879999999994, 29.0], "faces": {"north": {"uv": [3.0, 6.5, 3.1875, 6.6412], "texture": "#1"}, "east": {"uv": [3.5, 6.5, 3.6875, 6.6412], "texture": "#1"}, "south": {"uv": [7.0, 1.0, 7.1875, 1.1412], "texture": "#1"}, "west": {"uv": [1.5, 7.0, 1.6875, 7.1412], "texture": "#1"}, "up": {"uv": [2.1875, 11.1875, 2.0, 11.0], "texture": "#1"}}, "rotation": {"angle": -22.5, "axis": "z", "origin": [6.170000000000009, -22.740879999999983, 27.5]}}, {"from": [-16, -1.0, 32], "to": [-12.0, 11.0, 32], "faces": {"north": {"uv": [6.0, 0.0, 6.25, 0.75], "texture": "#0"}}}, {"from": [-16, 22.4708, 7.18768], "to": [-13.0, 26.4708, 16.18768], "faces": {"north": {"uv": [11.0, 10.0, 11.1875, 10.25], "texture": "#0"}, "east": {"uv": [4.5, 10.0, 5.0625, 10.25], "texture": "#0"}, "south": {"uv": [10.6875, 11.0, 10.875, 11.25], "texture": "#0"}, "up": {"uv": [3.6875, 8.5625, 3.5, 8.0], "texture": "#0"}, "down": {"uv": [8.1875, 3.5, 8.0, 4.0625], "texture": "#0"}}, "rotation": {"angle": 22.5, "axis": "x", "origin": [-16.0, 24.470800000000004, 11.68768]}}, {"from": [-16, 9.54384, 1.8207199999999997], "to": [-11.0, 22.54384, 17.82072], "faces": {"north": {"uv": [0.0, 4.0, 0.3125, 4.8125], "texture": "#0"}, "east": {"uv": [0.0, 0.0, 1.0, 0.8125], "texture": "#0"}, "south": {"uv": [4.3125, 0.0, 4.625, 0.8125], "texture": "#0"}, "up": {"uv": [3.3125, 1.0, 3.0, 0.0], "texture": "#0"}, "down": {"uv": [3.3125, 2.5, 3.0, 3.5], "texture": "#0"}}, "rotation": {"angle": 22.5, "axis": "x", "origin": [-16.0, 16.04384, 9.820719999999998]}}, {"from": [-16, 17.58192, -12.370640000000002], "to": [-11.0, 29.58192, 3.6293599999999984], "faces": {"north": {"uv": [4.0, 4.0, 4.3125, 4.75], "texture": "#0"}, "east": {"uv": [1.0, 0.0, 2.0, 0.75], "texture": "#0"}, "south": {"uv": [1.3125, 4.5, 1.625, 5.25], "texture": "#0"}, "up": {"uv": [2.3125, 3.5, 2.0, 2.5], "texture": "#0"}, "down": {"uv": [0.3125, 3.0, 0.0, 4.0], "texture": "#0"}}, "rotation": {"angle": 22.5, "axis": "x", "origin": [-16.0, 23.581920000000004, -4.370640000000002]}}, {"from": [-16, 29.546960000000002, -7.195039999999999], "to": [-13.0, 32, 1.8049599999999995], "faces": {"north": {"uv": [0.0, 11.59668, 0.1875, 11.75], "texture": "#0"}, "east": {"uv": [10.0, 7.09669, 10.5625, 7.25], "texture": "#0"}, "south": {"uv": [11.6875, 0.09668, 11.875, 0.25], "texture": "#0"}, "down": {"uv": [5.6875, 8.0, 5.5, 8.5625], "texture": "#0"}}, "rotation": {"angle": 22.5, "axis": "x", "origin": [-16.0, 31.546960000000002, -2.6950399999999988]}}, {"from": [-16, 25.619920000000004, -16], "to": [-11.0, 32, -10.562000000000001], "faces": {"east": {"uv": [0.0, 2.28875, 0.33988, 2.6875], "texture": "#0"}, "south": {"uv": [2.8125, 5.28874, 3.125, 5.6875], "texture": "#0"}, "down": {"uv": [2.8125, 1.5, 2.5, 1.83988], "texture": "#0"}}, "rotation": {"angle": 22.5, "axis": "x", "origin": [-16.0, 31.119920000000004, -18.561999999999998]}}], "display": {"gui": {"rotation": [0, -90, 0], "translation": [0, -3.25, 0], "scale": [0.5, 0.5, 0.5]}, "fixed": {"rotation": [-90, 0, 0], "translation": [0, 0, -19.25], "scale": [2, 2, 2]}}, "groups": [{"name": "group", "origin": [0, 0, 0], "children": []}, {"name": "group", "origin": [14.375, 9.5, 0.25], "children": [0, 1, 2, 3, 4, 5, 6, 7]}, {"name": "group", "origin": [14.375, 9.5, 0.25], "children": [8, 9, 10, 11, 12, 13, 14, 15, 16, 17]}, {"name": "group", "origin": [14.375, 9.5, 0.25], "children": [18, 19, 20, 21, 22, 23, 24, 25, 26, 27]}, {"name": "group", "origin": [14.375, 9.5, 0.25], "children": [28, 29, 30, 31, 32, 33, 34, 35, 36, 37]}, {"name": "group", "origin": [14.375, 9.5, 0.25], "children": [38, 39, 40, 41, 42, 43, 44, 45, 46, 47]}, {"name": "group", "origin": [14.375, 9.5, 0.25], "children": [48, 49, 50, 51, 52, 53, 54, 55, 56, 57]}, {"name": "group", "origin": [14.375, 9.5, 0.25], "children": [58, 59, 60, 61, 62, 63, 64, 65, 66, 67]}, {"name": "group", "origin": [14.375, 9.5, 0.25], "children": [68, 69, 70, 71, 72, 73, 74, 75, 76, 77]}, {"name": "group", "origin": [14.375, 9.5, 0.25], "children": [78, 79, 80, 81, 82, 83, 84, 85]}, {"name": "group", "origin": [14.375, 9.5, 0.25], "children": [86, 87, 88, 89, 90, 91, 92, 93, 94, 95, 96, 97, 98, 99, 100, 101, 102, 103, 104, 105, 106, 107]}, {"name": "group", "origin": [0, 0, 0], "children": [108]}, {"name": "group", "origin": [0, 0, 0], "children": [109]}, {"name": "group", "origin": [0, 0, 0], "children": [110, 111]}, {"name": "group", "origin": [0, 0, 0], "children": [112, 113]}, {"name": "group", "origin": [0, 0, 0], "children": [114, 115]}, {"name": "group", "origin": [0, 0, 0], "children": [116, 117]}, {"name": "group", "origin": [0, 0, 0], "children": [118, 119]}, {"name": "group", "origin": [0, 0, 0], "children": [120, 121]}, {"name": "group", "origin": [0, 0, 0], "children": [122, 123, 124, 125]}, {"name": "group", "origin": [15.4375, 9.5, 5.1875], "children": [126, 127, 128, 129, 130, 131, 132, 133, 134, 135, 136, 137, 138, 139, 140, 141, 142, 143]}, {"name": "group", "origin": [14.375, 9.5, 0.25], "children": [144, 145, 146, 147, 148]}, {"name": "group", "origin": [0, -4.375, 15.375], "children": [149, 150]}, {"name": "group", "origin": [0, -4.375, 15.375], "children": [151, 152]}, {"name": "group", "origin": [0, -4.375, 15.375], "children": [153, 154]}, {"name": "group", "origin": [0, -4.375, 15.375], "children": [155, 156]}, {"name": "group", "origin": [0, -4.375, 15.375], "children": [157, 158]}, {"name": "group", "origin": [0, -4.375, 15.375], "children": [159, 160]}, {"name": "group", "origin": [0, -4.375, 15.375], "children": [161, 162]}, {"name": "group", "origin": [0, -4.375, 15.375], "children": [163, 164]}, {"name": "group", "origin": [0, -4.375, 15.375], "children": [165, 166]}, {"name": "group", "origin": [0, -4.375, 15.375], "children": [167, 168]}, {"name": "group", "origin": [0, -4.375, 15.375], "children": [169]}, {"name": "group", "origin": [0, -4.375, 15.375], "children": [170, 171]}, {"name": "group", "origin": [0, -4.375, 15.375], "children": [172, 173, 174, 175]}, {"name": "group", "origin": [0, -4.375, 15.375], "children": [176, 177, 178, 179, 180, 181, 182, 183]}]}