{"credit": "Made with Blockbench", "texture_size": [32, 32], "textures": {"0": "item/bone/brachiosaurus_center", "1": "item/bone/brachiosaurus_side", "2": "item/bone/brachiosaurus_legs", "particle": "item/bone/brachiosaurus_center"}, "elements": [{"from": [-16, -16, -7.195039999999999], "to": [-13.0, -14.45304, 1.8049599999999995], "faces": {"north": {"uv": [0.0, 11.5, 0.1875, 11.59668], "texture": "#0"}, "east": {"uv": [10.0, 7.0, 10.5625, 7.09668], "texture": "#0"}, "south": {"uv": [11.6875, 0.0, 11.875, 0.09669], "texture": "#0"}, "up": {"uv": [5.1875, 8.5625, 5.0, 8.0], "texture": "#0"}}, "rotation": {"angle": 22.5, "axis": "x", "origin": [-16.0, -16.453039999999998, -2.6950399999999988]}}, {"from": [-16, -16, -16], "to": [-11.0, -11.380079999999996, -10.562000000000001], "faces": {"east": {"uv": [0.0, 2.0, 0.33988, 2.28875], "texture": "#0"}, "south": {"uv": [2.8125, 5.0, 3.125, 5.28874], "texture": "#0"}, "up": {"uv": [1.3125, 2.83988, 1.0, 2.5], "texture": "#0"}}, "rotation": {"angle": 22.5, "axis": "x", "origin": [-16.0, -16.880079999999996, -18.561999999999998]}}, {"from": [-16, -11.33888, -16], "to": [-13.0, -8.33888, -12.76904], "faces": {"east": {"uv": [7.5, 11.0, 7.70194, 11.1875], "texture": "#0"}, "south": {"uv": [6.6875, 11.5, 6.875, 11.6875], "texture": "#0"}, "up": {"uv": [4.1875, 8.20194, 4.0, 8.0], "texture": "#0"}, "down": {"uv": [8.1875, 4.5, 8.0, 4.70194], "texture": "#0"}}, "rotation": {"angle": 22.5, "axis": "x", "origin": [-16.0, -9.838879999999996, -17.26903999999999]}}], "display": {"gui": {"rotation": [0, -90, 0], "translation": [0, -3.25, 0], "scale": [0.5, 0.5, 0.5]}, "fixed": {"rotation": [-90, 0, 0], "translation": [0, 0, -19.25], "scale": [2, 2, 2]}}, "groups": [{"name": "group", "origin": [0, 0, 0], "children": []}, {"name": "group", "origin": [14.375, 9.5, 0.25], "children": [0, 1, 2, 3, 4, 5, 6, 7]}, {"name": "group", "origin": [14.375, 9.5, 0.25], "children": [8, 9, 10, 11, 12, 13, 14, 15, 16, 17]}, {"name": "group", "origin": [14.375, 9.5, 0.25], "children": [18, 19, 20, 21, 22, 23, 24, 25, 26, 27]}, {"name": "group", "origin": [14.375, 9.5, 0.25], "children": [28, 29, 30, 31, 32, 33, 34, 35, 36, 37]}, {"name": "group", "origin": [14.375, 9.5, 0.25], "children": [38, 39, 40, 41, 42, 43, 44, 45, 46, 47]}, {"name": "group", "origin": [14.375, 9.5, 0.25], "children": [48, 49, 50, 51, 52, 53, 54, 55, 56, 57]}, {"name": "group", "origin": [14.375, 9.5, 0.25], "children": [58, 59, 60, 61, 62, 63, 64, 65, 66, 67]}, {"name": "group", "origin": [14.375, 9.5, 0.25], "children": [68, 69, 70, 71, 72, 73, 74, 75, 76, 77]}, {"name": "group", "origin": [14.375, 9.5, 0.25], "children": [78, 79, 80, 81, 82, 83, 84, 85]}, {"name": "group", "origin": [14.375, 9.5, 0.25], "children": [86, 87, 88, 89, 90, 91, 92, 93, 94, 95, 96, 97, 98, 99, 100, 101, 102, 103, 104, 105, 106, 107]}, {"name": "group", "origin": [0, 0, 0], "children": [108]}, {"name": "group", "origin": [0, 0, 0], "children": [109]}, {"name": "group", "origin": [0, 0, 0], "children": [110, 111]}, {"name": "group", "origin": [0, 0, 0], "children": [112, 113]}, {"name": "group", "origin": [0, 0, 0], "children": [114, 115]}, {"name": "group", "origin": [0, 0, 0], "children": [116, 117]}, {"name": "group", "origin": [0, 0, 0], "children": [118, 119]}, {"name": "group", "origin": [0, 0, 0], "children": [120, 121]}, {"name": "group", "origin": [0, 0, 0], "children": [122, 123, 124, 125]}, {"name": "group", "origin": [15.4375, 9.5, 5.1875], "children": [126, 127, 128, 129, 130, 131, 132, 133, 134, 135, 136, 137, 138, 139, 140, 141, 142, 143]}, {"name": "group", "origin": [14.375, 9.5, 0.25], "children": [144, 145, 146, 147, 148]}, {"name": "group", "origin": [0, -4.375, 15.375], "children": [149, 150]}, {"name": "group", "origin": [0, -4.375, 15.375], "children": [151, 152]}, {"name": "group", "origin": [0, -4.375, 15.375], "children": [153, 154]}, {"name": "group", "origin": [0, -4.375, 15.375], "children": [155, 156]}, {"name": "group", "origin": [0, -4.375, 15.375], "children": [157, 158]}, {"name": "group", "origin": [0, -4.375, 15.375], "children": [159, 160]}, {"name": "group", "origin": [0, -4.375, 15.375], "children": [161, 162]}, {"name": "group", "origin": [0, -4.375, 15.375], "children": [163, 164]}, {"name": "group", "origin": [0, -4.375, 15.375], "children": [165, 166]}, {"name": "group", "origin": [0, -4.375, 15.375], "children": [167, 168]}, {"name": "group", "origin": [0, -4.375, 15.375], "children": [169]}, {"name": "group", "origin": [0, -4.375, 15.375], "children": [170, 171]}, {"name": "group", "origin": [0, -4.375, 15.375], "children": [172, 173, 174, 175]}, {"name": "group", "origin": [0, -4.375, 15.375], "children": [176, 177, 178, 179, 180, 181, 182, 183]}]}