{"credit": "Made with Blockbench", "textures": {"3": "item/bone/ankylosaurus-spine", "5": "item/bone/ankylosaurus-rib", "8": "item/bone/ankylosaurus-armor", "9": "item/bone/ankylosaurus-leg", "particle": "\u30c7\u30b9\u30af\u30c8\u30c3\u30d7/anky"}, "elements": [{"from": [16.0, -16.0, 20.18507551203198], "to": [23.0, -14.0, 27.18507551203198], "faces": {"north": {"uv": [13.0, 7.0, 14.75, 7.5], "texture": "#9"}, "east": {"uv": [13.0, 8.0, 14.75, 8.5], "texture": "#9"}, "south": {"uv": [11.0, 13.0, 12.75, 13.5], "texture": "#9"}, "west": {"uv": [13.0, 13.0, 14.75, 13.5], "texture": "#9"}, "up": {"uv": [10.75, 7.75, 9.0, 6.0], "texture": "#9"}, "down": {"uv": [9.75, 9.0, 8.0, 10.75], "texture": "#9"}}, "rotation": {"angle": 22.5, "axis": "x", "origin": [19.5, -16.028650284751706, 21.099388411972612]}}, {"from": [-6.994759999999999, 8.0, 22.001039999999996], "to": [-3.9947599999999994, 15.0, 32.0], "faces": {"north": {"uv": [12.75, 4.0, 12.0, 5.75], "texture": "#9"}, "east": {"uv": [2.49974, 2.0, -0.0, 3.75], "texture": "#9"}, "west": {"uv": [4.75, 0.0, 2.25026, 1.75], "texture": "#9"}, "up": {"uv": [8.0, 8.75, 8.75, 6.25026], "texture": "#9"}, "down": {"uv": [0.0, 11.25026, 0.75, 13.75], "texture": "#9"}}, "rotation": {"angle": -22.5, "axis": "y", "origin": [-5.494759999999985, 11.5, 31.501039999999964]}}, {"from": [-7.0, -3.3170253355622137, 31.460884994775327], "to": [-3.0, 10.682974664437786, 32.0], "faces": {"north": {"uv": [6.0, 0.0, 5.0, 3.5], "texture": "#9"}, "east": {"uv": [8.13478, 0.0, 8.0, 3.5], "texture": "#9"}, "west": {"uv": [7.25, 5.0, 7.11522, 8.5], "texture": "#9"}, "up": {"uv": [7.0, 13.25, 8.0, 13.11522], "texture": "#9"}, "down": {"uv": [12.0, 8.11522, 13.0, 8.25], "texture": "#9"}}, "rotation": {"angle": -22.5, "axis": "x", "origin": [-5.0, 3.6829746644377934, 33.96088499477533]}}, {"from": [3.0, 10.0, 23.0], "to": [13.0, 18.0, 32.0], "faces": {"north": {"uv": [1.5, 6.0, 2.75, 7.0], "texture": "#3"}, "east": {"uv": [4.0, 0.0, 5.125, 1.0], "texture": "#3"}, "west": {"uv": [3.0, 1.0, 4.125, 2.0], "texture": "#3"}, "up": {"uv": [1.25, 2.125, 0.0, 1.0], "texture": "#3"}, "down": {"uv": [2.75, 1.0, 1.5, 2.125], "texture": "#3"}}}, {"from": [4.0, 8.0, 19.0], "to": [12.0, 16.0, 23.0], "faces": {"north": {"uv": [4.5, 7.0, 5.5, 8.0], "texture": "#3"}, "east": {"uv": [9.0, 6.0, 9.5, 7.0], "texture": "#3"}, "south": {"uv": [5.5, 7.0, 6.5, 8.0], "texture": "#3"}, "west": {"uv": [6.5, 9.0, 7.0, 10.0], "texture": "#3"}, "up": {"uv": [3.0, 5.0, 2.0, 4.5], "texture": "#3"}, "down": {"uv": [8.0, 9.0, 7.0, 9.5], "texture": "#3"}}}, {"from": [5.0, 3.0, 11.0], "to": [11.0, 11.0, 15.0], "faces": {"north": {"uv": [3.5, 8.0, 4.25, 9.0], "texture": "#3"}, "east": {"uv": [9.0, 7.0, 9.5, 8.0], "texture": "#3"}, "south": {"uv": [4.5, 8.0, 5.25, 9.0], "texture": "#3"}, "west": {"uv": [8.0, 9.0, 8.5, 10.0], "texture": "#3"}, "up": {"uv": [8.75, 10.5, 8.0, 10.0], "texture": "#3"}, "down": {"uv": [10.75, 8.0, 10.0, 8.5], "texture": "#3"}}}, {"from": [6.0, -1.0, -9.0], "to": [10.0, 4.0, -1.0], "faces": {"north": {"uv": [11.0, 0.5, 11.5, 1.125], "texture": "#3"}, "east": {"uv": [3.0, 9.0, 4.0, 9.625], "texture": "#3"}, "south": {"uv": [1.0, 11.0, 1.5, 11.625], "texture": "#3"}, "west": {"uv": [9.0, 3.0, 10.0, 3.625], "texture": "#3"}, "up": {"uv": [9.0, 10.0, 8.5, 9.0], "texture": "#3"}, "down": {"uv": [9.5, 9.0, 9.0, 10.0], "texture": "#3"}}}, {"from": [6.0, -1.0, -16.0], "to": [10.0, 3.0, -9.0], "faces": {"east": {"uv": [0.0, 9.5, 0.875, 10.0], "texture": "#3"}, "south": {"uv": [3.0, 8.5, 3.5, 9.0], "texture": "#3"}, "west": {"uv": [9.625, 0.0, 10.5, 0.5], "texture": "#3"}, "up": {"uv": [10.0, 1.375, 9.5, 0.5], "texture": "#3"}, "down": {"uv": [1.5, 9.5, 1.0, 10.375], "texture": "#3"}}}, {"from": [6.0, 0.0, -1.0], "to": [10.0, 5.0, 3.0], "faces": {"north": {"uv": [1.5, 11.0, 2.0, 11.625], "texture": "#3"}, "east": {"uv": [11.0, 1.5, 11.5, 2.125], "texture": "#3"}, "south": {"uv": [2.0, 11.0, 2.5, 11.625], "texture": "#3"}, "west": {"uv": [2.5, 11.0, 3.0, 11.625], "texture": "#3"}, "up": {"uv": [7.0, 10.5, 6.5, 10.0], "texture": "#3"}, "down": {"uv": [5.0, 11.0, 4.5, 11.5], "texture": "#3"}}}, {"from": [6.0, 1.0, 3.0], "to": [10.0, 7.0, 7.0], "faces": {"north": {"uv": [9.0, 10.0, 9.5, 10.75], "texture": "#3"}, "east": {"uv": [8.5, 10.5, 9.0, 11.25], "texture": "#3"}, "south": {"uv": [10.5, 9.0, 11.0, 9.75], "texture": "#3"}, "west": {"uv": [9.5, 10.5, 10.0, 11.25], "texture": "#3"}, "up": {"uv": [11.5, 5.0, 11.0, 4.5], "texture": "#3"}, "down": {"uv": [5.5, 11.0, 5.0, 11.5], "texture": "#3"}}}, {"from": [5.0, 2.0, 7.0], "to": [11.0, 9.0, 11.0], "faces": {"north": {"uv": [8.5, 1.0, 9.25, 1.875], "texture": "#3"}, "east": {"uv": [7.5, 9.5, 8.0, 10.375], "texture": "#3"}, "south": {"uv": [2.0, 8.5, 2.75, 9.375], "texture": "#3"}, "west": {"uv": [5.0, 10.0, 5.5, 10.875], "texture": "#3"}, "up": {"uv": [11.25, 8.0, 10.5, 7.5], "texture": "#3"}, "down": {"uv": [10.75, 10.5, 10.0, 11.0], "texture": "#3"}}}, {"from": [4.0, 6.0, 15.0], "to": [12.0, 14.0, 19.0], "faces": {"north": {"uv": [7.5, 0.0, 8.5, 1.0], "texture": "#3"}, "east": {"uv": [9.5, 6.0, 10.0, 7.0], "texture": "#3"}, "south": {"uv": [7.5, 1.0, 8.5, 2.0], "texture": "#3"}, "west": {"uv": [7.0, 9.5, 7.5, 10.5], "texture": "#3"}, "up": {"uv": [10.5, 3.0, 9.5, 2.5], "texture": "#3"}, "down": {"uv": [10.5, 7.0, 9.5, 7.5], "texture": "#3"}}}, {"from": [-8.0, 7.0, 31.0], "to": [24.0, 16.0, 32.0], "faces": {"east": {"uv": [3.625, 5.5, 3.75, 6.625], "texture": "#5"}, "west": {"uv": [5.5, 4.0, 5.625, 5.125], "texture": "#5"}, "up": {"uv": [4.0, 4.25, 0.0, 4.125], "texture": "#5"}}}, {"from": [24.0, 7.0, 31.0], "to": [-8.0, 16.0, 32.0], "faces": {"east": {"uv": [3.625, 5.5, 3.75, 6.625], "texture": "#5"}, "west": {"uv": [5.5, 4.0, 5.625, 5.125], "texture": "#5"}, "up": {"uv": [4.0, 4.25, 0.0, 4.125], "texture": "#5"}}}, {"from": [25.397913047033626, 1.0, 25.711978797541256], "to": [30.397913047033626, 3.0, 32.0], "faces": {"north": {"uv": [7.5, 4.0, 8.125, 4.25], "texture": "#8"}, "east": {"uv": [0.089, 6.5, 0.875, 6.75], "texture": "#8"}, "west": {"uv": [6.5, 0.0, 7.286, 0.25], "texture": "#8"}, "up": {"uv": [0.625, 2.875, 0.0, 2.089], "texture": "#8"}, "down": {"uv": [1.625, 2.089, 1.0, 2.875], "texture": "#8"}}, "rotation": {"angle": -45, "axis": "y", "origin": [27.897913047033626, 2.0, 29.211978797541256]}}, {"from": [19.84052296487637, 3.0, 19.013923899853815], "to": [25.84052296487637, 5.0, 27.013923899853815], "faces": {"north": {"uv": [6.5, 6.0, 7.25, 6.25], "texture": "#8"}, "east": {"uv": [3.0, 5.0, 4.0, 5.25], "texture": "#8"}, "south": {"uv": [6.5, 6.5, 7.25, 6.75], "texture": "#8"}, "west": {"uv": [4.0, 5.0, 5.0, 5.25], "texture": "#8"}, "up": {"uv": [2.25, 1.0, 1.5, 0.0], "texture": "#8"}, "down": {"uv": [2.25, 1.0, 1.5, 2.0], "texture": "#8"}}, "rotation": {"angle": -22.5, "axis": "y", "origin": [22.840522964876385, 4.0, 23.013923899853797]}}, {"from": [21.957719999999995, 8.0, 29.88176], "to": [24.957719999999995, 11.0, 32.0], "faces": {"north": {"uv": [8.5, 1.5, 8.875, 1.875], "texture": "#8"}, "east": {"uv": [4.23522, 6.5, 4.5, 6.875], "texture": "#8"}, "west": {"uv": [0.0, 7.0, 0.26478, 7.375], "texture": "#8"}, "up": {"uv": [0.875, 7.5, 0.5, 7.23522], "texture": "#8"}, "down": {"uv": [7.375, 0.73522, 7.0, 1.0], "texture": "#8"}}}, {"from": [18.356120000000004, 14.999999999999986, 30.901600000000002], "to": [20.356120000000004, 17.999999999999986, 32.0], "faces": {"north": {"uv": [0.0, 9.5, 0.25, 9.875], "texture": "#8"}, "east": {"uv": [9.6127, 0.0, 9.75, 0.375], "texture": "#8"}, "west": {"uv": [9.5, 0.5, 9.6373, 0.875], "texture": "#8"}, "up": {"uv": [9.75, 3.25, 9.5, 3.1127], "texture": "#8"}, "down": {"uv": [3.75, 9.6127, 3.5, 9.75], "texture": "#8"}}, "rotation": {"angle": -22.5, "axis": "z", "origin": [19.356120000000004, 16.500000000000004, 31.901599999999988]}}, {"from": [12.0, 17.194240000000004, 28.680480000000003], "to": [14.0, 21.194240000000004, 31.680480000000003], "faces": {"north": {"uv": [5.5, 9.0, 5.75, 9.5], "texture": "#8"}, "east": {"uv": [5.0, 7.0, 5.375, 7.5], "texture": "#8"}, "south": {"uv": [9.0, 5.5, 9.25, 6.0], "texture": "#8"}, "west": {"uv": [5.5, 7.0, 5.875, 7.5], "texture": "#8"}, "up": {"uv": [2.25, 9.875, 2.0, 9.5], "texture": "#8"}, "down": {"uv": [9.75, 2.0, 9.5, 2.375], "texture": "#8"}}, "rotation": {"angle": 45, "axis": "x", "origin": [13.0, 19.194240000000008, 30.180480000000003]}}, {"from": [11.0, 14.7194, 17.927440000000004], "to": [14.0, 18.7194, 21.927440000000004], "faces": {"north": {"uv": [6.0, 7.0, 6.375, 7.5], "texture": "#8"}, "east": {"uv": [1.5, 5.5, 2.0, 6.0], "texture": "#8"}, "south": {"uv": [6.5, 7.0, 6.875, 7.5], "texture": "#8"}, "west": {"uv": [2.0, 5.5, 2.5, 6.0], "texture": "#8"}, "up": {"uv": [7.375, 7.5, 7.0, 7.0], "texture": "#8"}, "down": {"uv": [0.375, 7.5, 0.0, 8.0], "texture": "#8"}}, "rotation": {"angle": 45, "axis": "x", "origin": [12.5, 16.7194, 19.927440000000004]}}, {"from": [11.0, 12.136159999999997, 10.165000000000001], "to": [14.0, 16.13616, 15.165000000000001], "faces": {"north": {"uv": [7.5, 0.0, 7.875, 0.5], "texture": "#8"}, "east": {"uv": [4.5, 2.5, 5.125, 3.0], "texture": "#8"}, "south": {"uv": [0.5, 7.5, 0.875, 8.0], "texture": "#8"}, "west": {"uv": [3.0, 4.5, 3.625, 5.0], "texture": "#8"}, "up": {"uv": [5.375, 6.625, 5.0, 6.0], "texture": "#8"}, "down": {"uv": [6.375, 5.5, 6.0, 6.125], "texture": "#8"}}, "rotation": {"angle": 22.5, "axis": "x", "origin": [12.5, 14.136160000000004, 12.665000000000006]}}, {"from": [9.999997355182018, 8.098069950023884, 2.3563600000000005], "to": [11.999997355182018, 12.098069950023884, 7.3563600000000005], "faces": {"north": {"uv": [6.0, 9.0, 6.25, 9.5], "texture": "#8"}, "east": {"uv": [4.5, 3.0, 5.125, 3.5], "texture": "#8"}, "south": {"uv": [9.0, 6.0, 9.25, 6.5], "texture": "#8"}, "west": {"uv": [4.5, 3.5, 5.125, 4.0], "texture": "#8"}, "up": {"uv": [5.25, 8.125, 5.0, 7.5], "texture": "#8"}, "down": {"uv": [7.75, 5.0, 7.5, 5.625], "texture": "#8"}}, "rotation": {"angle": -22.5, "axis": "z", "origin": [10.999997355182018, 10.098069950023913, 4.856359999999999]}}, {"from": [9.239871545008612, 4.2492583362250755, -7.64364], "to": [10.239871545008612, 7.2492583362250755, -3.6436400000000004], "faces": {"north": {"uv": [9.5, 4.5, 9.625, 4.875], "texture": "#8"}, "east": {"uv": [7.5, 0.5, 8.0, 0.875], "texture": "#8"}, "south": {"uv": [5.0, 9.5, 5.125, 9.875], "texture": "#8"}, "west": {"uv": [1.0, 7.5, 1.5, 7.875], "texture": "#8"}, "up": {"uv": [9.625, 4.0, 9.5, 3.5], "texture": "#8"}, "down": {"uv": [4.125, 9.5, 4.0, 10.0], "texture": "#8"}}, "rotation": {"angle": -22.5, "axis": "z", "origin": [9.739871545008597, 5.749258336225061, -5.64364]}}, {"from": [9.398385694425485, 2.018839184422312, -16.0], "to": [10.398385694425485, 5.018839184422312, -13.64364], "faces": {"east": {"uv": [7.5, 1.0, 7.79454, 1.375], "texture": "#8"}, "south": {"uv": [5.5, 9.5, 5.625, 9.875], "texture": "#8"}, "west": {"uv": [1.70545, 7.5, 2.0, 7.875], "texture": "#8"}, "up": {"uv": [9.625, 4.29454, 9.5, 4.0], "texture": "#8"}, "down": {"uv": [4.625, 9.5, 4.5, 9.79454], "texture": "#8"}}, "rotation": {"angle": -22.5, "axis": "z", "origin": [9.898385694425471, 3.5188391844222977, -15.643640000000001]}}, {"from": [8.656333218813472, 0.32956000000000074, -16.0], "to": [15.656333218813472, 1.3295600000000007, -12.14364000000001], "faces": {"east": {"uv": [2.5, 9.5, 2.98204, 9.625], "texture": "#8"}, "south": {"uv": [9.0, 8.5, 9.875, 8.625], "texture": "#8"}, "west": {"uv": [9.64296, 2.5, 10.125, 2.625], "texture": "#8"}, "up": {"uv": [2.875, 2.48204, 2.0, 2.0], "texture": "#8"}, "down": {"uv": [3.375, 0.0, 2.5, 0.48204], "texture": "#8"}}, "rotation": {"angle": 45, "axis": "y", "origin": [12.156333218813472, 0.8295600000000007, -14.64364]}}, {"from": [11.377122964876378, 1.3295600000000007, -6.7029238998538005], "to": [18.377122964876378, 3.3295600000000007, -1.7029238998538005], "faces": {"north": {"uv": [6.5, 1.5, 7.375, 1.75], "texture": "#8"}, "east": {"uv": [5.5, 7.5, 6.125, 7.75], "texture": "#8"}, "south": {"uv": [2.5, 6.5, 3.375, 6.75], "texture": "#8"}, "west": {"uv": [7.5, 6.0, 8.125, 6.25], "texture": "#8"}, "up": {"uv": [3.375, 1.625, 2.5, 1.0], "texture": "#8"}, "down": {"uv": [0.875, 3.0, 0.0, 3.625], "texture": "#8"}}, "rotation": {"angle": 22.5, "axis": "y", "origin": [14.877122964876378, 2.3295600000000007, -4.202923899853822]}}, {"from": [12.590831358774523, 2.3295600000000007, 1.4534792249666637], "to": [19.590831358774523, 4.329560000000001, 6.453479224966664], "faces": {"north": {"uv": [6.5, 2.5, 7.375, 2.75], "texture": "#8"}, "east": {"uv": [6.5, 7.5, 7.125, 7.75], "texture": "#8"}, "south": {"uv": [6.5, 3.0, 7.375, 3.25], "texture": "#8"}, "west": {"uv": [7.5, 6.5, 8.125, 6.75], "texture": "#8"}, "up": {"uv": [1.875, 3.625, 1.0, 3.0], "texture": "#8"}, "down": {"uv": [2.875, 3.0, 2.0, 3.625], "texture": "#8"}}, "rotation": {"angle": 22.5, "axis": "y", "origin": [16.090831358774523, 3.3295600000000007, 3.953479224966642]}}, {"from": [13.931506437626922, 3.3295600000000007, 8.30332], "to": [18.931506437626922, 5.329560000000001, 13.30332], "faces": {"north": {"uv": [7.5, 7.0, 8.125, 7.25], "texture": "#8"}, "east": {"uv": [7.5, 7.5, 8.125, 7.75], "texture": "#8"}, "south": {"uv": [0.0, 8.0, 0.625, 8.25], "texture": "#8"}, "west": {"uv": [8.0, 0.0, 8.625, 0.25], "texture": "#8"}, "up": {"uv": [4.125, 2.625, 3.5, 2.0], "texture": "#8"}, "down": {"uv": [4.125, 3.0, 3.5, 3.625], "texture": "#8"}}, "rotation": {"angle": 45, "axis": "y", "origin": [16.431506437626922, 4.329560000000001, 10.80331999999999]}}, {"from": [15.138613218813447, 4.329560000000001, 15.874387811865475], "to": [19.138613218813447, 6.329560000000001, 19.874387811865475], "faces": {"north": {"uv": [6.5, 9.0, 7.0, 9.25], "texture": "#8"}, "east": {"uv": [9.0, 6.5, 9.5, 6.75], "texture": "#8"}, "south": {"uv": [7.0, 9.0, 7.5, 9.25], "texture": "#8"}, "west": {"uv": [9.0, 7.0, 9.5, 7.25], "texture": "#8"}, "up": {"uv": [6.0, 2.5, 5.5, 2.0], "texture": "#8"}, "down": {"uv": [3.0, 5.5, 2.5, 6.0], "texture": "#8"}}, "rotation": {"angle": 45, "axis": "y", "origin": [17.138613218813447, 5.329560000000001, 17.874387811865468]}}, {"from": [-14.397913047033612, 1.0, 25.71197879754125], "to": [-9.397913047033612, 3.0, 32.0], "faces": {"north": {"uv": [8.125, 4.0, 7.5, 4.25], "texture": "#8"}, "east": {"uv": [7.286, 0.0, 6.5, 0.25], "texture": "#8"}, "west": {"uv": [0.875, 6.5, 0.089, 6.75], "texture": "#8"}, "up": {"uv": [0.0, 2.875, 0.625, 2.089], "texture": "#8"}, "down": {"uv": [1.0, 2.089, 1.625, 2.875], "texture": "#8"}}, "rotation": {"angle": 45, "axis": "y", "origin": [-11.897913047033626, 2.0, 29.21197879754125]}}, {"from": [-9.948173562373086, 3.0, 19.555119999999995], "to": [-3.9481735623730856, 5.0, 27.555119999999995], "faces": {"north": {"uv": [7.25, 6.0, 6.5, 6.25], "texture": "#8"}, "east": {"uv": [5.0, 5.0, 4.0, 5.25], "texture": "#8"}, "south": {"uv": [7.25, 6.5, 6.5, 6.75], "texture": "#8"}, "west": {"uv": [4.0, 5.0, 3.0, 5.25], "texture": "#8"}, "up": {"uv": [1.5, 1.0, 2.25, 0.0], "texture": "#8"}, "down": {"uv": [1.5, 1.0, 2.25, 2.0], "texture": "#8"}}, "rotation": {"angle": 45, "axis": "y", "origin": [-6.948173562373086, 4.0, 23.555119999999988]}}, {"from": [-8.957719999999995, 8.0, 29.88176], "to": [-5.957719999999995, 11.0, 32.0], "faces": {"north": {"uv": [8.875, 1.5, 8.5, 1.875], "texture": "#8"}, "east": {"uv": [0.26478, 7.0, 0.0, 7.375], "texture": "#8"}, "west": {"uv": [4.5, 6.5, 4.23522, 6.875], "texture": "#8"}, "up": {"uv": [0.5, 7.5, 0.875, 7.23522], "texture": "#8"}, "down": {"uv": [7.0, 0.73522, 7.375, 1.0], "texture": "#8"}}}, {"from": [-4.356120000000004, 15.0, 30.901600000000002], "to": [-2.356120000000004, 18.0, 32.0], "faces": {"north": {"uv": [0.25, 9.5, 0.0, 9.875], "texture": "#8"}, "east": {"uv": [9.6373, 0.5, 9.5, 0.875], "texture": "#8"}, "west": {"uv": [9.75, 0.0, 9.6127, 0.375], "texture": "#8"}, "up": {"uv": [9.5, 3.25, 9.75, 3.1127], "texture": "#8"}, "down": {"uv": [3.5, 9.6127, 3.75, 9.75], "texture": "#8"}}, "rotation": {"angle": 22.5, "axis": "z", "origin": [-3.3561200000000184, 16.499999999999986, 31.901599999999988]}}, {"from": [2.0, 17.194240000000004, 28.680480000000003], "to": [4.0, 21.194240000000004, 31.680480000000003], "faces": {"north": {"uv": [5.75, 9.0, 5.5, 9.5], "texture": "#8"}, "east": {"uv": [5.875, 7.0, 5.5, 7.5], "texture": "#8"}, "south": {"uv": [9.25, 5.5, 9.0, 6.0], "texture": "#8"}, "west": {"uv": [5.375, 7.0, 5.0, 7.5], "texture": "#8"}, "up": {"uv": [2.0, 9.875, 2.25, 9.5], "texture": "#8"}, "down": {"uv": [9.5, 2.0, 9.75, 2.375], "texture": "#8"}}, "rotation": {"angle": 45, "axis": "x", "origin": [3.0, 19.194240000000008, 30.180480000000003]}}, {"from": [2.0, 14.7194, 17.927440000000004], "to": [5.0, 18.7194, 21.927440000000004], "faces": {"north": {"uv": [6.375, 7.0, 6.0, 7.5], "texture": "#8"}, "east": {"uv": [2.5, 5.5, 2.0, 6.0], "texture": "#8"}, "south": {"uv": [6.875, 7.0, 6.5, 7.5], "texture": "#8"}, "west": {"uv": [2.0, 5.5, 1.5, 6.0], "texture": "#8"}, "up": {"uv": [7.0, 7.5, 7.375, 7.0], "texture": "#8"}, "down": {"uv": [0.0, 7.5, 0.375, 8.0], "texture": "#8"}}, "rotation": {"angle": 45, "axis": "x", "origin": [3.5, 16.7194, 19.927440000000004]}}, {"from": [2.0, 12.136159999999997, 10.165000000000001], "to": [5.0, 16.13616, 15.165000000000001], "faces": {"north": {"uv": [7.875, 0.0, 7.5, 0.5], "texture": "#8"}, "east": {"uv": [3.625, 4.5, 3.0, 5.0], "texture": "#8"}, "south": {"uv": [0.875, 7.5, 0.5, 8.0], "texture": "#8"}, "west": {"uv": [5.125, 2.5, 4.5, 3.0], "texture": "#8"}, "up": {"uv": [5.0, 6.625, 5.375, 6.0], "texture": "#8"}, "down": {"uv": [6.0, 5.5, 6.375, 6.125], "texture": "#8"}}, "rotation": {"angle": 22.5, "axis": "x", "origin": [3.5, 14.136160000000004, 12.665000000000006]}}, {"from": [4.000002644817997, 8.098069950023877, 2.3563600000000005], "to": [6.000002644817997, 12.098069950023877, 7.3563600000000005], "faces": {"north": {"uv": [6.25, 9.0, 6.0, 9.5], "texture": "#8"}, "east": {"uv": [5.125, 3.5, 4.5, 4.0], "texture": "#8"}, "south": {"uv": [9.25, 6.0, 9.0, 6.5], "texture": "#8"}, "west": {"uv": [5.125, 3.0, 4.5, 3.5], "texture": "#8"}, "up": {"uv": [5.0, 8.125, 5.25, 7.5], "texture": "#8"}, "down": {"uv": [7.5, 5.0, 7.75, 5.625], "texture": "#8"}}, "rotation": {"angle": 22.5, "axis": "z", "origin": [5.000002644817997, 10.09806995002387, 4.856359999999999]}}, {"from": [5.760128454991374, 4.249258336225083, -7.64364], "to": [6.760128454991374, 7.249258336225083, -3.6436400000000004], "faces": {"north": {"uv": [9.625, 4.5, 9.5, 4.875], "texture": "#8"}, "east": {"uv": [1.5, 7.5, 1.0, 7.875], "texture": "#8"}, "south": {"uv": [5.125, 9.5, 5.0, 9.875], "texture": "#8"}, "west": {"uv": [8.0, 0.5, 7.5, 0.875], "texture": "#8"}, "up": {"uv": [9.5, 4.0, 9.625, 3.5], "texture": "#8"}, "down": {"uv": [4.0, 9.5, 4.125, 10.0], "texture": "#8"}}, "rotation": {"angle": 22.5, "axis": "z", "origin": [6.2601284549913885, 5.74925833622509, -5.64364]}}, {"from": [5.6016143055745005, 2.018839184422319, -16.0], "to": [6.6016143055745005, 5.018839184422319, -13.64364], "faces": {"east": {"uv": [2.0, 7.5, 1.70545, 7.875], "texture": "#8"}, "south": {"uv": [5.625, 9.5, 5.5, 9.875], "texture": "#8"}, "west": {"uv": [7.79454, 1.0, 7.5, 1.375], "texture": "#8"}, "up": {"uv": [9.5, 4.29454, 9.625, 4.0], "texture": "#8"}, "down": {"uv": [4.5, 9.5, 4.625, 9.79454], "texture": "#8"}}, "rotation": {"angle": 22.5, "axis": "z", "origin": [6.1016143055745005, 3.518839184422326, -15.643640000000001]}}, {"from": [0.34366678118655614, 0.32956000000000074, -16.0], "to": [7.343666781186556, 1.3295600000000007, -12.143640000000003], "faces": {"east": {"uv": [10.125, 2.5, 9.64296, 2.625], "texture": "#8"}, "south": {"uv": [9.875, 8.5, 9.0, 8.625], "texture": "#8"}, "west": {"uv": [2.98204, 9.5, 2.5, 9.625], "texture": "#8"}, "up": {"uv": [2.0, 2.48204, 2.875, 2.0], "texture": "#8"}, "down": {"uv": [2.5, 0.0, 3.375, 0.48204], "texture": "#8"}}, "rotation": {"angle": -45, "axis": "y", "origin": [3.843666781186556, 0.8295600000000007, -14.643640000000008]}}, {"from": [-2.377122964876392, 1.3295600000000007, -6.702923899853808], "to": [4.622877035123608, 3.3295600000000007, -1.7029238998538077], "faces": {"north": {"uv": [7.375, 1.5, 6.5, 1.75], "texture": "#8"}, "east": {"uv": [8.125, 6.0, 7.5, 6.25], "texture": "#8"}, "south": {"uv": [3.375, 6.5, 2.5, 6.75], "texture": "#8"}, "west": {"uv": [6.125, 7.5, 5.5, 7.75], "texture": "#8"}, "up": {"uv": [2.5, 1.625, 3.375, 1.0], "texture": "#8"}, "down": {"uv": [0.0, 3.0, 0.875, 3.625], "texture": "#8"}}, "rotation": {"angle": -22.5, "axis": "y", "origin": [1.1228770351236221, 2.3295600000000007, -4.20292389985382]}}, {"from": [-3.590831358774537, 2.3295600000000007, 1.4534792249666673], "to": [3.409168641225463, 4.329560000000001, 6.453479224966667], "faces": {"north": {"uv": [7.375, 2.5, 6.5, 2.75], "texture": "#8"}, "east": {"uv": [8.125, 6.5, 7.5, 6.75], "texture": "#8"}, "south": {"uv": [7.375, 3.0, 6.5, 3.25], "texture": "#8"}, "west": {"uv": [7.125, 7.5, 6.5, 7.75], "texture": "#8"}, "up": {"uv": [1.0, 3.625, 1.875, 3.0], "texture": "#8"}, "down": {"uv": [2.0, 3.0, 2.875, 3.625], "texture": "#8"}}, "rotation": {"angle": -22.5, "axis": "y", "origin": [-0.09083135877453685, 3.3295600000000007, 3.9534792249666557]}}, {"from": [-2.931506437626922, 3.3295600000000007, 8.30332], "to": [2.068493562373078, 5.329560000000001, 13.30332], "faces": {"north": {"uv": [8.125, 7.0, 7.5, 7.25], "texture": "#8"}, "east": {"uv": [8.625, 0.0, 8.0, 0.25], "texture": "#8"}, "south": {"uv": [0.625, 8.0, 0.0, 8.25], "texture": "#8"}, "west": {"uv": [8.125, 7.5, 7.5, 7.75], "texture": "#8"}, "up": {"uv": [3.5, 2.625, 4.125, 2.0], "texture": "#8"}, "down": {"uv": [3.5, 3.0, 4.125, 3.625], "texture": "#8"}}, "rotation": {"angle": -45, "axis": "y", "origin": [-0.431506437626922, 4.329560000000001, 10.80332]}}, {"from": [-3.138613218813461, 4.329560000000001, 15.874387811865468], "to": [0.861386781186539, 6.329560000000001, 19.874387811865468], "faces": {"north": {"uv": [7.0, 9.0, 6.5, 9.25], "texture": "#8"}, "east": {"uv": [9.5, 7.0, 9.0, 7.25], "texture": "#8"}, "south": {"uv": [7.5, 9.0, 7.0, 9.25], "texture": "#8"}, "west": {"uv": [9.5, 6.5, 9.0, 6.75], "texture": "#8"}, "up": {"uv": [5.5, 2.5, 6.0, 2.0], "texture": "#8"}, "down": {"uv": [2.5, 5.5, 3.0, 6.0], "texture": "#8"}}, "rotation": {"angle": -45, "axis": "y", "origin": [-1.138613218813461, 5.329560000000001, 17.874387811865468]}}, {"from": [19.99476, 8.0, 22.001040000000003], "to": [22.99476, 15.0, 32.0], "faces": {"north": {"uv": [12.0, 4.0, 12.75, 5.75], "texture": "#9"}, "east": {"uv": [2.25026, 0.0, 4.75, 1.75], "texture": "#9"}, "west": {"uv": [0.0, 2.0, 2.49974, 3.75], "texture": "#9"}, "up": {"uv": [8.75, 8.75, 8.0, 6.25026], "texture": "#9"}, "down": {"uv": [0.75, 11.25026, 0.0, 13.75], "texture": "#9"}}, "rotation": {"angle": 22.5, "axis": "y", "origin": [21.494759999999985, 11.5, 31.501039999999964]}}, {"from": [19.0, -4.0, 27.0], "to": [23.0, 10.0, 32.0], "faces": {"north": {"uv": [5.0, 0.0, 6.0, 3.5], "texture": "#9"}, "east": {"uv": [6.0, 5.0, 7.25, 8.5], "texture": "#9"}, "south": {"uv": [1.0, 9.0, 2.0, 12.5], "texture": "#9"}, "west": {"uv": [8.0, 0.0, 9.25, 3.5], "texture": "#9"}, "up": {"uv": [8.0, 13.25, 7.0, 12.0], "texture": "#9"}, "down": {"uv": [13.0, 7.0, 12.0, 8.25], "texture": "#9"}}}, {"from": [18.0, -11.27816, 24.37868], "to": [21.0, -1.2781599999999997, 27.37868], "faces": {"north": {"uv": [11.0, 7.0, 11.75, 9.5], "texture": "#9"}, "east": {"uv": [9.0, 11.0, 9.75, 13.5], "texture": "#9"}, "south": {"uv": [10.0, 11.0, 10.75, 13.5], "texture": "#9"}, "west": {"uv": [11.0, 10.0, 11.75, 12.5], "texture": "#9"}, "up": {"uv": [0.75, 14.75, 0.0, 14.0], "texture": "#9"}, "down": {"uv": [2.75, 14.0, 2.0, 14.75], "texture": "#9"}}, "rotation": {"angle": 45, "axis": "x", "origin": [19.5, -6.27816, 25.878679999999996]}}, {"from": [17.0, -15.0, 21.0], "to": [22.0, -9.0, 23.0], "faces": {"north": {"uv": [12.0, 0.0, 13.25, 1.5], "texture": "#9"}, "east": {"uv": [8.0, 12.0, 8.5, 13.5], "texture": "#9"}, "south": {"uv": [2.0, 12.0, 3.25, 13.5], "texture": "#9"}, "west": {"uv": [1.0, 13.0, 1.5, 14.5], "texture": "#9"}, "up": {"uv": [15.25, 0.5, 14.0, 0.0], "texture": "#9"}, "down": {"uv": [15.25, 1.0, 14.0, 1.5], "texture": "#9"}}}], "display": {"gui": {"rotation": [0, -90, 0], "translation": [0, -3.25, 0], "scale": [0.5, 0.5, 0.5]}, "fixed": {"rotation": [-90, 0, 0], "translation": [0, 0, -19.25], "scale": [2, 2, 2]}}, "groups": [0, 1, 2, 3, 4, 5, {"name": "group", "origin": [0, 0, 0], "color": 0, "children": [6, 7, 8, 9, 10, 11, 12, 13, 14, 15, 16, 17, 18, 19, 20, 21, 22, 23, 24, 25, 26, 27, 28]}, {"name": "a", "origin": [0, 0, 0], "color": 0, "children": [29, 30, 31, 32, 33, 34]}, {"name": "group", "origin": [8, 8, 8], "color": 0, "children": [35, 36, 37, 38, 39, 40, 41, 42, 43, 44, 45, 46, 47, 48, 49, 50, 51, 52, 53, 54, 55, 56, 57, 58, 59, 60, 61, 62, 63, 64, 65, 66, 67, 68, 69, 70, 71, 72, 73, 74, 75, 76, 77, 78, 79, 80, 81, 82, 83, 84, 85, 86, 87, 88, 89, 90, 91, 92, 93, 94, 95, 96, 97, 98, 99, 100, 101, 102, 103, 104, 105, 106, 107, 108, 109, 110, 111, 112, 113, 114, 115, 116, 117, 118]}, {"name": "group", "origin": [8, 8, 8], "color": 0, "children": [119, 120, 121, 122, 123, 124, 125, 126]}, {"name": "group", "origin": [8, 8, 8], "color": 0, "children": [127, 128, 129, 130, 131, 132, 133, 134, 135, 136]}]}