{"credit": "Made with Blockbench", "textures": {"3": "item/bone/ankylosaurus-spine", "5": "item/bone/ankylosaurus-rib", "8": "item/bone/ankylosaurus-armor", "9": "item/bone/ankylosaurus-leg", "particle": "\u30c7\u30b9\u30af\u30c8\u30c3\u30d7/anky"}, "elements": [{"from": [-6.994759999999999, 8.0, -16.0], "to": [-3.9947599999999994, 15.0, -6.99896], "faces": {"east": {"uv": [4.75, 2.0, 2.49974, 3.75], "texture": "#9"}, "south": {"uv": [6.75, 12.0, 6.0, 13.75], "texture": "#9"}, "west": {"uv": [2.25026, 0.0, 0.0, 1.75], "texture": "#9"}, "up": {"uv": [8.0, 6.25026, 8.75, 4.0], "texture": "#9"}, "down": {"uv": [0.0, 9.0, 0.75, 11.25026], "texture": "#9"}}, "rotation": {"angle": -22.5, "axis": "y", "origin": [-5.494759999999985, 11.5, -16.498960000000036]}}, {"from": [-7.0, -3.3170253355622137, -16.0], "to": [-3.0, 10.682974664437786, -11.539115005224673], "faces": {"east": {"uv": [9.25, 0.0, 8.13478, 3.5], "texture": "#9"}, "south": {"uv": [2.0, 9.0, 1.0, 12.5], "texture": "#9"}, "west": {"uv": [7.11522, 5.0, 6.0, 8.5], "texture": "#9"}, "up": {"uv": [7.0, 13.11522, 8.0, 12.0], "texture": "#9"}, "down": {"uv": [12.0, 7.0, 13.0, 8.11522], "texture": "#9"}}, "rotation": {"angle": -22.5, "axis": "x", "origin": [-5.0, 3.6829746644377934, -14.039115005224673]}}, {"from": [-5.0, -10.95067229375195, -14.158353910303148], "to": [-2.0, -0.9506722937519498, -11.158353910303148], "faces": {"north": {"uv": [11.75, 7.0, 11.0, 9.5], "texture": "#9"}, "east": {"uv": [11.75, 10.0, 11.0, 12.5], "texture": "#9"}, "south": {"uv": [10.75, 11.0, 10.0, 13.5], "texture": "#9"}, "west": {"uv": [9.75, 11.0, 9.0, 13.5], "texture": "#9"}, "up": {"uv": [0.0, 14.75, 0.75, 14.0], "texture": "#9"}, "down": {"uv": [2.0, 14.0, 2.75, 14.75], "texture": "#9"}}, "rotation": {"angle": 22.5, "axis": "x", "origin": [-3.5, -5.950672293751936, -12.658353910303148]}}, {"from": [-6.0, -14.0, -15.0], "to": [-1.0, -8.0, -13.0], "faces": {"north": {"uv": [13.25, 0.0, 12.0, 1.5], "texture": "#9"}, "east": {"uv": [1.5, 13.0, 1.0, 14.5], "texture": "#9"}, "south": {"uv": [3.25, 12.0, 2.0, 13.5], "texture": "#9"}, "west": {"uv": [8.5, 12.0, 8.0, 13.5], "texture": "#9"}, "up": {"uv": [14.0, 0.5, 15.25, 0.0], "texture": "#9"}, "down": {"uv": [14.0, 1.0, 15.25, 1.5], "texture": "#9"}}}, {"from": [-7.0, -16.0, -15.580291352698204], "to": [0.0, -14.0, -8.580291352698204], "faces": {"north": {"uv": [14.75, 7.0, 13.0, 7.5], "texture": "#9"}, "east": {"uv": [14.75, 13.0, 13.0, 13.5], "texture": "#9"}, "south": {"uv": [12.75, 13.0, 11.0, 13.5], "texture": "#9"}, "west": {"uv": [14.75, 8.0, 13.0, 8.5], "texture": "#9"}, "up": {"uv": [9.0, 7.75, 10.75, 6.0], "texture": "#9"}, "down": {"uv": [8.0, 9.0, 9.75, 10.75], "texture": "#9"}}, "rotation": {"angle": 22.5, "axis": "x", "origin": [-3.5, -15.876409349774292, -14.2832950203925]}}, {"from": [3.0, 10.0, -16.0], "to": [13.0, 18.0, -8.0], "faces": {"east": {"uv": [3.0, 0.0, 4.0, 1.0], "texture": "#3"}, "south": {"uv": [3.0, 6.0, 4.25, 7.0], "texture": "#3"}, "west": {"uv": [4.125, 1.0, 5.125, 2.0], "texture": "#3"}, "up": {"uv": [1.25, 1.0, 0.0, 0.0], "texture": "#3"}, "down": {"uv": [2.75, 0.0, 1.5, 1.0], "texture": "#3"}}}, {"from": [2.0, 9.0, 6.0], "to": [14.0, 17.0, 17.0], "faces": {"north": {"uv": [4.5, 3.0, 6.0, 4.0], "texture": "#3"}, "east": {"uv": [5.0, 5.0, 6.375, 6.0], "texture": "#3"}, "south": {"uv": [4.5, 4.0, 6.0, 5.0], "texture": "#3"}, "west": {"uv": [0.0, 5.5, 1.375, 6.5], "texture": "#3"}, "up": {"uv": [4.5, 3.375, 3.0, 2.0], "texture": "#3"}, "down": {"uv": [4.5, 3.5, 3.0, 4.875], "texture": "#3"}}}, {"from": [3.0, 6.0, 17.0], "to": [13.0, 14.0, 25.0], "faces": {"north": {"uv": [6.0, 3.0, 7.25, 4.0], "texture": "#3"}, "east": {"uv": [6.5, 5.0, 7.5, 6.0], "texture": "#3"}, "south": {"uv": [6.0, 4.0, 7.25, 5.0], "texture": "#3"}, "west": {"uv": [3.5, 7.0, 4.5, 8.0], "texture": "#3"}, "up": {"uv": [5.75, 7.0, 4.5, 6.0], "texture": "#3"}, "down": {"uv": [7.25, 6.0, 6.0, 7.0], "texture": "#3"}}}, {"from": [3.0, 2.0, 25.0], "to": [13.0, 10.0, 29.0], "faces": {"north": {"uv": [0.0, 6.5, 1.25, 7.5], "texture": "#3"}, "east": {"uv": [1.0, 7.5, 1.5, 8.5], "texture": "#3"}, "south": {"uv": [6.5, 2.0, 7.75, 3.0], "texture": "#3"}, "west": {"uv": [6.0, 9.0, 6.5, 10.0], "texture": "#3"}, "up": {"uv": [9.75, 8.5, 8.5, 8.0], "texture": "#3"}, "down": {"uv": [9.75, 8.5, 8.5, 9.0], "texture": "#3"}}}, {"from": [3.0, 2.0, 29.0], "to": [13.0, 8.0, 32.0], "faces": {"north": {"uv": [7.5, 3.0, 8.75, 3.75], "texture": "#3"}, "east": {"uv": [9.75, 9.5, 10.125, 10.25], "texture": "#3"}, "west": {"uv": [0.0, 10.0, 0.375, 10.75], "texture": "#3"}, "up": {"uv": [8.75, 7.625, 7.5, 7.25], "texture": "#3"}, "down": {"uv": [9.25, 2.25, 8.0, 2.625], "texture": "#3"}}}, {"from": [2.0, 11.0, -8.0], "to": [14.0, 19.0, 6.0], "faces": {"north": {"uv": [2.0, 5.0, 3.5, 6.0], "texture": "#3"}, "east": {"uv": [0.0, 4.5, 1.75, 5.5], "texture": "#3"}, "south": {"uv": [3.5, 5.0, 5.0, 6.0], "texture": "#3"}, "west": {"uv": [4.5, 2.0, 6.25, 3.0], "texture": "#3"}, "up": {"uv": [1.5, 4.25, 0.0, 2.5], "texture": "#3"}, "down": {"uv": [3.0, 2.5, 1.5, 4.25], "texture": "#3"}}}, {"from": [-2.0, 0.0, 28.0], "to": [18.0, 6.0, 32.0], "faces": {"east": {"uv": [3.5, 4.5, 4.0, 5.25], "texture": "#5"}, "west": {"uv": [6.5, 2.0, 7.0, 2.75], "texture": "#5"}, "up": {"uv": [8.0, 6.5, 5.5, 6.0], "texture": "#5"}}}, {"from": [18.0, 0.0, 28.0], "to": [-2.0, 6.0, 32.0], "faces": {"east": {"uv": [3.5, 4.5, 4.0, 5.25], "texture": "#5"}, "west": {"uv": [6.5, 2.0, 7.0, 2.75], "texture": "#5"}, "up": {"uv": [8.0, 6.5, 5.5, 6.0], "texture": "#5"}}}, {"from": [-3.0, -1.0, 24.0], "to": [19.0, 9.0, 28.0], "faces": {"east": {"uv": [4.5, 0.0, 5.0, 1.25], "texture": "#5"}, "west": {"uv": [5.0, 0.0, 5.5, 1.25], "texture": "#5"}, "up": {"uv": [8.25, 6.0, 5.5, 5.5], "texture": "#5"}}}, {"from": [19.0, -1.0, 24.0], "to": [-3.0, 9.0, 28.0], "faces": {"east": {"uv": [4.5, 0.0, 5.0, 1.25], "texture": "#5"}, "west": {"uv": [5.0, 0.0, 5.5, 1.25], "texture": "#5"}, "up": {"uv": [8.25, 6.0, 5.5, 5.5], "texture": "#5"}}}, {"from": [-5.0, -2.0, 16.0], "to": [21.0, 12.0, 24.0], "faces": {"east": {"uv": [1.5, 5.5, 2.5, 7.25], "texture": "#5"}, "west": {"uv": [5.5, 2.0, 6.5, 3.75], "texture": "#5"}, "up": {"uv": [3.25, 5.5, 0.0, 4.5], "texture": "#5"}}}, {"from": [21.0, -2.0, 16.0], "to": [-5.0, 12.0, 24.0], "faces": {"east": {"uv": [1.5, 5.5, 2.5, 7.25], "texture": "#5"}, "west": {"uv": [5.5, 2.0, 6.5, 3.75], "texture": "#5"}, "up": {"uv": [3.25, 5.5, 0.0, 4.5], "texture": "#5"}}}, {"from": [-7.0, -4.0, 5.0], "to": [23.0, 15.0, 16.0], "faces": {"east": {"uv": [4.0, 1.5, 5.375, 3.875], "texture": "#5"}, "west": {"uv": [4.0, 4.0, 5.375, 6.375], "texture": "#5"}, "up": {"uv": [3.75, 2.875, 0.0, 1.5], "texture": "#5"}}}, {"from": [23.0, -4.0, 5.0], "to": [-7.0, 15.0, 16.0], "faces": {"east": {"uv": [4.0, 1.5, 5.375, 3.875], "texture": "#5"}, "west": {"uv": [4.0, 4.0, 5.375, 6.375], "texture": "#5"}, "up": {"uv": [3.75, 2.875, 0.0, 1.5], "texture": "#5"}}}, {"from": [-10.0, 1.0, -7.0], "to": [26.0, 17.0, 5.0], "faces": {"east": {"uv": [0.0, 5.5, 1.5, 7.5], "texture": "#5"}, "west": {"uv": [5.5, 0.0, 7.0, 2.0], "texture": "#5"}, "up": {"uv": [4.5, 1.5, 0.0, 0.0], "texture": "#5"}}}, {"from": [26.0, 1.0, -7.0], "to": [-10.0, 17.0, 5.0], "faces": {"east": {"uv": [0.0, 5.5, 1.5, 7.5], "texture": "#5"}, "west": {"uv": [5.5, 0.0, 7.0, 2.0], "texture": "#5"}, "up": {"uv": [4.5, 1.5, 0.0, 0.0], "texture": "#5"}}}, {"from": [-8.0, 7.0, -16.0], "to": [24.0, 16.0, -7.0], "faces": {"east": {"uv": [2.5, 5.5, 3.625, 6.625], "texture": "#5"}, "west": {"uv": [5.625, 4.0, 6.75, 5.125], "texture": "#5"}, "up": {"uv": [4.0, 4.125, 0.0, 3.0], "texture": "#5"}}}, {"from": [24.0, 7.0, -16.0], "to": [-8.0, 16.0, -7.0], "faces": {"east": {"uv": [2.5, 5.5, 3.625, 6.625], "texture": "#5"}, "west": {"uv": [5.625, 4.0, 6.75, 5.125], "texture": "#5"}, "up": {"uv": [4.0, 4.125, 0.0, 3.0], "texture": "#5"}}}, {"from": [10.749271919818256, 4.0, 31.6574863443399], "to": [19.749271919818256, 6.0, 32.0], "faces": {"north": {"uv": [5.0, 0.0, 6.125, 0.25], "texture": "#8"}, "east": {"uv": [7.20719, 4.5, 7.25, 4.75], "texture": "#8"}, "west": {"uv": [6.5, 5.0, 6.54281, 5.25], "texture": "#8"}, "up": {"uv": [1.125, 0.75, 0.0, 0.70719], "texture": "#8"}, "down": {"uv": [1.125, 1.70719, 0.0, 1.75], "texture": "#8"}}, "rotation": {"angle": 22.5, "axis": "y", "origin": [15.24927191981827, 5.0, 34.65748634433993]}}, {"from": [20.328740171779813, 2.0, 18.761619828220205], "to": [24.328740171779813, 4.0, 26.761619828220205], "faces": {"north": {"uv": [0.5, 9.0, 1.0, 9.25], "texture": "#8"}, "east": {"uv": [5.0, 1.0, 6.0, 1.25], "texture": "#8"}, "south": {"uv": [9.0, 0.5, 9.5, 0.75], "texture": "#8"}, "west": {"uv": [5.0, 1.5, 6.0, 1.75], "texture": "#8"}, "up": {"uv": [3.5, 3.0, 3.0, 2.0], "texture": "#8"}, "down": {"uv": [3.5, 3.0, 3.0, 4.0], "texture": "#8"}}, "rotation": {"angle": -45, "axis": "y", "origin": [22.328740171779828, 3.0, 22.761619828220205]}}, {"from": [22.015663666109447, 0.0, 13.698741248693835], "to": [28.015663666109447, 2.0, 17.69874124869383], "faces": {"north": {"uv": [5.5, 6.5, 6.25, 6.75], "texture": "#8"}, "east": {"uv": [1.0, 9.0, 1.5, 9.25], "texture": "#8"}, "south": {"uv": [6.5, 5.5, 7.25, 5.75], "texture": "#8"}, "west": {"uv": [9.0, 1.0, 9.5, 1.25], "texture": "#8"}, "up": {"uv": [0.75, 4.5, 0.0, 4.0], "texture": "#8"}, "down": {"uv": [1.75, 4.0, 1.0, 4.5], "texture": "#8"}}, "rotation": {"angle": 22.5, "axis": "y", "origin": [25.01566366610946, 1.0, 15.698741248693821]}}, {"from": [26.130439999999993, -1.0, 7.633760000000002], "to": [31.130439999999993, 1.0, 11.633760000000002], "faces": {"north": {"uv": [7.5, 2.0, 8.125, 2.25], "texture": "#8"}, "east": {"uv": [1.5, 9.0, 2.0, 9.25], "texture": "#8"}, "south": {"uv": [7.5, 2.5, 8.125, 2.75], "texture": "#8"}, "west": {"uv": [9.0, 1.5, 9.5, 1.75], "texture": "#8"}, "up": {"uv": [4.625, 4.5, 4.0, 4.0], "texture": "#8"}, "down": {"uv": [0.625, 4.5, 0.0, 5.0], "texture": "#8"}}}, {"from": [28.000000000000014, -2.0, 0.2091513292354037], "to": [32.0, 0.0, 4.209151329235404], "faces": {"north": {"uv": [2.0, 9.0, 2.5, 9.25], "texture": "#8"}, "south": {"uv": [2.5, 9.0, 3.0, 9.25], "texture": "#8"}, "west": {"uv": [9.0, 2.5, 9.5, 2.75], "texture": "#8"}, "up": {"uv": [2.5, 5.5, 2.0, 5.0], "texture": "#8"}, "down": {"uv": [3.0, 5.0, 2.5, 5.5], "texture": "#8"}}, "rotation": {"angle": -45, "axis": "y", "origin": [30.398220858899123, -1.0, 2.6898464284224275]}}, {"from": [28.0, -1.0, -7.7154698732233555], "to": [32.0, 1.0, -2.7154698732233555], "faces": {"north": {"uv": [3.0, 9.0, 3.5, 9.25], "texture": "#8"}, "east": {"uv": [3.0, 7.5, 3.625, 7.75], "texture": "#8"}, "south": {"uv": [9.0, 3.0, 9.5, 3.25], "texture": "#8"}, "west": {"uv": [7.5, 3.0, 8.125, 3.25], "texture": "#8"}, "up": {"uv": [5.0, 0.625, 4.5, 0.0], "texture": "#8"}, "down": {"uv": [1.5, 4.5, 1.0, 5.125], "texture": "#8"}}, "rotation": {"angle": -45, "axis": "y", "origin": [30.75177424949237, 0.0, -4.307998078739686]}}, {"from": [26.95857321881344, 0.0, -14.570506781186552], "to": [30.95857321881344, 2.0, -9.570506781186552], "faces": {"north": {"uv": [3.5, 9.0, 4.0, 9.25], "texture": "#8"}, "east": {"uv": [7.5, 3.5, 8.125, 3.75], "texture": "#8"}, "south": {"uv": [9.0, 3.5, 9.5, 3.75], "texture": "#8"}, "west": {"uv": [4.0, 7.5, 4.625, 7.75], "texture": "#8"}, "up": {"uv": [5.0, 1.625, 4.5, 1.0], "texture": "#8"}, "down": {"uv": [2.0, 4.5, 1.5, 5.125], "texture": "#8"}}, "rotation": {"angle": -45, "axis": "y", "origin": [28.95857321881344, 1.0, -12.070506781186545]}}, {"from": [25.397913047033626, 1.0, -16.0], "to": [30.397913047033626, 3.0, -15.288021202458744], "faces": {"east": {"uv": [0.0, 6.5, 0.089, 6.75], "texture": "#8"}, "south": {"uv": [7.5, 4.5, 8.125, 4.75], "texture": "#8"}, "west": {"uv": [7.286, 0.0, 7.375, 0.25], "texture": "#8"}, "up": {"uv": [0.625, 2.089, 0.0, 2.0], "texture": "#8"}, "down": {"uv": [1.625, 2.0, 1.0, 2.089], "texture": "#8"}}, "rotation": {"angle": -45, "axis": "y", "origin": [27.897913047033626, 2.0, -18.788021202458744]}}, {"from": [17.234213836502903, 7.0, 23.519893916474942], "to": [20.234213836502903, 10.0, 28.519893916474942], "faces": {"north": {"uv": [1.5, 8.0, 1.875, 8.375], "texture": "#8"}, "east": {"uv": [5.5, 2.5, 6.125, 2.875], "texture": "#8"}, "south": {"uv": [2.0, 8.0, 2.375, 8.375], "texture": "#8"}, "west": {"uv": [3.0, 5.5, 3.625, 5.875], "texture": "#8"}, "up": {"uv": [5.875, 3.625, 5.5, 3.0], "texture": "#8"}, "down": {"uv": [4.375, 5.5, 4.0, 6.125], "texture": "#8"}}, "rotation": {"angle": -22.5, "axis": "y", "origin": [18.73421383650289, 8.5, 26.019893916474985]}}, {"from": [21.061048160153803, 8.0, 14.281098591362067], "to": [24.061048160153803, 11.0, 19.281098591362067], "faces": {"north": {"uv": [2.5, 8.0, 2.875, 8.375], "texture": "#8"}, "east": {"uv": [5.5, 4.0, 6.125, 4.375], "texture": "#8"}, "south": {"uv": [3.0, 8.0, 3.375, 8.375], "texture": "#8"}, "west": {"uv": [4.5, 5.5, 5.125, 5.875], "texture": "#8"}, "up": {"uv": [5.875, 5.125, 5.5, 4.5], "texture": "#8"}, "down": {"uv": [5.875, 5.5, 5.5, 6.125], "texture": "#8"}}, "rotation": {"angle": -22.5, "axis": "y", "origin": [22.56104816015379, 9.5, 16.78109859136211]}}, {"from": [23.739832186709435, 9.0, 8.813941863783072], "to": [26.739832186709435, 12.0, 11.813941863783072], "faces": {"north": {"uv": [3.5, 8.0, 3.875, 8.375], "texture": "#8"}, "east": {"uv": [4.0, 8.0, 4.375, 8.375], "texture": "#8"}, "south": {"uv": [4.5, 8.0, 4.875, 8.375], "texture": "#8"}, "west": {"uv": [8.0, 5.0, 8.375, 5.375], "texture": "#8"}, "up": {"uv": [5.875, 8.375, 5.5, 8.0], "texture": "#8"}, "down": {"uv": [8.375, 5.5, 8.0, 5.875], "texture": "#8"}}, "rotation": {"angle": -22.5, "axis": "y", "origin": [25.239832186709435, 10.5, 10.313941863783079]}}, {"from": [25.494736680753775, 10.0, 1.9641017038389634], "to": [28.494736680753775, 13.0, 4.964101703838963], "faces": {"north": {"uv": [6.0, 8.0, 6.375, 8.375], "texture": "#8"}, "east": {"uv": [6.5, 8.0, 6.875, 8.375], "texture": "#8"}, "south": {"uv": [7.0, 8.0, 7.375, 8.375], "texture": "#8"}, "west": {"uv": [7.5, 8.0, 7.875, 8.375], "texture": "#8"}, "up": {"uv": [8.375, 8.375, 8.0, 8.0], "texture": "#8"}, "down": {"uv": [0.375, 8.5, 0.0, 8.875], "texture": "#8"}}, "rotation": {"angle": -22.5, "axis": "y", "origin": [26.994736680753775, 11.5, 3.4641017038389705]}}, {"from": [24.636516567634885, 10.0, -6.6510795325112895], "to": [27.636516567634885, 13.0, -1.6510795325112895], "faces": {"north": {"uv": [0.5, 8.5, 0.875, 8.875], "texture": "#8"}, "east": {"uv": [0.0, 6.0, 0.625, 6.375], "texture": "#8"}, "south": {"uv": [8.5, 0.5, 8.875, 0.875], "texture": "#8"}, "west": {"uv": [1.0, 6.0, 1.625, 6.375], "texture": "#8"}, "up": {"uv": [6.375, 1.625, 6.0, 1.0], "texture": "#8"}, "down": {"uv": [2.375, 6.0, 2.0, 6.625], "texture": "#8"}}, "rotation": {"angle": 22.5, "axis": "y", "origin": [26.136516567634885, 11.5, -4.151079532511261]}}, {"from": [21.957719999999995, 9.0, -12.11824], "to": [24.957719999999995, 12.0, -7.11824], "faces": {"north": {"uv": [8.5, 1.0, 8.875, 1.375], "texture": "#8"}, "east": {"uv": [6.0, 2.0, 6.625, 2.375], "texture": "#8"}, "south": {"uv": [1.5, 8.5, 1.875, 8.875], "texture": "#8"}, "west": {"uv": [2.5, 6.0, 3.125, 6.375], "texture": "#8"}, "up": {"uv": [6.375, 3.625, 6.0, 3.0], "texture": "#8"}, "down": {"uv": [3.875, 6.0, 3.5, 6.625], "texture": "#8"}}}, {"from": [21.957719999999995, 8.0, -16.0], "to": [24.957719999999995, 11.0, -14.11824], "faces": {"east": {"uv": [4.0, 6.5, 4.23522, 6.875], "texture": "#8"}, "south": {"uv": [2.0, 8.5, 2.375, 8.875], "texture": "#8"}, "west": {"uv": [0.26478, 7.0, 0.5, 7.375], "texture": "#8"}, "up": {"uv": [0.875, 7.23522, 0.5, 7.0], "texture": "#8"}, "down": {"uv": [7.375, 0.5, 7.0, 0.73522], "texture": "#8"}}}, {"from": [17.270164527286624, 14.934341903197137, 11.246160000000003], "to": [20.270164527286624, 17.934341903197137, 14.246160000000003], "faces": {"north": {"uv": [8.5, 2.0, 8.875, 2.375], "texture": "#8"}, "east": {"uv": [2.5, 8.5, 2.875, 8.875], "texture": "#8"}, "south": {"uv": [8.5, 2.5, 8.875, 2.875], "texture": "#8"}, "west": {"uv": [3.0, 8.5, 3.375, 8.875], "texture": "#8"}, "up": {"uv": [8.875, 3.375, 8.5, 3.0], "texture": "#8"}, "down": {"uv": [3.875, 8.5, 3.5, 8.875], "texture": "#8"}}, "rotation": {"angle": -22.5, "axis": "z", "origin": [18.770164527286596, 16.434341903197137, 12.746160000000003]}}, {"from": [18.8034004674887, 17.382683432365095, 2.8223600000000033], "to": [21.8034004674887, 20.382683432365095, 5.822360000000003], "faces": {"north": {"uv": [8.5, 3.5, 8.875, 3.875], "texture": "#8"}, "east": {"uv": [4.0, 8.5, 4.375, 8.875], "texture": "#8"}, "south": {"uv": [8.5, 4.0, 8.875, 4.375], "texture": "#8"}, "west": {"uv": [4.5, 8.5, 4.875, 8.875], "texture": "#8"}, "up": {"uv": [8.875, 4.875, 8.5, 4.5], "texture": "#8"}, "down": {"uv": [5.375, 8.5, 5.0, 8.875], "texture": "#8"}}, "rotation": {"angle": -22.5, "axis": "z", "origin": [20.3034004674887, 18.8826834323651, 4.322360000000003]}}, {"from": [18.8034004674887, 17.382683432365095, -4.177639999999997], "to": [21.8034004674887, 20.382683432365095, -1.1776399999999967], "faces": {"north": {"uv": [8.5, 5.0, 8.875, 5.375], "texture": "#8"}, "east": {"uv": [5.5, 8.5, 5.875, 8.875], "texture": "#8"}, "south": {"uv": [8.5, 5.5, 8.875, 5.875], "texture": "#8"}, "west": {"uv": [6.0, 8.5, 6.375, 8.875], "texture": "#8"}, "up": {"uv": [8.875, 6.375, 8.5, 6.0], "texture": "#8"}, "down": {"uv": [6.875, 8.5, 6.5, 8.875], "texture": "#8"}}, "rotation": {"angle": -22.5, "axis": "z", "origin": [20.3034004674887, 18.8826834323651, -2.6776399999999967]}}, {"from": [18.03384296487637, 16.541196100146205, -11.177639999999997], "to": [21.03384296487637, 19.541196100146205, -8.177639999999997], "faces": {"north": {"uv": [8.5, 6.5, 8.875, 6.875], "texture": "#8"}, "east": {"uv": [7.0, 8.5, 7.375, 8.875], "texture": "#8"}, "south": {"uv": [8.5, 7.0, 8.875, 7.375], "texture": "#8"}, "west": {"uv": [7.5, 8.5, 7.875, 8.875], "texture": "#8"}, "up": {"uv": [8.875, 7.875, 8.5, 7.5], "texture": "#8"}, "down": {"uv": [8.375, 8.5, 8.0, 8.875], "texture": "#8"}}, "rotation": {"angle": -22.5, "axis": "z", "origin": [19.533842964876357, 18.04119610014621, -9.677639999999997]}}, {"from": [18.356120000000004, 14.999999999999986, -16.0], "to": [20.356120000000004, 17.999999999999986, -15.098399999999994], "faces": {"east": {"uv": [9.5, 0.0, 9.6127, 0.375], "texture": "#8"}, "south": {"uv": [0.5, 9.5, 0.75, 9.875], "texture": "#8"}, "west": {"uv": [9.6373, 0.5, 9.75, 0.875], "texture": "#8"}, "up": {"uv": [9.75, 3.1127, 9.5, 3.0], "texture": "#8"}, "down": {"uv": [3.75, 9.5, 3.5, 9.6127], "texture": "#8"}}, "rotation": {"angle": -22.5, "axis": "z", "origin": [19.356120000000004, 16.500000000000004, -16.098400000000012]}}, {"from": [12.0, 10.830280000000009, 21.813999999999993], "to": [14.0, 14.830280000000009, 28.813999999999993], "faces": {"north": {"uv": [4.0, 9.0, 4.25, 9.5], "texture": "#8"}, "east": {"uv": [3.5, 0.0, 4.375, 0.5], "texture": "#8"}, "south": {"uv": [9.0, 4.0, 9.25, 4.5], "texture": "#8"}, "west": {"uv": [3.5, 0.5, 4.375, 1.0], "texture": "#8"}, "up": {"uv": [6.75, 1.375, 6.5, 0.5], "texture": "#8"}, "down": {"uv": [1.25, 6.5, 1.0, 7.375], "texture": "#8"}}, "rotation": {"angle": 45, "axis": "x", "origin": [13.0, 12.830280000000016, 25.313999999999993]}}, {"from": [12.0, 15.07292000000001, 14.328720000000004], "to": [15.0, 19.072920000000007, 19.32872000000001], "faces": {"north": {"uv": [7.0, 1.0, 7.375, 1.5], "texture": "#8"}, "east": {"uv": [2.0, 4.5, 2.625, 5.0], "texture": "#8"}, "south": {"uv": [2.0, 7.0, 2.375, 7.5], "texture": "#8"}, "west": {"uv": [4.5, 2.0, 5.125, 2.5], "texture": "#8"}, "up": {"uv": [4.875, 6.625, 4.5, 6.0], "texture": "#8"}, "down": {"uv": [6.375, 4.5, 6.0, 5.125], "texture": "#8"}}, "rotation": {"angle": 45, "axis": "x", "origin": [13.5, 17.072920000000014, 16.828720000000004]}}, {"from": [13.0, 16.1336, 6.69695999999999], "to": [16.0, 20.1336, 10.69695999999999], "faces": {"north": {"uv": [7.0, 2.0, 7.375, 2.5], "texture": "#8"}, "east": {"uv": [5.0, 4.0, 5.5, 4.5], "texture": "#8"}, "south": {"uv": [2.5, 7.0, 2.875, 7.5], "texture": "#8"}, "west": {"uv": [5.0, 4.5, 5.5, 5.0], "texture": "#8"}, "up": {"uv": [3.375, 7.5, 3.0, 7.0], "texture": "#8"}, "down": {"uv": [3.875, 7.0, 3.5, 7.5], "texture": "#8"}}, "rotation": {"angle": 45, "axis": "x", "origin": [14.5, 18.133599999999994, 8.69695999999999]}}, {"from": [13.0, 17.5478, -0.3740799999999993], "to": [16.0, 21.5478, 3.6259200000000007], "faces": {"north": {"uv": [7.0, 3.5, 7.375, 4.0], "texture": "#8"}, "east": {"uv": [5.0, 5.0, 5.5, 5.5], "texture": "#8"}, "south": {"uv": [4.0, 7.0, 4.375, 7.5], "texture": "#8"}, "west": {"uv": [0.0, 5.5, 0.5, 6.0], "texture": "#8"}, "up": {"uv": [7.375, 4.5, 7.0, 4.0], "texture": "#8"}, "down": {"uv": [4.875, 7.0, 4.5, 7.5], "texture": "#8"}}, "rotation": {"angle": 45, "axis": "x", "origin": [14.5, 19.54779999999999, 1.6259200000000078]}}, {"from": [13.0, 17.5478, -6.030960000000007], "to": [15.0, 21.5478, -2.0309600000000074], "faces": {"north": {"uv": [4.5, 9.0, 4.75, 9.5], "texture": "#8"}, "east": {"uv": [0.5, 5.5, 1.0, 6.0], "texture": "#8"}, "south": {"uv": [9.0, 4.5, 9.25, 5.0], "texture": "#8"}, "west": {"uv": [1.0, 5.5, 1.5, 6.0], "texture": "#8"}, "up": {"uv": [5.25, 9.5, 5.0, 9.0], "texture": "#8"}, "down": {"uv": [9.25, 5.0, 9.0, 5.5], "texture": "#8"}}, "rotation": {"angle": 45, "axis": "x", "origin": [14.0, 19.54779999999999, -4.030960000000007]}}, {"from": [13.0, 17.340720000000008, -11.187800000000003], "to": [15.0, 20.340720000000008, -8.187800000000003], "faces": {"north": {"uv": [1.0, 9.5, 1.25, 9.875], "texture": "#8"}, "east": {"uv": [8.5, 8.0, 8.875, 8.375], "texture": "#8"}, "south": {"uv": [9.5, 1.0, 9.75, 1.375], "texture": "#8"}, "west": {"uv": [8.5, 8.5, 8.875, 8.875], "texture": "#8"}, "up": {"uv": [1.75, 9.875, 1.5, 9.5], "texture": "#8"}, "down": {"uv": [9.75, 1.5, 9.5, 1.875], "texture": "#8"}}, "rotation": {"angle": 45, "axis": "x", "origin": [14.0, 18.840720000000015, -9.687800000000003]}}, {"from": [10.0, 7.710560000000001, 30.345680000000016], "to": [12.0, 11.710560000000001, 32.0], "faces": {"north": {"uv": [7.5, 9.0, 7.75, 9.5], "texture": "#8"}, "east": {"uv": [4.16821, 1.0, 4.375, 1.5], "texture": "#8"}, "west": {"uv": [3.5, 1.5, 3.70679, 2.0], "texture": "#8"}, "up": {"uv": [1.75, 7.375, 1.5, 7.16821], "texture": "#8"}, "down": {"uv": [6.75, 4.16821, 6.5, 4.375], "texture": "#8"}}, "rotation": {"angle": 22.5, "axis": "x", "origin": [11.0, 9.71056000000003, 33.845680000000016]}}, {"from": [-3.74927191981827, 4.0, 31.6574863443399], "to": [5.25072808018173, 6.0, 32.0], "faces": {"north": {"uv": [6.125, 0.0, 5.0, 0.25], "texture": "#8"}, "east": {"uv": [6.54281, 5.0, 6.5, 5.25], "texture": "#8"}, "west": {"uv": [7.25, 4.5, 7.20719, 4.75], "texture": "#8"}, "up": {"uv": [0.0, 0.75, 1.125, 0.70719], "texture": "#8"}, "down": {"uv": [0.0, 1.70719, 1.125, 1.75], "texture": "#8"}}, "rotation": {"angle": -22.5, "axis": "y", "origin": [0.750728080181716, 5.0, 34.6574863443399]}}, {"from": [-8.328740171779813, 2.0, 18.76161982822019], "to": [-4.328740171779813, 4.0, 26.76161982822019], "faces": {"north": {"uv": [1.0, 9.0, 0.5, 9.25], "texture": "#8"}, "east": {"uv": [6.0, 1.5, 5.0, 1.75], "texture": "#8"}, "south": {"uv": [9.5, 0.5, 9.0, 0.75], "texture": "#8"}, "west": {"uv": [6.0, 1.0, 5.0, 1.25], "texture": "#8"}, "up": {"uv": [3.0, 3.0, 3.5, 2.0], "texture": "#8"}, "down": {"uv": [3.0, 3.0, 3.5, 4.0], "texture": "#8"}}, "rotation": {"angle": 45, "axis": "y", "origin": [-6.328740171779813, 3.0, 22.761619828220205]}}, {"from": [-12.015663666109432, 0.0, 13.698741248693835], "to": [-6.0156636661094325, 2.0, 17.69874124869383], "faces": {"north": {"uv": [6.25, 6.5, 5.5, 6.75], "texture": "#8"}, "east": {"uv": [9.5, 1.0, 9.0, 1.25], "texture": "#8"}, "south": {"uv": [7.25, 5.5, 6.5, 5.75], "texture": "#8"}, "west": {"uv": [1.5, 9.0, 1.0, 9.25], "texture": "#8"}, "up": {"uv": [0.0, 4.5, 0.75, 4.0], "texture": "#8"}, "down": {"uv": [1.0, 4.0, 1.75, 4.5], "texture": "#8"}}, "rotation": {"angle": -22.5, "axis": "y", "origin": [-9.015663666109432, 1.0, 15.698741248693828]}}, {"from": [-15.130439999999993, -1.0, 7.633760000000002], "to": [-10.130439999999993, 1.0, 11.633760000000002], "faces": {"north": {"uv": [8.125, 2.0, 7.5, 2.25], "texture": "#8"}, "east": {"uv": [9.5, 1.5, 9.0, 1.75], "texture": "#8"}, "south": {"uv": [8.125, 2.5, 7.5, 2.75], "texture": "#8"}, "west": {"uv": [2.0, 9.0, 1.5, 9.25], "texture": "#8"}, "up": {"uv": [4.0, 4.5, 4.625, 4.0], "texture": "#8"}, "down": {"uv": [0.0, 4.5, 0.625, 5.0], "texture": "#8"}}}, {"from": [-15.69111407771257, -2.0, 0.916258110421964], "to": [-11.69111407771257, 0.0, 4.916258110421964], "faces": {"north": {"uv": [2.5, 9.0, 2.0, 9.25], "texture": "#8"}, "east": {"uv": [9.5, 2.5, 9.0, 2.75], "texture": "#8"}, "south": {"uv": [3.0, 9.0, 2.5, 9.25], "texture": "#8"}, "west": {"uv": [9.5, 2.0, 9.0, 2.25], "texture": "#8"}, "up": {"uv": [2.0, 5.5, 2.5, 5.0], "texture": "#8"}, "down": {"uv": [2.5, 5.0, 3.0, 5.5], "texture": "#8"}}, "rotation": {"angle": 45, "axis": "y", "origin": [-13.69111407771257, -1.0, 2.916258110421957]}}, {"from": [-15.337560687119293, -1.0, -7.715469873223327], "to": [-11.337560687119293, 1.0, -2.715469873223327], "faces": {"north": {"uv": [3.5, 9.0, 3.0, 9.25], "texture": "#8"}, "east": {"uv": [8.125, 3.0, 7.5, 3.25], "texture": "#8"}, "south": {"uv": [9.5, 3.0, 9.0, 3.25], "texture": "#8"}, "west": {"uv": [3.625, 7.5, 3.0, 7.75], "texture": "#8"}, "up": {"uv": [4.5, 0.625, 5.0, 0.0], "texture": "#8"}, "down": {"uv": [1.0, 4.5, 1.5, 5.125], "texture": "#8"}}, "rotation": {"angle": 45, "axis": "y", "origin": [-13.337560687119293, 0.0, -5.215469873223327]}}, {"from": [-15.665682061357856, 0.0, -15.277602061357861], "to": [-11.665682061357856, 2.0, -10.277602061357864], "faces": {"north": {"uv": [4.0, 9.0, 3.5, 9.25], "texture": "#8"}, "east": {"uv": [4.625, 7.5, 4.0, 7.75], "texture": "#8"}, "south": {"uv": [9.5, 3.5, 9.0, 3.75], "texture": "#8"}, "west": {"uv": [8.125, 3.5, 7.5, 3.75], "texture": "#8"}, "up": {"uv": [4.5, 1.625, 5.0, 1.0], "texture": "#8"}, "down": {"uv": [1.5, 4.5, 2.0, 5.125], "texture": "#8"}}, "rotation": {"angle": 45, "axis": "y", "origin": [-13.665682061357842, 1.0, -12.777602061357861]}}, {"from": [-14.397913047033612, 1.0, -16.0], "to": [-9.397913047033612, 3.0, -15.28802120245875], "faces": {"east": {"uv": [7.375, 0.0, 7.286, 0.25], "texture": "#8"}, "south": {"uv": [8.125, 4.5, 7.5, 4.75], "texture": "#8"}, "west": {"uv": [0.089, 6.5, 0.0, 6.75], "texture": "#8"}, "up": {"uv": [0.0, 2.089, 0.625, 2.0], "texture": "#8"}, "down": {"uv": [1.0, 2.0, 1.625, 2.089], "texture": "#8"}}, "rotation": {"angle": 45, "axis": "y", "origin": [-11.897913047033626, 2.0, -18.78802120245875]}}, {"from": [-4.234213836502903, 7.0, 23.519893916474928], "to": [-1.234213836502903, 10.0, 28.519893916474928], "faces": {"north": {"uv": [1.875, 8.0, 1.5, 8.375], "texture": "#8"}, "east": {"uv": [3.625, 5.5, 3.0, 5.875], "texture": "#8"}, "south": {"uv": [2.375, 8.0, 2.0, 8.375], "texture": "#8"}, "west": {"uv": [6.125, 2.5, 5.5, 2.875], "texture": "#8"}, "up": {"uv": [5.5, 3.625, 5.875, 3.0], "texture": "#8"}, "down": {"uv": [4.0, 5.5, 4.375, 6.125], "texture": "#8"}}, "rotation": {"angle": 22.5, "axis": "y", "origin": [-2.734213836502903, 8.5, 26.0198939164749]}}, {"from": [-8.061048160153803, 8.0, 14.281098591362067], "to": [-5.061048160153803, 11.0, 19.281098591362067], "faces": {"north": {"uv": [2.875, 8.0, 2.5, 8.375], "texture": "#8"}, "east": {"uv": [5.125, 5.5, 4.5, 5.875], "texture": "#8"}, "south": {"uv": [3.375, 8.0, 3.0, 8.375], "texture": "#8"}, "west": {"uv": [6.125, 4.0, 5.5, 4.375], "texture": "#8"}, "up": {"uv": [5.5, 5.125, 5.875, 4.5], "texture": "#8"}, "down": {"uv": [5.5, 5.5, 5.875, 6.125], "texture": "#8"}}, "rotation": {"angle": 22.5, "axis": "y", "origin": [-6.561048160153803, 9.5, 16.78109859136204]}}, {"from": [-10.739832186709421, 9.0, 8.813941863783064], "to": [-7.739832186709421, 12.0, 11.813941863783064], "faces": {"north": {"uv": [3.875, 8.0, 3.5, 8.375], "texture": "#8"}, "east": {"uv": [8.375, 5.0, 8.0, 5.375], "texture": "#8"}, "south": {"uv": [4.875, 8.0, 4.5, 8.375], "texture": "#8"}, "west": {"uv": [4.375, 8.0, 4.0, 8.375], "texture": "#8"}, "up": {"uv": [5.5, 8.375, 5.875, 8.0], "texture": "#8"}, "down": {"uv": [8.0, 5.5, 8.375, 5.875], "texture": "#8"}}, "rotation": {"angle": 22.5, "axis": "y", "origin": [-9.239832186709407, 10.5, 10.313941863783072]}}, {"from": [-12.49473668075376, 10.0, 1.9641017038389634], "to": [-9.49473668075376, 13.0, 4.964101703838963], "faces": {"north": {"uv": [6.375, 8.0, 6.0, 8.375], "texture": "#8"}, "east": {"uv": [7.875, 8.0, 7.5, 8.375], "texture": "#8"}, "south": {"uv": [7.375, 8.0, 7.0, 8.375], "texture": "#8"}, "west": {"uv": [6.875, 8.0, 6.5, 8.375], "texture": "#8"}, "up": {"uv": [8.0, 8.375, 8.375, 8.0], "texture": "#8"}, "down": {"uv": [0.0, 8.5, 0.375, 8.875], "texture": "#8"}}, "rotation": {"angle": 22.5, "axis": "y", "origin": [-10.99473668075376, 11.5, 3.4641017038389634]}}, {"from": [-11.636516567634914, 10.0, -6.6510795325112895], "to": [-8.636516567634914, 13.0, -1.6510795325112895], "faces": {"north": {"uv": [0.875, 8.5, 0.5, 8.875], "texture": "#8"}, "east": {"uv": [1.625, 6.0, 1.0, 6.375], "texture": "#8"}, "south": {"uv": [8.875, 0.5, 8.5, 0.875], "texture": "#8"}, "west": {"uv": [0.625, 6.0, 0.0, 6.375], "texture": "#8"}, "up": {"uv": [6.0, 1.625, 6.375, 1.0], "texture": "#8"}, "down": {"uv": [2.0, 6.0, 2.375, 6.625], "texture": "#8"}}, "rotation": {"angle": -22.5, "axis": "y", "origin": [-10.136516567634914, 11.5, -4.151079532511261]}}, {"from": [-8.957719999999995, 9.0, -12.11824], "to": [-5.957719999999995, 12.0, -7.11824], "faces": {"north": {"uv": [8.875, 1.0, 8.5, 1.375], "texture": "#8"}, "east": {"uv": [3.125, 6.0, 2.5, 6.375], "texture": "#8"}, "south": {"uv": [1.875, 8.5, 1.5, 8.875], "texture": "#8"}, "west": {"uv": [6.625, 2.0, 6.0, 2.375], "texture": "#8"}, "up": {"uv": [6.0, 3.625, 6.375, 3.0], "texture": "#8"}, "down": {"uv": [3.5, 6.0, 3.875, 6.625], "texture": "#8"}}}, {"from": [-8.957719999999995, 8.0, -16.0], "to": [-5.957719999999995, 11.0, -14.11824], "faces": {"east": {"uv": [0.5, 7.0, 0.26478, 7.375], "texture": "#8"}, "south": {"uv": [2.375, 8.5, 2.0, 8.875], "texture": "#8"}, "west": {"uv": [4.23522, 6.5, 4.0, 6.875], "texture": "#8"}, "up": {"uv": [0.5, 7.23522, 0.875, 7.0], "texture": "#8"}, "down": {"uv": [7.0, 0.5, 7.375, 0.73522], "texture": "#8"}}}, {"from": [-4.270164527286624, 14.934341903197122, 11.246160000000003], "to": [-1.2701645272866244, 17.934341903197122, 14.246160000000003], "faces": {"north": {"uv": [8.875, 2.0, 8.5, 2.375], "texture": "#8"}, "east": {"uv": [3.375, 8.5, 3.0, 8.875], "texture": "#8"}, "south": {"uv": [8.875, 2.5, 8.5, 2.875], "texture": "#8"}, "west": {"uv": [2.875, 8.5, 2.5, 8.875], "texture": "#8"}, "up": {"uv": [8.5, 3.375, 8.875, 3.0], "texture": "#8"}, "down": {"uv": [3.5, 8.5, 3.875, 8.875], "texture": "#8"}}, "rotation": {"angle": 22.5, "axis": "z", "origin": [-2.7701645272866244, 16.4343419031971, 12.746160000000003]}}, {"from": [-5.8034004674887, 17.382683432365088, 2.8223600000000033], "to": [-2.8034004674887, 20.382683432365088, 5.822360000000003], "faces": {"north": {"uv": [8.875, 3.5, 8.5, 3.875], "texture": "#8"}, "east": {"uv": [4.875, 8.5, 4.5, 8.875], "texture": "#8"}, "south": {"uv": [8.875, 4.0, 8.5, 4.375], "texture": "#8"}, "west": {"uv": [4.375, 8.5, 4.0, 8.875], "texture": "#8"}, "up": {"uv": [8.5, 4.875, 8.875, 4.5], "texture": "#8"}, "down": {"uv": [5.0, 8.5, 5.375, 8.875], "texture": "#8"}}, "rotation": {"angle": 22.5, "axis": "z", "origin": [-4.3034004674887, 18.88268343236507, 4.322360000000003]}}, {"from": [-5.8034004674887, 17.382683432365088, -4.177639999999997], "to": [-2.8034004674887, 20.382683432365088, -1.1776399999999967], "faces": {"north": {"uv": [8.875, 5.0, 8.5, 5.375], "texture": "#8"}, "east": {"uv": [6.375, 8.5, 6.0, 8.875], "texture": "#8"}, "south": {"uv": [8.875, 5.5, 8.5, 5.875], "texture": "#8"}, "west": {"uv": [5.875, 8.5, 5.5, 8.875], "texture": "#8"}, "up": {"uv": [8.5, 6.375, 8.875, 6.0], "texture": "#8"}, "down": {"uv": [6.5, 8.5, 6.875, 8.875], "texture": "#8"}}, "rotation": {"angle": 22.5, "axis": "z", "origin": [-4.3034004674887, 18.88268343236507, -2.6776399999999967]}}, {"from": [-5.033842964876371, 16.54119610014619, -11.177639999999997], "to": [-2.0338429648763707, 19.54119610014619, -8.177639999999997], "faces": {"north": {"uv": [8.875, 6.5, 8.5, 6.875], "texture": "#8"}, "east": {"uv": [7.875, 8.5, 7.5, 8.875], "texture": "#8"}, "south": {"uv": [8.875, 7.0, 8.5, 7.375], "texture": "#8"}, "west": {"uv": [7.375, 8.5, 7.0, 8.875], "texture": "#8"}, "up": {"uv": [8.5, 7.875, 8.875, 7.5], "texture": "#8"}, "down": {"uv": [8.0, 8.5, 8.375, 8.875], "texture": "#8"}}, "rotation": {"angle": 22.5, "axis": "z", "origin": [-3.533842964876385, 18.041196100146202, -9.677639999999997]}}, {"from": [-4.356120000000004, 15.0, -16.0], "to": [-2.356120000000004, 18.0, -15.098399999999994], "faces": {"east": {"uv": [9.75, 0.5, 9.6373, 0.875], "texture": "#8"}, "south": {"uv": [0.75, 9.5, 0.5, 9.875], "texture": "#8"}, "west": {"uv": [9.6127, 0.0, 9.5, 0.375], "texture": "#8"}, "up": {"uv": [9.5, 3.1127, 9.75, 3.0], "texture": "#8"}, "down": {"uv": [3.5, 9.5, 3.75, 9.6127], "texture": "#8"}}, "rotation": {"angle": 22.5, "axis": "z", "origin": [-3.3561200000000184, 16.499999999999986, -16.098400000000012]}}, {"from": [2.0, 10.830280000000009, 21.813999999999993], "to": [4.0, 14.830280000000009, 28.813999999999993], "faces": {"north": {"uv": [4.25, 9.0, 4.0, 9.5], "texture": "#8"}, "east": {"uv": [4.375, 0.5, 3.5, 1.0], "texture": "#8"}, "south": {"uv": [9.25, 4.0, 9.0, 4.5], "texture": "#8"}, "west": {"uv": [4.375, 0.0, 3.5, 0.5], "texture": "#8"}, "up": {"uv": [6.5, 1.375, 6.75, 0.5], "texture": "#8"}, "down": {"uv": [1.0, 6.5, 1.25, 7.375], "texture": "#8"}}, "rotation": {"angle": 45, "axis": "x", "origin": [3.0, 12.830280000000016, 25.313999999999993]}}, {"from": [1.0, 15.07292000000001, 14.328720000000004], "to": [4.0, 19.072920000000007, 19.32872000000001], "faces": {"north": {"uv": [7.375, 1.0, 7.0, 1.5], "texture": "#8"}, "east": {"uv": [5.125, 2.0, 4.5, 2.5], "texture": "#8"}, "south": {"uv": [2.375, 7.0, 2.0, 7.5], "texture": "#8"}, "west": {"uv": [2.625, 4.5, 2.0, 5.0], "texture": "#8"}, "up": {"uv": [4.5, 6.625, 4.875, 6.0], "texture": "#8"}, "down": {"uv": [6.0, 4.5, 6.375, 5.125], "texture": "#8"}}, "rotation": {"angle": 45, "axis": "x", "origin": [2.5, 17.072920000000014, 16.828720000000004]}}, {"from": [0.0, 16.1336, 6.69695999999999], "to": [3.0, 20.1336, 10.69695999999999], "faces": {"north": {"uv": [7.375, 2.0, 7.0, 2.5], "texture": "#8"}, "east": {"uv": [5.5, 4.5, 5.0, 5.0], "texture": "#8"}, "south": {"uv": [2.875, 7.0, 2.5, 7.5], "texture": "#8"}, "west": {"uv": [5.5, 4.0, 5.0, 4.5], "texture": "#8"}, "up": {"uv": [3.0, 7.5, 3.375, 7.0], "texture": "#8"}, "down": {"uv": [3.5, 7.0, 3.875, 7.5], "texture": "#8"}}, "rotation": {"angle": 45, "axis": "x", "origin": [1.5, 18.133599999999994, 8.69695999999999]}}, {"from": [0.0, 17.5478, -0.3740799999999993], "to": [3.0, 21.5478, 3.6259200000000007], "faces": {"north": {"uv": [7.375, 3.5, 7.0, 4.0], "texture": "#8"}, "east": {"uv": [0.5, 5.5, 0.0, 6.0], "texture": "#8"}, "south": {"uv": [4.375, 7.0, 4.0, 7.5], "texture": "#8"}, "west": {"uv": [5.5, 5.0, 5.0, 5.5], "texture": "#8"}, "up": {"uv": [7.0, 4.5, 7.375, 4.0], "texture": "#8"}, "down": {"uv": [4.5, 7.0, 4.875, 7.5], "texture": "#8"}}, "rotation": {"angle": 45, "axis": "x", "origin": [1.5, 19.54779999999999, 1.6259200000000078]}}, {"from": [1.0, 17.5478, -6.030960000000007], "to": [3.0, 21.5478, -2.0309600000000074], "faces": {"north": {"uv": [4.75, 9.0, 4.5, 9.5], "texture": "#8"}, "east": {"uv": [1.5, 5.5, 1.0, 6.0], "texture": "#8"}, "south": {"uv": [9.25, 4.5, 9.0, 5.0], "texture": "#8"}, "west": {"uv": [1.0, 5.5, 0.5, 6.0], "texture": "#8"}, "up": {"uv": [5.0, 9.5, 5.25, 9.0], "texture": "#8"}, "down": {"uv": [9.0, 5.0, 9.25, 5.5], "texture": "#8"}}, "rotation": {"angle": 45, "axis": "x", "origin": [2.0, 19.54779999999999, -4.030960000000007]}}, {"from": [1.0, 17.340720000000008, -11.187800000000003], "to": [3.0, 20.340720000000008, -8.187800000000003], "faces": {"north": {"uv": [1.25, 9.5, 1.0, 9.875], "texture": "#8"}, "east": {"uv": [8.875, 8.5, 8.5, 8.875], "texture": "#8"}, "south": {"uv": [9.75, 1.0, 9.5, 1.375], "texture": "#8"}, "west": {"uv": [8.875, 8.0, 8.5, 8.375], "texture": "#8"}, "up": {"uv": [1.5, 9.875, 1.75, 9.5], "texture": "#8"}, "down": {"uv": [9.5, 1.5, 9.75, 1.875], "texture": "#8"}}, "rotation": {"angle": 45, "axis": "x", "origin": [2.0, 18.840720000000015, -9.687800000000003]}}, {"from": [4.0, 7.710560000000001, 30.345680000000016], "to": [6.0, 11.710560000000001, 32.0], "faces": {"north": {"uv": [7.75, 9.0, 7.5, 9.5], "texture": "#8"}, "east": {"uv": [3.70679, 1.5, 3.5, 2.0], "texture": "#8"}, "west": {"uv": [4.375, 1.0, 4.16821, 1.5], "texture": "#8"}, "up": {"uv": [1.5, 7.375, 1.75, 7.16821], "texture": "#8"}, "down": {"uv": [6.5, 4.16821, 6.75, 4.375], "texture": "#8"}}, "rotation": {"angle": 22.5, "axis": "x", "origin": [5.0, 9.71056000000003, 33.845680000000016]}}, {"from": [17.0, -4.37868000000001, 22.32844], "to": [22.0, 13.62131999999999, 27.32844], "faces": {"north": {"uv": [0.0, 4.0, 1.25, 8.5], "texture": "#9"}, "east": {"uv": [2.0, 4.0, 3.25, 8.5], "texture": "#9"}, "south": {"uv": [4.0, 4.0, 5.25, 8.5], "texture": "#9"}, "west": {"uv": [6.0, 0.0, 7.25, 4.5], "texture": "#9"}, "up": {"uv": [13.25, 3.25, 12.0, 2.0], "texture": "#9"}, "down": {"uv": [5.25, 12.0, 4.0, 13.25], "texture": "#9"}}, "rotation": {"angle": -45, "axis": "x", "origin": [19.5, 4.621319999999983, 24.82844]}}, {"from": [17.0, -11.301319532511293, 23.555836567634913], "to": [20.0, -0.3013195325112932, 26.555836567634913], "faces": {"north": {"uv": [10.0, 0.0, 10.75, 2.75], "texture": "#9"}, "east": {"uv": [10.0, 8.0, 10.75, 10.75], "texture": "#9"}, "south": {"uv": [11.0, 0.0, 11.75, 2.75], "texture": "#9"}, "west": {"uv": [11.0, 3.0, 11.75, 5.75], "texture": "#9"}, "up": {"uv": [9.75, 8.75, 9.0, 8.0], "texture": "#9"}, "down": {"uv": [10.75, 3.0, 10.0, 3.75], "texture": "#9"}}, "rotation": {"angle": 22.5, "axis": "x", "origin": [18.5, -5.801319532511286, 25.0558365676349]}}, {"from": [16.0, -15.17148841479684, 20.957741782571617], "to": [21.0, -12.17148841479684, 30.957741782571617], "faces": {"north": {"uv": [12.0, 9.0, 13.25, 9.75], "texture": "#9"}, "east": {"uv": [6.0, 11.0, 8.5, 11.75], "texture": "#9"}, "south": {"uv": [12.0, 10.0, 13.25, 10.75], "texture": "#9"}, "west": {"uv": [11.0, 6.0, 13.5, 6.75], "texture": "#9"}, "up": {"uv": [3.25, 11.5, 2.0, 9.0], "texture": "#9"}, "down": {"uv": [5.25, 9.0, 4.0, 11.5], "texture": "#9"}}, "rotation": {"angle": 22.5, "axis": "x", "origin": [18.5, -13.67148841479684, 25.957741782571617]}}, {"from": [15.0, -16.0, 27.347741782571603], "to": [22.0, -14.0, 32.0], "faces": {"north": {"uv": [12.0, 11.0, 13.75, 11.5], "texture": "#9"}, "east": {"uv": [12.58694, 12.0, 13.75, 12.5], "texture": "#9"}, "west": {"uv": [13.0, 5.0, 14.16306, 5.5], "texture": "#9"}, "up": {"uv": [10.75, 5.75, 9.0, 4.58694], "texture": "#9"}, "down": {"uv": [7.75, 9.58694, 6.0, 10.75], "texture": "#9"}}, "rotation": {"angle": 22.5, "axis": "x", "origin": [18.5, -16.23816841479683, 27.735395297766104]}}, {"from": [-6.0, -4.761363432365094, 21.404560467488707], "to": [-1.0, 13.238636567634906, 26.404560467488707], "faces": {"north": {"uv": [1.25, 4.0, 0.0, 8.5], "texture": "#9"}, "east": {"uv": [7.25, 0.0, 6.0, 4.5], "texture": "#9"}, "south": {"uv": [5.25, 4.0, 4.0, 8.5], "texture": "#9"}, "west": {"uv": [3.25, 4.0, 2.0, 8.5], "texture": "#9"}, "up": {"uv": [12.0, 3.25, 13.25, 2.0], "texture": "#9"}, "down": {"uv": [4.0, 12.0, 5.25, 13.25], "texture": "#9"}}, "rotation": {"angle": -22.5, "axis": "x", "origin": [-3.5, 4.238636567634906, 23.904560467488693]}}, {"from": [-4.0, -10.377440000000007, 19.695880000000002], "to": [-1.0, 0.6225599999999929, 22.695880000000002], "faces": {"north": {"uv": [10.75, 0.0, 10.0, 2.75], "texture": "#9"}, "east": {"uv": [11.75, 3.0, 11.0, 5.75], "texture": "#9"}, "south": {"uv": [11.75, 0.0, 11.0, 2.75], "texture": "#9"}, "west": {"uv": [10.75, 8.0, 10.0, 10.75], "texture": "#9"}, "up": {"uv": [9.0, 8.75, 9.75, 8.0], "texture": "#9"}, "down": {"uv": [10.0, 3.0, 10.75, 3.75], "texture": "#9"}}, "rotation": {"angle": 45, "axis": "x", "origin": [-2.5, -4.877440000000014, 21.19587999999999]}}, {"from": [-5.0, -16.0, 17.45908792033312], "to": [0.0, -6.0, 20.45908792033312], "faces": {"north": {"uv": [5.25, 11.5, 4.0, 9.0], "texture": "#9"}, "east": {"uv": [11.0, 6.75, 13.5, 6.0], "texture": "#9", "rotation": 90}, "south": {"uv": [2.0, 11.5, 3.25, 9.0], "texture": "#9"}, "west": {"uv": [8.5, 11.0, 6.0, 11.75], "texture": "#9", "rotation": 90}, "up": {"uv": [12.0, 9.75, 13.25, 9.0], "texture": "#9"}, "down": {"uv": [13.25, 10.0, 12.0, 10.75], "texture": "#9"}}, "rotation": {"angle": -22.5, "axis": "x", "origin": [-2.5, -11.500449817262975, 20.217053485409764]}}, {"from": [-6.0, -16.0, 17.49791207966689], "to": [1.0, -14.0, 24.497912079666897], "faces": {"north": {"uv": [13.75, 11.0, 12.0, 11.5], "texture": "#9"}, "east": {"uv": [14.75, 5.0, 13.0, 5.5], "texture": "#9"}, "south": {"uv": [14.75, 4.0, 13.0, 4.5], "texture": "#9"}, "west": {"uv": [13.75, 12.0, 12.0, 12.5], "texture": "#9"}, "up": {"uv": [9.0, 5.75, 10.75, 4.0], "texture": "#9"}, "down": {"uv": [6.0, 9.0, 7.75, 10.75], "texture": "#9"}}, "rotation": {"angle": 22.5, "axis": "x", "origin": [-2.5, -16.483249817263015, 17.269511888159585]}}, {"from": [19.99476, 8.0, -16.0], "to": [22.99476, 15.0, -6.998959999999993], "faces": {"east": {"uv": [0.0, 0.0, 2.25026, 1.75], "texture": "#9"}, "south": {"uv": [6.0, 12.0, 6.75, 13.75], "texture": "#9"}, "west": {"uv": [2.49974, 2.0, 4.75, 3.75], "texture": "#9"}, "up": {"uv": [8.75, 6.25026, 8.0, 4.0], "texture": "#9"}, "down": {"uv": [0.75, 9.0, 0.0, 11.25026], "texture": "#9"}}, "rotation": {"angle": 22.5, "axis": "y", "origin": [21.494759999999985, 11.5, -16.498960000000036]}}, {"from": [19.0, -4.0, -16.0], "to": [23.0, 10.0, -16.0], "faces": {"south": {"uv": [1.0, 9.0, 2.0, 12.5], "texture": "#9"}}}], "display": {"gui": {"rotation": [0, -90, 0], "translation": [0, -3.25, 0], "scale": [0.5, 0.5, 0.5]}, "fixed": {"rotation": [-90, 0, 0], "translation": [0, 0, -19.25], "scale": [2, 2, 2]}}, "groups": [0, 1, 2, 3, 4, 5, {"name": "group", "origin": [0, 0, 0], "color": 0, "children": [6, 7, 8, 9, 10, 11, 12, 13, 14, 15, 16, 17, 18, 19, 20, 21, 22, 23, 24, 25, 26, 27, 28]}, {"name": "a", "origin": [0, 0, 0], "color": 0, "children": [29, 30, 31, 32, 33, 34]}, {"name": "group", "origin": [8, 8, 8], "color": 0, "children": [35, 36, 37, 38, 39, 40, 41, 42, 43, 44, 45, 46, 47, 48, 49, 50, 51, 52, 53, 54, 55, 56, 57, 58, 59, 60, 61, 62, 63, 64, 65, 66, 67, 68, 69, 70, 71, 72, 73, 74, 75, 76, 77, 78, 79, 80, 81, 82, 83, 84, 85, 86, 87, 88, 89, 90, 91, 92, 93, 94, 95, 96, 97, 98, 99, 100, 101, 102, 103, 104, 105, 106, 107, 108, 109, 110, 111, 112, 113, 114, 115, 116, 117, 118]}, {"name": "group", "origin": [8, 8, 8], "color": 0, "children": [119, 120, 121, 122, 123, 124, 125, 126]}, {"name": "group", "origin": [8, 8, 8], "color": 0, "children": [127, 128, 129, 130, 131, 132, 133, 134, 135, 136]}]}