{"credit": "Made with Blockbench", "textures": {"3": "item/bone/ankylosaurus-spine", "5": "item/bone/ankylosaurus-rib", "8": "item/bone/ankylosaurus-armor", "9": "item/bone/ankylosaurus-leg", "particle": "\u30c7\u30b9\u30af\u30c8\u30c3\u30d7/anky"}, "elements": [{"from": [3.0, 2.0, -16.0], "to": [13.0, 8.0, -14.0], "faces": {"east": {"uv": [9.5, 9.5, 9.75, 10.25], "texture": "#3"}, "south": {"uv": [7.5, 4.0, 8.75, 4.75], "texture": "#3"}, "west": {"uv": [0.375, 10.0, 0.625, 10.75], "texture": "#3"}, "up": {"uv": [8.75, 7.25, 7.5, 7.0], "texture": "#3"}, "down": {"uv": [9.25, 2.0, 8.0, 2.25], "texture": "#3"}}}, {"from": [5.0, 1.1903011687217955, 0.04329141908728218], "to": [11.0, 4.1903011687217955, 8.043291419087282], "faces": {"north": {"uv": [3.5, 11.0, 4.25, 11.375], "texture": "#3"}, "east": {"uv": [10.5, 10.0, 11.5, 10.375], "texture": "#3"}, "south": {"uv": [11.0, 4.0, 11.75, 4.375], "texture": "#3"}, "west": {"uv": [0.0, 11.0, 1.0, 11.375], "texture": "#3"}, "up": {"uv": [6.25, 9.0, 5.5, 8.0], "texture": "#3"}, "down": {"uv": [7.25, 8.0, 6.5, 9.0], "texture": "#3"}}, "rotation": {"angle": 22.5, "axis": "x", "origin": [8.0, 2.6903011687217884, 4.043291419087268]}}, {"from": [4.0, 1.0, -14.0], "to": [12.0, 6.0, -10.0], "faces": {"north": {"uv": [4.0, 9.0, 5.0, 9.625], "texture": "#3"}, "east": {"uv": [3.0, 11.0, 3.5, 11.625], "texture": "#3"}, "south": {"uv": [9.0, 4.0, 10.0, 4.625], "texture": "#3"}, "west": {"uv": [11.0, 3.0, 11.5, 3.625], "texture": "#3"}, "up": {"uv": [10.5, 8.0, 9.5, 7.5], "texture": "#3"}, "down": {"uv": [10.5, 9.0, 9.5, 9.5], "texture": "#3"}}}, {"from": [5.0, 3.0, -4.0], "to": [11.0, 8.0, 1.0], "faces": {"north": {"uv": [10.0, 0.5, 10.75, 1.125], "texture": "#3"}, "east": {"uv": [5.5, 10.0, 6.125, 10.625], "texture": "#3"}, "south": {"uv": [10.0, 1.5, 10.75, 2.125], "texture": "#3"}, "west": {"uv": [10.0, 6.0, 10.625, 6.625], "texture": "#3"}, "up": {"uv": [3.75, 10.625, 3.0, 10.0], "texture": "#3"}, "down": {"uv": [10.75, 3.0, 10.0, 3.625], "texture": "#3"}}}, {"from": [1.0, 4.76536686473019, 0.15224093497744207], "to": [15.0, 6.76536686473019, 6.152240934977442], "faces": {"north": {"uv": [10.0, 5.0, 11.75, 5.25], "texture": "#3"}, "east": {"uv": [11.0, 6.5, 11.75, 6.75], "texture": "#3"}, "south": {"uv": [10.0, 5.5, 11.75, 5.75], "texture": "#3"}, "west": {"uv": [7.0, 11.0, 7.75, 11.25], "texture": "#3"}, "up": {"uv": [7.25, 0.75, 5.5, 0.0], "texture": "#3"}, "down": {"uv": [7.25, 1.0, 5.5, 1.75], "texture": "#3"}}, "rotation": {"angle": 22.5, "axis": "x", "origin": [8.0, 5.765366864730183, 3.152240934977442]}}, {"from": [4.0, 2.000000000000007, 1.4210854715202004e-14], "to": [12.0, 8.000000000000007, 10.000000000000014], "faces": {"north": {"uv": [7.5, 8.0, 8.5, 8.75], "texture": "#3"}, "east": {"uv": [7.5, 5.0, 8.75, 5.75], "texture": "#3"}, "south": {"uv": [0.0, 8.5, 1.0, 9.25], "texture": "#3"}, "west": {"uv": [7.5, 6.0, 8.75, 6.75], "texture": "#3"}, "up": {"uv": [2.5, 8.25, 1.5, 7.0], "texture": "#3"}, "down": {"uv": [3.5, 7.0, 2.5, 8.25], "texture": "#3"}}, "rotation": {"angle": 22.5, "axis": "x", "origin": [8.0, 5.000000000000014, 5.000000000000028]}}, {"from": [4.0, 2.0, -10.0], "to": [12.0, 7.0, -4.0], "faces": {"north": {"uv": [5.0, 9.0, 6.0, 9.625], "texture": "#3"}, "east": {"uv": [4.0, 10.0, 4.75, 10.625], "texture": "#3"}, "south": {"uv": [9.0, 5.0, 10.0, 5.625], "texture": "#3"}, "west": {"uv": [10.0, 4.0, 10.75, 4.625], "texture": "#3"}, "up": {"uv": [9.5, 0.75, 8.5, 0.0], "texture": "#3"}, "down": {"uv": [2.0, 8.5, 1.0, 9.25], "texture": "#3"}}}, {"from": [9.884778751306172, 5.0, -6.579256333890555], "to": [14.884778751306172, 7.0, -2.579256333890555], "faces": {"north": {"uv": [7.5, 1.5, 8.125, 1.75], "texture": "#8"}, "east": {"uv": [0.0, 9.0, 0.5, 9.25], "texture": "#8"}, "south": {"uv": [2.0, 7.5, 2.625, 7.75], "texture": "#8"}, "west": {"uv": [9.0, 0.0, 9.5, 0.25], "texture": "#8"}, "up": {"uv": [2.625, 4.5, 2.0, 4.0], "texture": "#8"}, "down": {"uv": [3.625, 4.0, 3.0, 4.5], "texture": "#8"}}, "rotation": {"angle": 22.5, "axis": "y", "origin": [12.384778751306158, 6.0, -4.579256333890555]}}, {"from": [10.749271919818256, 4.0, -16.0], "to": [19.749271919818256, 6.0, -10.342513655660099], "faces": {"east": {"uv": [6.5, 4.5, 7.20719, 4.75], "texture": "#8"}, "south": {"uv": [5.0, 0.5, 6.125, 0.75], "texture": "#8"}, "west": {"uv": [6.54281, 5.0, 7.25, 5.25], "texture": "#8"}, "up": {"uv": [1.125, 0.70719, 0.0, 0.0], "texture": "#8"}, "down": {"uv": [1.125, 1.0, 0.0, 1.70719], "texture": "#8"}}, "rotation": {"angle": 22.5, "axis": "y", "origin": [15.24927191981827, 5.0, -13.34251365566007]}}, {"from": [10.0, 7.710560000000001, -16.0], "to": [12.0, 11.710560000000001, -10.654319999999984], "faces": {"east": {"uv": [3.5, 1.0, 4.16821, 1.5], "texture": "#8"}, "south": {"uv": [9.0, 7.5, 9.25, 8.0], "texture": "#8"}, "west": {"uv": [3.70679, 1.5, 4.375, 2.0], "texture": "#8"}, "up": {"uv": [1.75, 7.16821, 1.5, 6.5], "texture": "#8"}, "down": {"uv": [6.75, 3.5, 6.5, 4.16821], "texture": "#8"}}, "rotation": {"angle": 22.5, "axis": "x", "origin": [11.0, 9.71056000000003, -14.154319999999984]}}, {"from": [9.0, 7.038079999999994, -7.191360000000003], "to": [11.0, 11.038079999999994, -2.191360000000003], "faces": {"north": {"uv": [8.0, 9.0, 8.25, 9.5], "texture": "#8"}, "east": {"uv": [4.0, 4.5, 4.625, 5.0], "texture": "#8"}, "south": {"uv": [9.0, 8.0, 9.25, 8.5], "texture": "#8"}, "west": {"uv": [0.0, 5.0, 0.625, 5.5], "texture": "#8"}, "up": {"uv": [8.25, 1.125, 8.0, 0.5], "texture": "#8"}, "down": {"uv": [1.25, 8.0, 1.0, 8.625], "texture": "#8"}}, "rotation": {"angle": 22.5, "axis": "x", "origin": [10.0, 9.038079999999994, -4.691360000000003]}}, {"from": [1.1152212486938424, 5.0, -6.579256333890555], "to": [6.115221248693842, 7.0, -2.579256333890555], "faces": {"north": {"uv": [8.125, 1.5, 7.5, 1.75], "texture": "#8"}, "east": {"uv": [9.5, 0.0, 9.0, 0.25], "texture": "#8"}, "south": {"uv": [2.625, 7.5, 2.0, 7.75], "texture": "#8"}, "west": {"uv": [0.5, 9.0, 0.0, 9.25], "texture": "#8"}, "up": {"uv": [2.0, 4.5, 2.625, 4.0], "texture": "#8"}, "down": {"uv": [3.0, 4.0, 3.625, 4.5], "texture": "#8"}}, "rotation": {"angle": -22.5, "axis": "y", "origin": [3.6152212486938566, 6.0, -4.579256333890555]}}, {"from": [-3.74927191981827, 4.0, -16.0], "to": [5.25072808018173, 6.0, -10.342513655660099], "faces": {"east": {"uv": [7.25, 5.0, 6.54281, 5.25], "texture": "#8"}, "south": {"uv": [6.125, 0.5, 5.0, 0.75], "texture": "#8"}, "west": {"uv": [7.20719, 4.5, 6.5, 4.75], "texture": "#8"}, "up": {"uv": [0.0, 0.70719, 1.125, 0.0], "texture": "#8"}, "down": {"uv": [0.0, 1.0, 1.125, 1.70719], "texture": "#8"}}, "rotation": {"angle": -22.5, "axis": "y", "origin": [0.750728080181716, 5.0, -13.342513655660099]}}, {"from": [4.0, 7.710560000000001, -16.0], "to": [6.0, 11.710560000000001, -10.654319999999984], "faces": {"east": {"uv": [4.375, 1.5, 3.70679, 2.0], "texture": "#8"}, "south": {"uv": [9.25, 7.5, 9.0, 8.0], "texture": "#8"}, "west": {"uv": [4.16821, 1.0, 3.5, 1.5], "texture": "#8"}, "up": {"uv": [1.5, 7.16821, 1.75, 6.5], "texture": "#8"}, "down": {"uv": [6.5, 3.5, 6.75, 4.16821], "texture": "#8"}}, "rotation": {"angle": 22.5, "axis": "x", "origin": [5.0, 9.71056000000003, -14.154319999999984]}}, {"from": [5.0, 7.038079999999994, -7.191360000000003], "to": [7.0, 11.038079999999994, -2.191360000000003], "faces": {"north": {"uv": [8.25, 9.0, 8.0, 9.5], "texture": "#8"}, "east": {"uv": [0.625, 5.0, 0.0, 5.5], "texture": "#8"}, "south": {"uv": [9.25, 8.0, 9.0, 8.5], "texture": "#8"}, "west": {"uv": [4.625, 4.5, 4.0, 5.0], "texture": "#8"}, "up": {"uv": [8.0, 1.125, 8.25, 0.5], "texture": "#8"}, "down": {"uv": [1.0, 8.0, 1.25, 8.625], "texture": "#8"}}, "rotation": {"angle": 22.5, "axis": "x", "origin": [6.0, 9.038079999999994, -4.691360000000003]}}, {"from": [15.0, -16.0, -16.0], "to": [22.0, -14.0, -13.652258217428397], "faces": {"east": {"uv": [12.0, 12.0, 12.58694, 12.5], "texture": "#9"}, "south": {"uv": [13.0, 4.0, 14.75, 4.5], "texture": "#9"}, "west": {"uv": [14.16306, 5.0, 14.75, 5.5], "texture": "#9"}, "up": {"uv": [10.75, 4.58694, 9.0, 4.0], "texture": "#9"}, "down": {"uv": [7.75, 9.0, 6.0, 9.58694], "texture": "#9"}}, "rotation": {"angle": 22.5, "axis": "x", "origin": [18.5, -16.23816841479683, -20.264604702233896]}}], "display": {"gui": {"rotation": [0, -90, 0], "translation": [0, -3.25, 0], "scale": [0.5, 0.5, 0.5]}, "fixed": {"rotation": [-90, 0, 0], "translation": [0, 0, -19.25], "scale": [2, 2, 2]}}, "groups": [0, 1, 2, 3, 4, 5, {"name": "group", "origin": [0, 0, 0], "color": 0, "children": [6, 7, 8, 9, 10, 11, 12, 13, 14, 15, 16, 17, 18, 19, 20, 21, 22, 23, 24, 25, 26, 27, 28]}, {"name": "a", "origin": [0, 0, 0], "color": 0, "children": [29, 30, 31, 32, 33, 34]}, {"name": "group", "origin": [8, 8, 8], "color": 0, "children": [35, 36, 37, 38, 39, 40, 41, 42, 43, 44, 45, 46, 47, 48, 49, 50, 51, 52, 53, 54, 55, 56, 57, 58, 59, 60, 61, 62, 63, 64, 65, 66, 67, 68, 69, 70, 71, 72, 73, 74, 75, 76, 77, 78, 79, 80, 81, 82, 83, 84, 85, 86, 87, 88, 89, 90, 91, 92, 93, 94, 95, 96, 97, 98, 99, 100, 101, 102, 103, 104, 105, 106, 107, 108, 109, 110, 111, 112, 113, 114, 115, 116, 117, 118]}, {"name": "group", "origin": [8, 8, 8], "color": 0, "children": [119, 120, 121, 122, 123, 124, 125, 126]}, {"name": "group", "origin": [8, 8, 8], "color": 0, "children": [127, 128, 129, 130, 131, 132, 133, 134, 135, 136]}]}