{"credit": "Made with Blockbench", "textures": {"3": "item/bone/ankylosaurus-spine", "5": "item/bone/ankylosaurus-rib", "8": "item/bone/ankylosaurus-armor", "9": "item/bone/ankylosaurus-leg", "particle": "\u30c7\u30b9\u30af\u30c8\u30c3\u30d7/anky"}, "elements": [{"from": [6.0, -1.0, 31.0], "to": [10.0, 3.0, 32.0], "faces": {"north": {"uv": [1.5, 5.5, 2.0, 6.0], "texture": "#3"}, "east": {"uv": [0.875, 9.5, 1.0, 10.0], "texture": "#3"}, "west": {"uv": [9.5, 0.0, 9.625, 0.5], "texture": "#3"}, "up": {"uv": [10.0, 1.5, 9.5, 1.375], "texture": "#3"}, "down": {"uv": [1.5, 10.375, 1.0, 10.5], "texture": "#3"}}}, {"from": [6.0, -2.0, 23.0], "to": [10.0, 1.0, 31.0], "faces": {"north": {"uv": [5.5, 11.0, 6.0, 11.375], "texture": "#3"}, "east": {"uv": [10.0, 8.5, 11.0, 8.875], "texture": "#3"}, "west": {"uv": [10.5, 0.0, 11.5, 0.375], "texture": "#3"}, "up": {"uv": [2.0, 10.5, 1.5, 9.5], "texture": "#3"}, "down": {"uv": [10.0, 1.5, 9.5, 2.5], "texture": "#3"}}}, {"from": [6.0, -1.0, 15.0], "to": [10.0, 2.0, 23.0], "faces": {"north": {"uv": [11.0, 6.0, 11.5, 6.375], "texture": "#3"}, "east": {"uv": [1.0, 10.5, 2.0, 10.875], "texture": "#3"}, "south": {"uv": [6.5, 11.0, 7.0, 11.375], "texture": "#3"}, "west": {"uv": [2.0, 10.5, 3.0, 10.875], "texture": "#3"}, "up": {"uv": [2.5, 10.5, 2.0, 9.5], "texture": "#3"}, "down": {"uv": [3.0, 9.5, 2.5, 10.5], "texture": "#3"}}}, {"from": [4.0, 0.0, 7.0], "to": [12.0, 3.0, 15.0], "faces": {"north": {"uv": [10.5, 2.5, 11.5, 2.875], "texture": "#3"}, "east": {"uv": [6.5, 10.5, 7.5, 10.875], "texture": "#3"}, "south": {"uv": [10.5, 7.0, 11.5, 7.375], "texture": "#3"}, "west": {"uv": [7.5, 10.5, 8.5, 10.875], "texture": "#3"}, "up": {"uv": [7.5, 8.0, 6.5, 7.0], "texture": "#3"}, "down": {"uv": [1.0, 7.5, 0.0, 8.5], "texture": "#3"}}}, {"from": [9.398385694425485, 2.018839184422312, 30.35636], "to": [10.398385694425485, 5.018839184422312, 32.0], "faces": {"north": {"uv": [9.5, 5.0, 9.625, 5.375], "texture": "#8"}, "east": {"uv": [7.79454, 1.0, 8.0, 1.375], "texture": "#8"}, "west": {"uv": [1.5, 7.5, 1.70545, 7.875], "texture": "#8"}, "up": {"uv": [9.625, 4.5, 9.5, 4.29454], "texture": "#8"}, "down": {"uv": [4.625, 9.79454, 4.5, 10.0], "texture": "#8"}}, "rotation": {"angle": -22.5, "axis": "z", "origin": [9.898385694425471, 3.5188391844222977, 32.356359999999995]}}, {"from": [8.656333218813472, 0.32956000000000074, 30.856359999999988], "to": [15.656333218813472, 1.3295600000000007, 32.0], "faces": {"north": {"uv": [8.5, 9.0, 9.375, 9.125], "texture": "#8"}, "east": {"uv": [2.98204, 9.5, 3.125, 9.625], "texture": "#8"}, "west": {"uv": [9.5, 2.5, 9.64295, 2.625], "texture": "#8"}, "up": {"uv": [2.875, 2.625, 2.0, 2.48204], "texture": "#8"}, "down": {"uv": [3.375, 0.48204, 2.5, 0.625], "texture": "#8"}}, "rotation": {"angle": 45, "axis": "y", "origin": [12.156333218813472, 0.8295600000000007, 33.35636]}}, {"from": [5.6016143055745005, 2.018839184422319, 30.35636], "to": [6.6016143055745005, 5.018839184422319, 32.0], "faces": {"north": {"uv": [9.625, 5.0, 9.5, 5.375], "texture": "#8"}, "east": {"uv": [1.70545, 7.5, 1.5, 7.875], "texture": "#8"}, "west": {"uv": [8.0, 1.0, 7.79454, 1.375], "texture": "#8"}, "up": {"uv": [9.5, 4.5, 9.625, 4.29454], "texture": "#8"}, "down": {"uv": [4.5, 9.79454, 4.625, 10.0], "texture": "#8"}}, "rotation": {"angle": 22.5, "axis": "z", "origin": [6.1016143055745005, 3.518839184422326, 32.356359999999995]}}, {"from": [0.34366678118655614, 0.32956000000000074, 30.856359999999995], "to": [7.343666781186556, 1.3295600000000007, 32.0], "faces": {"north": {"uv": [9.375, 9.0, 8.5, 9.125], "texture": "#8"}, "east": {"uv": [9.64296, 2.5, 9.5, 2.625], "texture": "#8"}, "west": {"uv": [3.125, 9.5, 2.98204, 9.625], "texture": "#8"}, "up": {"uv": [2.0, 2.625, 2.875, 2.48204], "texture": "#8"}, "down": {"uv": [2.5, 0.48204, 3.375, 0.625], "texture": "#8"}}, "rotation": {"angle": -45, "axis": "y", "origin": [3.843666781186556, 0.8295600000000007, 33.356359999999995]}}, {"from": [2.213721014949485, -0.6704399999999993, 17.744274617708008], "to": [7.213721014949485, 0.32956000000000074, 24.744274617708008], "faces": {"north": {"uv": [3.125, 9.5, 2.5, 9.625], "texture": "#8"}, "east": {"uv": [9.375, 9.0, 8.5, 9.125], "texture": "#8"}, "south": {"uv": [10.125, 2.5, 9.5, 2.625], "texture": "#8"}, "west": {"uv": [9.875, 8.5, 9.0, 8.625], "texture": "#8"}, "up": {"uv": [2.0, 2.625, 2.875, 2.0], "texture": "#8", "rotation": 90}, "down": {"uv": [3.375, 0.625, 2.5, 0.0], "texture": "#8", "rotation": 90}}, "rotation": {"angle": 22.5, "axis": "y", "origin": [4.713721014949499, -0.17043999999999926, 21.244274617707987]}}, {"from": [8.786278985050515, -0.6704399999999993, 17.744274617708008], "to": [13.786278985050515, 0.32956000000000074, 24.744274617708008], "faces": {"north": {"uv": [2.5, 9.5, 3.125, 9.625], "texture": "#8"}, "east": {"uv": [9.0, 8.5, 9.875, 8.625], "texture": "#8"}, "south": {"uv": [9.5, 2.5, 10.125, 2.625], "texture": "#8"}, "west": {"uv": [8.5, 9.0, 9.375, 9.125], "texture": "#8"}, "up": {"uv": [2.0, 2.0, 2.875, 2.625], "texture": "#8", "rotation": 90}, "down": {"uv": [3.375, 0.0, 2.5, 0.625], "texture": "#8", "rotation": 90}}, "rotation": {"angle": -22.5, "axis": "y", "origin": [11.286278985050501, -0.17043999999999926, 21.244274617707955]}}], "display": {"gui": {"rotation": [0, -90, 0], "translation": [0, -3.25, 0], "scale": [0.5, 0.5, 0.5]}, "fixed": {"rotation": [-90, 0, 0], "translation": [0, 0, -19.25], "scale": [2, 2, 2]}}, "groups": [0, 1, 2, 3, 4, 5, {"name": "group", "origin": [0, 0, 0], "color": 0, "children": [6, 7, 8, 9, 10, 11, 12, 13, 14, 15, 16, 17, 18, 19, 20, 21, 22, 23, 24, 25, 26, 27, 28]}, {"name": "a", "origin": [0, 0, 0], "color": 0, "children": [29, 30, 31, 32, 33, 34]}, {"name": "group", "origin": [8, 8, 8], "color": 0, "children": [35, 36, 37, 38, 39, 40, 41, 42, 43, 44, 45, 46, 47, 48, 49, 50, 51, 52, 53, 54, 55, 56, 57, 58, 59, 60, 61, 62, 63, 64, 65, 66, 67, 68, 69, 70, 71, 72, 73, 74, 75, 76, 77, 78, 79, 80, 81, 82, 83, 84, 85, 86, 87, 88, 89, 90, 91, 92, 93, 94, 95, 96, 97, 98, 99, 100, 101, 102, 103, 104, 105, 106, 107, 108, 109, 110, 111, 112, 113, 114, 115, 116, 117, 118]}, {"name": "group", "origin": [8, 8, 8], "color": 0, "children": [119, 120, 121, 122, 123, 124, 125, 126]}, {"name": "group", "origin": [8, 8, 8], "color": 0, "children": [127, 128, 129, 130, 131, 132, 133, 134, 135, 136]}]}