{
	"credit": "Made by 古銅/斜向(@hsmkai) with Blockbench",
	"parent": "minecraft:block/cube_bottom_top",
	"textures": {
		"0": "block/display_sand",
		"1": "block/display_wall-top",
		"2": "block/display_wall",
		"particle": "block/display_sand"
	},
	"elements": [
		{
			"from": [0, 0, 0],
			"to": [16, 16, 16],
			"faces": {
				"north": {"uv": [0, 0, 16, 16], "texture": "#2", "cullface": "north"},
				"east": {"uv": [0, 0, 16, 16], "texture": "#2", "cullface": "east"},
				"south": {"uv": [0, 0, 16, 16], "texture": "#2", "cullface": "south"},
				"west": {"uv": [0, 0, 16, 16], "texture": "#2", "cullface": "west"},
				"up": {"uv": [0, 0, 16, 16], "texture": "#0", "cullface": "up"},
				"down": {"uv": [0, 0, 16, 16], "texture": "#2", "cullface": "down"}
			}
		},
		{
			"from": [0, 16, 0],
			"to": [16, 17.9, 8],
			"faces": {
				"north": {"uv": [0, 0, 16, 2], "texture": "#2", "cullface": "north"},
				"east": {"uv": [8, 0, 16, 2], "texture": "#2", "cullface": "north"},
				"south": {"uv": [0, 0, 16, 2], "texture": "#2", "cullface": "north"},
				"west": {"uv": [0, 0, 8, 2], "texture": "#2", "cullface": "north"},
				"up": {"uv": [0, 0, 16, 8], "texture": "#1", "cullface": "north"}
			}
		},
		{
			"from": [0, 16, 8],
			"to": [16, 17.9, 16],
			"rotation": {"angle": 0, "axis": "y", "origin": [8, 8, 16]},
			"faces": {
				"north": {"uv": [0, 0, 16, 2], "texture": "#2", "cullface": "south"},
				"east": {"uv": [0, 0, 8, 2], "texture": "#2", "cullface": "south"},
				"south": {"uv": [0, 0, 16, 2], "texture": "#2", "cullface": "south"},
				"west": {"uv": [8, 0, 16, 2], "texture": "#2", "cullface": "south"},
				"up": {"uv": [0, 0, 16, 8], "texture": "#1", "cullface": "south"}
			}
		},
		{
			"from": [0, 16, 0],
			"to": [8, 18, 16],
			"rotation": {"angle": 0, "axis": "y", "origin": [8, 8, 16]},
			"faces": {
				"north": {"uv": [8, 0, 16, 2], "texture": "#2", "cullface": "west"},
				"east": {"uv": [0, 0, 16, 2], "texture": "#2", "cullface": "west"},
				"south": {"uv": [0, 0, 8, 2], "texture": "#2", "cullface": "west"},
				"west": {"uv": [0, 0, 16, 2], "texture": "#2", "cullface": "west"},
				"up": {"uv": [0, 8, 16, 0], "rotation": 90, "texture": "#1", "cullface": "west"}
			}
		},
		{
			"from": [8, 16, 0],
			"to": [16, 18, 16],
			"rotation": {"angle": 0, "axis": "y", "origin": [16, 8, 16]},
			"faces": {
				"north": {"uv": [8, 0, 16, 2], "texture": "#2", "cullface": "east"},
				"east": {"uv": [0, 0, 16, 2], "texture": "#2", "cullface": "east"},
				"south": {"uv": [0, 0, 8, 2], "texture": "#2", "cullface": "east"},
				"west": {"uv": [0, 0, 16, 2], "texture": "#2", "cullface": "east"},
				"up": {"uv": [0, 8, 16, 0], "rotation": 90, "texture": "#1", "cullface": "east"}
			}
		}
	]
}