{
	"credit": "Made by 古銅/斜向(@hsmkai) with Blockbench",
	"textures": {
		"0": "block/glass_pane",
		"1": "block/glass_pane-frame",
		"particle": "block/glass_pane"
	},
	"elements": [
		{
			"from": [8, 0, 0],
			"to": [8, 16, 8],
			"rotation": {"angle": 0, "axis": "y", "origin": [15, 8, 8]},
			"faces": {
				"north": {"uv": [8, 0, 8, 16], "texture": "#missing"},
				"east": {"uv": [8, 0, 16, 16], "texture": "#0"},
				"south": {"uv": [8, 0, 8, 16], "texture": "#missing"},
				"west": {"uv": [0, 0, 8, 16], "texture": "#0"},
				"up": {"uv": [8, 0, 8, 8], "texture": "#missing"},
				"down": {"uv": [8, 8, 8, 16], "texture": "#missing"}
			}
		},
		{
			"from": [7.5, -0.1, 0],
			"to": [8.5, 16.1, 8.1],
			"rotation": {"angle": 0, "axis": "y", "origin": [15, 8, 8]},
			"faces": {
				"south": {"uv": [7.5, -0.1, 8.5, 16.1], "texture": "#1"},
				"up": {"uv": [7.5, 0, 8.5, 8.1], "texture": "#1", "cullface": "up"},
				"down": {"uv": [7.5, 7.9, 8.5, 16], "texture": "#1", "cullface": "down"}
			}
		},
		{
			"from": [7.5, 15.9, 0],
			"to": [8.5, 0.1, 7.9],
			"rotation": {"angle": 0, "axis": "y", "origin": [15, -8, 8]},
			"faces": {
				"south": {"uv": [7.5, 15.9, 8.5, 0.1], "texture": "#1"},
				"up": {"uv": [8.5, 0, 7.5, 7.9], "texture": "#1"},
				"down": {"uv": [8.5, 8.1, 7.5, 16], "texture": "#1"}
			}
		}
	],
	"display": {
		"thirdperson_righthand": {
			"scale": [1, 4, 1]
		},
		"head": {
			"rotation": [-6, 0, 6],
			"translation": [6, 0, 7],
			"scale": [2, 4, 2]
		},
		"fixed": {
			"rotation": [-94, 0, 4],
			"translation": [9, 9, -80],
			"scale": [2, 4, 2]
		}
	}
}