{
	"credit": "Made by 古銅/斜向(@hsmkai) with Blockbench",
	"parent": "block/cube_all",
	"ambientocclusion": false,
	"textures": {
		"1": "block/glass_case-side",
		"2": "block/glass_case-behind",
		"3": "block/glass_case-behind-side",
		"particle": "block/glass_case-side",
		"all": "block/glass_case"
	},
	"elements": [
		{
			"from": [0, 0, 0],
			"to": [16, 14, 16],
			"shade": false,
			"faces": {
				"north": {"uv": [0, 2, 16, 16], "texture": "#1", "cullface": "north"},
				"east": {"uv": [0, 2, 16, 16], "texture": "#1", "cullface": "east"},
				"south": {"uv": [0, 2, 16, 16], "texture": "#1", "cullface": "south"},
				"west": {"uv": [0, 2, 16, 16], "texture": "#1", "cullface": "west"},
				"up": {"uv": [0, 0, 16, 16], "texture": "#all"},
				"down": {"uv": [0, 0, 16, 16], "texture": "#all", "cullface": "down"}
			}
		},
		{
			"from": [15.9, 0, 0.1],
			"to": [0.1, 14, 15.9],
			"shade": false,
			"rotation": {"angle": 0, "axis": "y", "origin": [24, 8, 8]},
			"faces": {
				"north": {"uv": [0, 2, 16, 16], "texture": "#3"},
				"east": {"uv": [0, 2, 16, 16], "texture": "#3"},
				"south": {"uv": [0, 2, 16, 16], "texture": "#3"},
				"west": {"uv": [0, 2, 16, 16], "texture": "#3"},
				"up": {"uv": [0, 0, 16, 16], "texture": "#2"}
			}
		}
	]
}