{
	"credit": "Made by 古銅/斜向(@hsmkai) with Blockbench",
	"parent": "block/cube_all",
	"ambientocclusion": false,
	"textures": {
		"2": "block/glass_case-behind",
		"all": "block/glass_case"
	},
	"elements": [
		{
			"from": [16, 0.1, 0.1],
			"to": [15.5, 15.9, 15.9],
			"shade": false,
			"rotation": {"angle": 0, "axis": "y", "origin": [24, 8, 8]},
			"faces": {
				"north": {"uv": [15.5, 0, 16, 16], "texture": "#2", "cullface": "east"},
				"south": {"uv": [0, 0, 0.5, 16], "texture": "#2", "cullface": "east"},
				"up": {"uv": [0, 0, 0.5, 16], "texture": "#2", "cullface": "east"},
				"down": {"uv": [15.5, 0, 16, 16], "texture": "#2", "cullface": "east"}
			}
		},
		{
			"from": [15, 0, 0],
			"to": [16, 16, 16],
			"shade": false,
			"rotation": {"angle": 0, "axis": "y", "origin": [23, 8, -24]},
			"faces": {
				"north": {"uv": [0, 0, 1, 16], "texture": "#all", "cullface": "east"},
				"south": {"uv": [15, 0, 16, 16], "texture": "#all", "cullface": "east"},
				"up": {"uv": [15, 0, 16, 16], "texture": "#all", "cullface": "east"},
				"down": {"uv": [15, 0, 16, 16], "texture": "#all", "cullface": "east"}
			}
		},
		{
			"from": [0.5, 0.1, 0.1],
			"to": [0, 15.9, 15.9],
			"shade": false,
			"rotation": {"angle": 0, "axis": "y", "origin": [8.5, 8, 8]},
			"faces": {
				"north": {"uv": [0, 0, 0.5, 16], "texture": "#2", "cullface": "west"},
				"south": {"uv": [15.5, 0, 16, 16], "texture": "#2", "cullface": "west"},
				"up": {"uv": [15.5, 0, 16, 16], "texture": "#2", "cullface": "west"},
				"down": {"uv": [0, 0, 0.5, 16], "texture": "#2", "cullface": "west"}
			}
		},
		{
			"from": [0, 0, 0],
			"to": [1, 16, 16],
			"shade": false,
			"faces": {
				"north": {"uv": [15, 0, 16, 16], "texture": "#all", "cullface": "west"},
				"south": {"uv": [0, 0, 1, 16], "texture": "#all", "cullface": "west"},
				"up": {"uv": [0, 0, 1, 16], "texture": "#all", "cullface": "west"},
				"down": {"uv": [0, 0, 1, 16], "texture": "#all", "cullface": "west"}
			}
		},
		{
			"from": [0.1, 15.5, 15.9],
			"to": [15.9, 16, 0.1],
			"shade": false,
			"rotation": {"angle": 0, "axis": "y", "origin": [8.5, 8, 24]},
			"faces": {
				"north": {"uv": [0, 0, 16, 0.5], "texture": "#2", "cullface": "up"},
				"east": {"uv": [0, 0, 16, 0.5], "texture": "#2", "cullface": "up"},
				"south": {"uv": [0, 0, 16, 0.5], "texture": "#2", "cullface": "up"},
				"west": {"uv": [0, 0, 16, 0.5], "texture": "#2", "cullface": "up"}
			}
		},
		{
			"from": [0, 14.75, 0],
			"to": [16, 16, 16],
			"shade": false,
			"rotation": {"angle": 0, "axis": "y", "origin": [8.5, 8, 8]},
			"faces": {
				"north": {"uv": [0, 0, 16, 1], "texture": "#all", "cullface": "up"},
				"east": {"uv": [0, 0, 16, 1], "texture": "#all", "cullface": "up"},
				"south": {"uv": [0, 0, 16, 1], "texture": "#all", "cullface": "up"},
				"west": {"uv": [0, 0, 16, 1], "texture": "#all", "cullface": "up"}
			}
		},
		{
			"from": [0.1, 0, 15.9],
			"to": [15.9, 0.5, 0.1],
			"shade": false,
			"rotation": {"angle": 0, "axis": "y", "origin": [8.5, -7.5, 24]},
			"faces": {
				"north": {"uv": [0, 15.5, 16, 16], "texture": "#2", "cullface": "down"},
				"east": {"uv": [0, 15.5, 16, 16], "texture": "#2", "cullface": "down"},
				"south": {"uv": [0, 15.5, 16, 16], "texture": "#2", "cullface": "down"},
				"west": {"uv": [0, 15.5, 16, 16], "texture": "#2", "cullface": "down"}
			}
		},
		{
			"from": [0, 0, 0],
			"to": [16, 1, 16],
			"shade": false,
			"rotation": {"angle": 0, "axis": "y", "origin": [8.5, -7.5, 40]},
			"faces": {
				"north": {"uv": [0, 15, 16, 16], "texture": "#all", "cullface": "down"},
				"east": {"uv": [0, 15, 16, 16], "texture": "#all", "cullface": "down"},
				"south": {"uv": [0, 15, 16, 16], "texture": "#all", "cullface": "down"},
				"west": {"uv": [0, 15, 16, 16], "texture": "#all", "cullface": "down"}
			}
		},
		{
			"from": [15.9, 0.1, 15.5],
			"to": [0.1, 15.9, 16],
			"shade": false,
			"rotation": {"angle": 0, "axis": "y", "origin": [-7.5, 8, 8]},
			"faces": {
				"east": {"uv": [0, 0, 0.5, 16], "texture": "#2", "cullface": "south"},
				"west": {"uv": [15.5, 0, 16, 16], "texture": "#2", "cullface": "south"},
				"up": {"uv": [0, 15.5, 16, 16], "texture": "#2", "cullface": "south"},
				"down": {"uv": [0, 0, 16, 0.5], "texture": "#2", "cullface": "south"}
			}
		},
		{
			"from": [0, 0, 15],
			"to": [16, 16, 16],
			"shade": false,
			"rotation": {"angle": 0, "axis": "y", "origin": [-23.5, 8, 8]},
			"faces": {
				"east": {"uv": [0, 0, 1, 16], "texture": "#all", "cullface": "south"},
				"west": {"uv": [15, 0, 16, 16], "texture": "#all", "cullface": "south"},
				"up": {"uv": [0, 15, 16, 16], "texture": "#all", "cullface": "south"},
				"down": {"uv": [0, 0, 16, 1], "texture": "#all", "cullface": "south"}
			}
		},
		{
			"from": [15.9, 0.1, 0],
			"to": [0.1, 15.9, 0.5],
			"shade": false,
			"rotation": {"angle": 0, "axis": "y", "origin": [-39.5, 8, -7]},
			"faces": {
				"east": {"uv": [15.5, 0, 16, 16], "texture": "#all", "cullface": "north"},
				"west": {"uv": [0, 0, 0.5, 16], "texture": "#all", "cullface": "north"},
				"up": {"uv": [0, 0, 16, 0.5], "texture": "#all", "cullface": "north"},
				"down": {"uv": [0, 15.5, 16, 16], "texture": "#all", "cullface": "north"}
			}
		},
		{
			"from": [0, 0, 0],
			"to": [16, 16, 1],
			"shade": false,
			"rotation": {"angle": 0, "axis": "y", "origin": [-23.5, 8, -7]},
			"faces": {
				"east": {"uv": [15, 0, 16, 16], "texture": "#all", "cullface": "north"},
				"west": {"uv": [0, 0, 1, 16], "texture": "#all", "cullface": "north"},
				"up": {"uv": [0, 0, 16, 1], "texture": "#all", "cullface": "north"},
				"down": {"uv": [0, 15, 16, 16], "texture": "#all", "cullface": "north"}
			}
		}
	]
}