{
	"credit": "Made by 古銅/斜向(@hsmkai) with Blockbench",
	"parent": "block/cube_all",
	"textures": {
		"1": "block/display_wall-back",
		"2": "block/glass_case",
		"3": "block/glass_case-side",
		"particle": "block/display_wall-back"
	},
	"elements": [
		{
			"from": [15, 0, 13],
			"to": [16, 16, 16],
			"shade": false,
			"faces": {
				"north": {"uv": [0, 0, 1, 16], "texture": "#2"},
				"east": {"uv": [0, 0, 6, 16], "texture": "#3", "cullface": "east"},
				"west": {"uv": [0, 0, 3, 16], "texture": "#1"},
				"up": {"uv": [6, 15, 0, 16], "rotation": 90, "texture": "#3", "cullface": "up"},
				"down": {"uv": [6, 0, 0, 1], "rotation": 270, "texture": "#3", "cullface": "down"}
			}
		},
		{
			"from": [0, 0, 13],
			"to": [1, 16, 16],
			"shade": false,
			"rotation": {"angle": 0, "axis": "y", "origin": [-7, 8, 8]},
			"faces": {
				"north": {"uv": [15, 0, 16, 16], "texture": "#2"},
				"east": {"uv": [13, 0, 16, 16], "texture": "#1"},
				"west": {"uv": [10, 0, 16, 16], "texture": "#3", "cullface": "west"},
				"up": {"uv": [6, 0, 0, 1], "rotation": 90, "texture": "#3", "cullface": "up"},
				"down": {"uv": [6, 15, 0, 16], "rotation": 270, "texture": "#3", "cullface": "down"}
			}
		},
		{
			"from": [1, 0, 13],
			"to": [15, 1, 16],
			"shade": false,
			"rotation": {"angle": 0, "axis": "y", "origin": [-1, 8, 8]},
			"faces": {
				"north": {"uv": [1, 15, 15, 16], "texture": "#2"},
				"up": {"uv": [0, 1, 3, 15], "rotation": 90, "texture": "#1"},
				"down": {"uv": [0, 1, 6, 15], "rotation": 90, "texture": "#3", "cullface": "down"}
			}
		},
		{
			"from": [1, 15, 13],
			"to": [15, 16, 16],
			"shade": false,
			"rotation": {"angle": 0, "axis": "y", "origin": [-1, 23, 8]},
			"faces": {
				"north": {"uv": [1, 0, 15, 1], "texture": "#2"},
				"up": {"uv": [10, 1, 16, 15], "rotation": 90, "texture": "#3", "cullface": "up"},
				"down": {"uv": [13, 1, 16, 15], "rotation": 90, "texture": "#1"}
			}
		},
		{
			"from": [0, 0, 15.8],
			"to": [16, 16, 16],
			"shade": false,
			"rotation": {"angle": 0, "axis": "y", "origin": [8, 8, 23]},
			"faces": {
				"north": {"uv": [0, 0, 16, 16], "texture": "#1"},
				"south": {"uv": [0, 0, 16, 16], "texture": "#1", "cullface": "south"}
			}
		}
	]
}