{
	"credit": "Made by 古銅/斜向(@hsmkai) with Blockbench",
	"parent": "block/cube_all",
	"textures": {
		"2": "block/microscope-behind",
		"4": "block/microscope",
		"5": "block/wall",
		"particle": "block/microscope-behind"
	},
	"elements": [
		{
			"from": [0, 0, 0],
			"to": [16, 16, 16],
			"faces": {
				"north": {"uv": [0, 0, 16, 16], "texture": "#5", "cullface": "north"},
				"east": {"uv": [0, 0, 16, 16], "texture": "#5", "cullface": "east"},
				"west": {"uv": [0, 0, 16, 16], "texture": "#5", "cullface": "west"},
				"up": {"uv": [0, 0, 16, 16], "rotation": 180, "texture": "#5", "cullface": "up"},
				"down": {"uv": [0, 0, 16, 16], "rotation": 180, "texture": "#5", "cullface": "down"}
			}
		},
		{
			"from": [0, 0, 16],
			"to": [16, 8, 16],
			"faces": {
				"south": {"uv": [0, 8, 16, 16], "texture": "#4", "cullface": "south"}
			}
		},
		{
			"from": [0, 10, 16],
			"to": [16, 16, 16],
			"faces": {
				"south": {"uv": [0, 0, 16, 6], "texture": "#4", "cullface": "south"}
			}
		},
		{
			"from": [0, 8, 16],
			"to": [7, 10, 16],
			"faces": {
				"south": {"uv": [0, 6, 7, 8], "texture": "#4", "cullface": "south"}
			}
		},
		{
			"from": [9, 8, 16],
			"to": [16, 10, 16],
			"faces": {
				"south": {"uv": [9, 6, 16, 8], "texture": "#4", "cullface": "south"}
			}
		},
		{
			"from": [9, 8, 16],
			"to": [10, 10, 17],
			"faces": {
				"east": {"uv": [9, 6, 10, 8], "texture": "#4", "cullface": "south"},
				"south": {"uv": [9, 6, 10, 8], "texture": "#4", "cullface": "south"},
				"west": {"uv": [9, 6, 10, 8], "texture": "#4", "cullface": "south"}
			}
		},
		{
			"from": [6, 8, 16],
			"to": [7, 10, 17],
			"rotation": {"angle": 0, "axis": "y", "origin": [5, 8, 8]},
			"faces": {
				"east": {"uv": [6, 6, 7, 8], "texture": "#4", "cullface": "south"},
				"south": {"uv": [6, 6, 7, 8], "texture": "#4", "cullface": "south"},
				"west": {"uv": [6, 6, 7, 8], "texture": "#4", "cullface": "south"}
			}
		},
		{
			"from": [6, 10, 16],
			"to": [10, 11, 17],
			"rotation": {"angle": 0, "axis": "y", "origin": [5, 9, 8]},
			"faces": {
				"east": {"uv": [9, 5, 10, 6], "texture": "#4", "cullface": "south"},
				"south": {"uv": [6, 5, 10, 6], "texture": "#4", "cullface": "south"},
				"west": {"uv": [6, 5, 7, 6], "texture": "#4", "cullface": "south"},
				"up": {"uv": [6, 5, 10, 6], "texture": "#4", "cullface": "south"},
				"down": {"uv": [6, 5, 10, 6], "texture": "#4", "cullface": "south"}
			}
		},
		{
			"from": [6, 7, 16],
			"to": [10, 8, 17],
			"rotation": {"angle": 0, "axis": "y", "origin": [5, 6, 8]},
			"faces": {
				"east": {"uv": [9, 8, 10, 9], "texture": "#4", "cullface": "south"},
				"south": {"uv": [6, 8, 10, 9], "texture": "#4", "cullface": "south"},
				"west": {"uv": [6, 8, 7, 9], "texture": "#4", "cullface": "south"},
				"up": {"uv": [6, 8, 10, 9], "texture": "#4", "cullface": "south"},
				"down": {"uv": [6, 8, 10, 9], "texture": "#4", "cullface": "south"}
			}
		},
		{
			"from": [0, 0, 16],
			"to": [16, 16, 0],
			"faces": {
				"east": {"uv": [0, 0, 16, 16], "texture": "#5"},
				"south": {"uv": [0, 0, 16, 16], "texture": "#2"},
				"west": {"uv": [0, 0, 16, 16], "texture": "#5"},
				"up": {"uv": [0, 0, 16, 16], "rotation": 180, "texture": "#5"},
				"down": {"uv": [0, 0, 16, 16], "rotation": 180, "texture": "#5"}
			}
		}
	]
}