{
	"credit": "Made by 古銅/斜向(@hsmkai) with Blockbench",
	"textures": {
		"0": "block/pole_rope",
		"particle": "block/pole_rope"
	},
	"elements": [
		{
			"from": [8, 11.5, 0],
			"to": [8, 14.5, 16],
			"rotation": {"angle": 0, "axis": "x", "origin": [8, 13, 3]},
			"faces": {
				"east": {"uv": [13, 0, 16, 16], "rotation": 90, "texture": "#0"},
				"west": {"uv": [13, 0, 16, 16], "rotation": 90, "texture": "#0"}
			}
		},
		{
			"from": [6.5, 13, 0],
			"to": [9.5, 13, 16],
			"rotation": {"angle": 0, "axis": "x", "origin": [8, 13, 0]},
			"faces": {
				"up": {"uv": [10, 0, 13, 16], "texture": "#0"},
				"down": {"uv": [10, 0, 13, 16], "texture": "#0"}
			}
		}
	],
	"display": {
		"thirdperson_righthand": {
			"scale": [1, 4, 1]
		},
		"head": {
			"rotation": [-6, 0, 6],
			"translation": [6, 0, 7],
			"scale": [2, 4, 2]
		},
		"fixed": {
			"rotation": [-94, 0, 4],
			"translation": [9, 9, -80],
			"scale": [2, 4, 2]
		}
	}
}