{
	"credit": "Made by 古銅/斜向(@hsmkai) with Blockbench",
	"textures": {
		"0": "block/pole_rope",
		"particle": "block/pole_rope"
	},
	"elements": [
		{
			"from": [7.5, 1, 7.5],
			"to": [8.5, 17, 8.5],
			"rotation": {"angle": 0, "axis": "y", "origin": [16, 8, 15]},
			"faces": {
				"north": {"uv": [0, 0, 2, 16], "texture": "#0"},
				"east": {"uv": [0, 0, 2, 16], "texture": "#0"},
				"south": {"uv": [0, 0, 2, 16], "texture": "#0"},
				"west": {"uv": [0, 0, 2, 16], "texture": "#0"}
			}
		},
		{
			"from": [7.5, 18, 7.5],
			"to": [8.5, 20, 8.5],
			"rotation": {"angle": 0, "axis": "y", "origin": [16, 18, 15]},
			"faces": {
				"north": {"uv": [0, 0, 2, 2], "texture": "#0"},
				"east": {"uv": [0, 0, 2, 2], "texture": "#0"},
				"south": {"uv": [0, 0, 2, 2], "texture": "#0"},
				"west": {"uv": [0, 0, 2, 2], "texture": "#0"},
				"up": {"uv": [3, 13, 5, 15], "texture": "#0"}
			}
		},
		{
			"from": [6, 0, 6],
			"to": [10, 1, 10],
			"rotation": {"angle": 0, "axis": "y", "origin": [16, 8, 15]},
			"faces": {
				"north": {"uv": [2, 15, 6, 16], "texture": "#0"},
				"east": {"uv": [2, 15, 6, 16], "texture": "#0"},
				"south": {"uv": [2, 15, 6, 16], "texture": "#0"},
				"west": {"uv": [2, 15, 6, 16], "texture": "#0"},
				"up": {"uv": [2, 12, 6, 16], "texture": "#0"},
				"down": {"uv": [2, 12, 6, 16], "texture": "#0"}
			}
		},
		{
			"from": [6.5, 17, 6.5],
			"to": [9.5, 18, 9.5],
			"rotation": {"angle": 0, "axis": "y", "origin": [16, 25, 15]},
			"faces": {
				"north": {"uv": [2, 11, 5, 12], "texture": "#0"},
				"east": {"uv": [2, 11, 5, 12], "texture": "#0"},
				"south": {"uv": [2, 11, 5, 12], "texture": "#0"},
				"west": {"uv": [2, 11, 5, 12], "texture": "#0"},
				"up": {"uv": [2, 9, 5, 12], "texture": "#0"},
				"down": {"uv": [2, 9, 5, 12], "texture": "#0"}
			}
		},
		{
			"from": [8, 15, 5.5],
			"to": [8, 18, 10.5],
			"rotation": {"angle": 0, "axis": "y", "origin": [16, 25, 14]},
			"faces": {
				"east": {"uv": [2, 0, 7, 3], "texture": "#0"},
				"west": {"uv": [2, 0, 7, 3], "texture": "#0"}
			}
		},
		{
			"from": [5.5, 15, 8],
			"to": [10.5, 18, 8],
			"faces": {
				"north": {"uv": [2, 0, 7, 3], "texture": "#0"},
				"south": {"uv": [2, 0, 7, 3], "texture": "#0"}
			}
		}
	],
	"display": {
		"thirdperson_righthand": {
			"scale": [1, 4, 1]
		},
		"head": {
			"rotation": [-6, 0, 6],
			"translation": [6, 0, 7],
			"scale": [2, 4, 2]
		},
		"fixed": {
			"rotation": [-94, 0, 4],
			"translation": [9, 9, -80],
			"scale": [2, 4, 2]
		}
	}
}