{
	"credit": "Made by 古銅/斜向(@hsmkai) with Blockbench",
	"textures": {
		"0": "block/pole_rope",
		"particle": "block/pole_rope"
	},
	"elements": [
		{
			"from": [8, 12, 1],
			"to": [8, 15, 5],
			"rotation": {"angle": -22.5, "axis": "x", "origin": [8, 13.5, 3]},
			"faces": {
				"east": {"uv": [10, 3, 13, 7], "rotation": 90, "texture": "#0"},
				"west": {"uv": [10, 3, 13, 7], "rotation": 90, "texture": "#0"}
			}
		},
		{
			"from": [6.5, 15, 3],
			"to": [9.5, 15, 7],
			"rotation": {"angle": -45, "axis": "x", "origin": [8, 15, 5]},
			"faces": {
				"up": {"uv": [10, 9, 13, 13], "texture": "#0"},
				"down": {"uv": [10, 9, 13, 13], "texture": "#0"}
			}
		},
		{
			"from": [6.5, 13, 0],
			"to": [9.5, 13, 2],
			"rotation": {"angle": 0, "axis": "x", "origin": [8, 13, 0]},
			"faces": {
				"up": {"uv": [10, 0, 13, 2], "texture": "#0"},
				"down": {"uv": [10, 14, 13, 16], "texture": "#0"}
			}
		}
	],
	"display": {
		"thirdperson_righthand": {
			"scale": [1, 4, 1]
		},
		"head": {
			"rotation": [-6, 0, 6],
			"translation": [6, 0, 7],
			"scale": [2, 4, 2]
		},
		"fixed": {
			"rotation": [-94, 0, 4],
			"translation": [9, 9, -80],
			"scale": [2, 4, 2]
		}
	}
}