{
	"credit": "Made by 古銅/斜向(@hsmkai) with Blockbench",
	"textures": {
		"1": "block/spot_light",
		"2": "block/spot_light-base",
		"particle": "block/spot_light-base"
	},
	"elements": [
		{
			"from": [4.49717, -5.92009, 0.06356],
			"to": [4.49717, 24.07991, 13.93636],
			"shade": false,
			"rotation": {"angle": -22.5, "axis": "z", "origin": [-15.25, 16, -7], "rescale": true},
			"faces": {
				"east": {"uv": [16, 16, 7, 0], "texture": "#1"},
				"west": {"uv": [7, 16, 16, 0], "texture": "#1"}
			}
		},
		{
			"from": [11.50283, -5.92009, 0.06356],
			"to": [11.50283, 24.07991, 13.93636],
			"shade": false,
			"rotation": {"angle": 22.5, "axis": "z", "origin": [31.25, 16, -7], "rescale": true},
			"faces": {
				"east": {"uv": [16, 16, 7, 0], "texture": "#1"},
				"west": {"uv": [7, 16, 16, 0], "texture": "#1"}
			}
		},
		{
			"from": [-4.9364, -5.9201, 4.5028],
			"to": [20.9364, 24.0799, 4.5028],
			"shade": false,
			"rotation": {"angle": -22.5, "axis": "x", "origin": [16, 16, 24.25], "rescale": true},
			"faces": {
				"north": {"uv": [16, 16, 0, 0], "texture": "#1"},
				"south": {"uv": [16, 16, 0, 0], "texture": "#1"}
			}
		},
		{
			"from": [-4.9364, -15.9201, 0.4028],
			"to": [20.9364, 16.0799, 0.4028],
			"shade": false,
			"rotation": {"angle": 0, "axis": "x", "origin": [16, 8, 20.15]},
			"faces": {
				"north": {"uv": [16, 16, 0, 0], "texture": "#1"},
				"south": {"uv": [16, 16, 0, 0], "texture": "#1"}
			}
		},
		{
			"from": [6, 13, 0],
			"to": [10, 16, 3],
			"rotation": {"angle": 0, "axis": "y", "origin": [17, 23, 6]},
			"faces": {
				"east": {"uv": [3, 13, 5, 16], "texture": "#2"},
				"south": {"uv": [1, 13, 5, 15], "texture": "#2"},
				"west": {"uv": [3, 13, 5, 16], "texture": "#2"},
				"up": {"uv": [1, 13, 5, 16], "texture": "#2"},
				"down": {"uv": [1, 8, 5, 10], "texture": "#2"}
			}
		}
	],
	"display": {
		"thirdperson_righthand": {
			"scale": [1, 4, 1]
		},
		"head": {
			"rotation": [-6, 0, 6],
			"translation": [6, 0, 7],
			"scale": [2, 4, 2]
		},
		"fixed": {
			"rotation": [-94, 0, 4],
			"translation": [9, 9, -80],
			"scale": [2, 4, 2]
		}
	}
}