{
	"credit": "Made by 古銅/斜向(@hsmkai) with Blockbench",
	"textures": {
		"1": "block/spot_light",
		"2": "block/spot_light-base",
		"particle": "block/spot_light-base"
	},
	"elements": [
		{
			"from": [4.49717, -5.92009, -4.93644],
			"to": [4.49717, 24.07991, 20.93636],
			"shade": false,
			"rotation": {"angle": -22.5, "axis": "z", "origin": [-15.25, 16, 0], "rescale": true},
			"faces": {
				"east": {"uv": [0, 16, 16, 0], "texture": "#1"},
				"west": {"uv": [0, 16, 16, 0], "texture": "#1"}
			}
		},
		{
			"from": [11.50283, -5.92009, -4.93644],
			"to": [11.50283, 24.07991, 20.93636],
			"shade": false,
			"rotation": {"angle": 22.5, "axis": "z", "origin": [31.25, 16, 0], "rescale": true},
			"faces": {
				"east": {"uv": [16, 16, 0, 0], "texture": "#1"},
				"west": {"uv": [16, 16, 0, 0], "texture": "#1"}
			}
		},
		{
			"from": [-4.9364, -5.9201, 11.5028],
			"to": [20.9364, 24.0799, 11.5028],
			"shade": false,
			"rotation": {"angle": -22.5, "axis": "x", "origin": [16, 16, 31.25], "rescale": true},
			"faces": {
				"north": {"uv": [16, 16, 0, 0], "texture": "#1"},
				"south": {"uv": [16, 16, 0, 0], "texture": "#1"}
			}
		},
		{
			"from": [-4.9364, -5.9201, 4.4972],
			"to": [20.9364, 24.0799, 4.4972],
			"shade": false,
			"rotation": {"angle": 22.5, "axis": "x", "origin": [16, 16, -15.25], "rescale": true},
			"faces": {
				"north": {"uv": [0, 16, 16, 0], "texture": "#1"},
				"south": {"uv": [0, 16, 16, 0], "texture": "#1"}
			}
		},
		{
			"from": [5, 15, 5],
			"to": [11, 16, 11],
			"rotation": {"angle": 0, "axis": "y", "origin": [17, 23, 14]},
			"faces": {
				"north": {"uv": [0, 15, 6, 16], "texture": "#2"},
				"east": {"uv": [0, 15, 6, 16], "texture": "#2"},
				"south": {"uv": [0, 15, 6, 16], "texture": "#2"},
				"west": {"uv": [0, 15, 6, 16], "texture": "#2"},
				"up": {"uv": [0, 7, 6, 13], "texture": "#2", "cullface": "up"},
				"down": {"uv": [0, 7, 6, 13], "texture": "#2"}
			}
		},
		{
			"from": [6, 13, 6],
			"to": [10, 15, 10],
			"rotation": {"angle": 0, "axis": "y", "origin": [17, 23, 14]},
			"faces": {
				"north": {"uv": [1, 13, 5, 15], "texture": "#2"},
				"east": {"uv": [1, 13, 5, 15], "texture": "#2"},
				"south": {"uv": [1, 13, 5, 15], "texture": "#2"},
				"west": {"uv": [1, 13, 5, 15], "texture": "#2"},
				"down": {"uv": [1, 8, 5, 12], "texture": "#2"}
			}
		}
	],
	"display": {
		"thirdperson_righthand": {
			"scale": [1, 4, 1]
		},
		"head": {
			"rotation": [-6, 0, 6],
			"translation": [6, 0, 7],
			"scale": [2, 4, 2]
		},
		"fixed": {
			"rotation": [-94, 0, 4],
			"translation": [9, 9, -80],
			"scale": [2, 4, 2]
		}
	}
}