{
	"credit": "Made with Blockbench",
	"textures": {
		"0": "block/syoukaki",
		"1": "block/syoukaki_base",
		"particle": "block/syoukaki"
	},
	"elements": [
		{
			"from": [5, 2, 5],
			"to": [11, 16, 11],
			"rotation": {"angle": 0, "axis": "y", "origin": [14, 8, 10]},
			"faces": {
				"north": {"uv": [6, 2, 12, 16], "texture": "#0"},
				"east": {"uv": [6, 2, 12, 16], "texture": "#0"},
				"south": {"uv": [0, 2, 6, 16], "texture": "#0"},
				"west": {"uv": [6, 2, 12, 16], "texture": "#0"},
				"up": {"uv": [6, 2, 12, 8], "texture": "#0"}
			}
		},
		{
			"from": [6, 16, 6],
			"to": [10, 17, 10],
			"rotation": {"angle": 0, "axis": "y", "origin": [14, 11, 11]},
			"faces": {
				"north": {"uv": [12, 15, 16, 16], "texture": "#0"},
				"east": {"uv": [12, 15, 16, 16], "texture": "#0"},
				"south": {"uv": [12, 15, 16, 16], "texture": "#0"},
				"west": {"uv": [12, 15, 16, 16], "texture": "#0"},
				"up": {"uv": [12, 12, 16, 16], "texture": "#0"}
			}
		},
		{
			"from": [4, 8, 7],
			"to": [5, 17, 8],
			"rotation": {"angle": 0, "axis": "y", "origin": [7, 11, 11]},
			"faces": {
				"north": {"uv": [15, 3, 16, 12], "texture": "#0"},
				"east": {"uv": [15, 3, 16, 12], "texture": "#0"},
				"south": {"uv": [15, 3, 16, 12], "texture": "#0"},
				"west": {"uv": [15, 3, 16, 12], "texture": "#0"},
				"up": {"uv": [15, 3, 16, 4], "texture": "#0"},
				"down": {"uv": [15, 3, 16, 4], "texture": "#0"}
			}
		},
		{
			"from": [5, 17, 7],
			"to": [7, 18, 8],
			"rotation": {"angle": 0, "axis": "y", "origin": [7, 12, 11]},
			"faces": {
				"north": {"uv": [0, 0, 2, 1], "texture": "#0"},
				"south": {"uv": [0, 0, 2, 1], "texture": "#0"},
				"west": {"uv": [0, 0, 1, 1], "texture": "#0"},
				"up": {"uv": [0, 0, 2, 1], "texture": "#0"},
				"down": {"uv": [0, 0, 1, 1], "texture": "#0"}
			}
		},
		{
			"from": [9, 20, 7],
			"to": [12, 21, 9],
			"rotation": {"angle": 0, "axis": "y", "origin": [14, 15, 11]},
			"faces": {
				"north": {"uv": [0, 0, 3, 1], "texture": "#0"},
				"east": {"uv": [0, 1, 2, 2], "texture": "#0"},
				"south": {"uv": [0, 0, 3, 1], "texture": "#0"},
				"west": {"uv": [0, 1, 2, 2], "texture": "#0", "cullface": "south"},
				"up": {"uv": [0, 0, 3, 2], "texture": "#0"},
				"down": {"uv": [0, 0, 3, 2], "texture": "#0"}
			}
		},
		{
			"from": [9, 18, 7],
			"to": [12, 19, 9],
			"rotation": {"angle": 0, "axis": "y", "origin": [14, 13, 11]},
			"faces": {
				"north": {"uv": [0, 0, 3, 1], "texture": "#0"},
				"east": {"uv": [0, 1, 2, 2], "texture": "#0"},
				"south": {"uv": [0, 0, 3, 1], "texture": "#0"},
				"up": {"uv": [0, 0, 3, 2], "texture": "#0"},
				"down": {"uv": [0, 0, 3, 2], "texture": "#0"}
			}
		},
		{
			"from": [7, 17, 7],
			"to": [9, 21, 9],
			"rotation": {"angle": 0, "axis": "y", "origin": [14, 16, 11]},
			"faces": {
				"north": {"uv": [0, 0, 4, 2], "rotation": 270, "texture": "#0"},
				"east": {"uv": [0, 0, 4, 2], "rotation": 270, "texture": "#0"},
				"south": {"uv": [0, 0, 4, 2], "rotation": 270, "texture": "#0"},
				"west": {"uv": [0, 0, 4, 2], "rotation": 270, "texture": "#0"},
				"up": {"uv": [3, 0, 5, 2], "texture": "#0"}
			}
		},
		{
			"from": [3, 0, 3],
			"to": [13, 2, 13],
			"rotation": {"angle": 0, "axis": "y", "origin": [14, 9, 10]},
			"faces": {
				"north": {"uv": [5, 15, 0, 16], "texture": "#1", "cullface": "north"},
				"east": {"uv": [0, 11, 5, 12], "texture": "#1"},
				"south": {"uv": [0, 15, 5, 16], "texture": "#1"},
				"west": {"uv": [5, 15, 0, 16], "texture": "#1"},
				"up": {"uv": [0, 11, 5, 16], "texture": "#1"},
				"down": {"uv": [0, 11, 5, 16], "texture": "#1", "cullface": "down"}
			}
		}
	],
	"display": {
		"thirdperson_righthand": {
			"scale": [1, 4, 1]
		},
		"head": {
			"rotation": [-6, 0, 6],
			"translation": [6, 0, 7],
			"scale": [2, 4, 2]
		},
		"fixed": {
			"rotation": [-94, 0, 4],
			"translation": [9, 9, -80],
			"scale": [2, 4, 2]
		}
	}
}