{
	"credit": "Made by 古銅/斜向(@hsmkai) with Blockbench",
	"parent": "block/cube_all",
	"textures": {
		"1": "block/ventilation",
		"3": "block/white_terracotta",
		"particle": "block/ventilation"
	},
	"elements": [
		{
			"from": [4, 5, 0],
			"to": [5, 11, 2],
			"rotation": {"angle": 0, "axis": "y", "origin": [3, 8, -8]},
			"faces": {
				"east": {"uv": [5, 11, 7, 5], "texture": "#1", "cullface": "south"},
				"west": {"uv": [0, 5, 2, 11], "texture": "#1", "cullface": "south"}
			}
		},
		{
			"from": [11, 5, 0],
			"to": [12, 11, 2],
			"rotation": {"angle": 0, "axis": "y", "origin": [10, 8, -8]},
			"faces": {
				"east": {"uv": [12, 5, 14, 11], "texture": "#1", "cullface": "south"},
				"west": {"uv": [5, 11, 7, 5], "texture": "#1", "cullface": "south"}
			}
		},
		{
			"from": [11, 7, 2],
			"to": [12, 11, 3],
			"rotation": {"angle": 0, "axis": "y", "origin": [10, 8, -6]},
			"faces": {
				"east": {"uv": [3, 5, 4, 9], "texture": "#1", "cullface": "south"},
				"west": {"uv": [7, 11, 8, 7], "texture": "#1", "cullface": "south"}
			}
		},
		{
			"from": [4, 7, 2],
			"to": [5, 11, 3],
			"rotation": {"angle": 0, "axis": "y", "origin": [3, 8, -6]},
			"faces": {
				"east": {"uv": [7, 11, 8, 7], "texture": "#1", "cullface": "south"},
				"west": {"uv": [3, 5, 4, 9], "texture": "#1", "cullface": "south"}
			}
		},
		{
			"from": [4.025, 4, 0],
			"to": [4.975, 11.6, 2],
			"rotation": {"angle": 22.5, "axis": "x", "origin": [4, 4, 2]},
			"faces": {
				"east": {"uv": [5, 11, 7, 5], "texture": "#1", "cullface": "south"},
				"south": {"uv": [4, 4, 5, 12], "texture": "#1", "cullface": "south"},
				"west": {"uv": [3, 4, 5, 12], "texture": "#1", "cullface": "south"}
			}
		},
		{
			"from": [11.025, 4, 0],
			"to": [11.975, 11.6, 2],
			"rotation": {"angle": 22.5, "axis": "x", "origin": [10.975, 4, 2]},
			"faces": {
				"east": {"uv": [3, 4, 5, 12], "texture": "#1", "cullface": "south"},
				"south": {"uv": [4, 4, 5, 12], "texture": "#1", "cullface": "south"},
				"west": {"uv": [5, 11, 7, 5], "texture": "#1", "cullface": "south"}
			}
		},
		{
			"from": [4, 11, 0],
			"to": [12, 12, 4.9],
			"rotation": {"angle": 0, "axis": "y", "origin": [5, 10, -8]},
			"faces": {
				"east": {"uv": [10, 4, 16, 5], "texture": "#1", "cullface": "south"},
				"south": {"uv": [4, 4, 12, 5], "texture": "#1", "cullface": "south"},
				"west": {"uv": [0, 4, 6, 5], "texture": "#1", "cullface": "south"},
				"up": {"uv": [4, 0, 12, 5], "texture": "#1", "cullface": "south"},
				"down": {"uv": [4, 5, 12, 10], "texture": "#1", "cullface": "south"}
			}
		},
		{
			"from": [4, 4, 0],
			"to": [12, 5, 2],
			"rotation": {"angle": 0, "axis": "y", "origin": [5, 3, -8]},
			"faces": {
				"east": {"uv": [14, 11, 16, 12], "texture": "#1", "cullface": "south"},
				"south": {"uv": [4, 11, 12, 12], "texture": "#1", "cullface": "south"},
				"west": {"uv": [0, 11, 2, 12], "texture": "#1", "cullface": "south"},
				"up": {"uv": [4, 5, 12, 8], "texture": "#1", "cullface": "south"},
				"down": {"uv": [4, 11, 12, 13], "texture": "#1", "cullface": "south"}
			}
		},
		{
			"from": [4, 4, 0],
			"to": [12, 12, 0.1],
			"rotation": {"angle": 0, "axis": "y", "origin": [5, 3, -10]},
			"faces": {
				"north": {"uv": [4, 4, 12, 12], "texture": "#3"},
				"south": {"uv": [4, 12, 12, 4], "texture": "#1", "cullface": "south"}
			}
		}
	]
}