{
	"credit": "Made by 古銅/斜向(@hsmkai) with Blockbench",
	"textures": {
		"0": "block/light",
		"particle": "block/light"
	},
	"elements": [
		{
			"from": [0, -16, 0],
			"to": [19.882, 32, 19.882],
			"shade": false,
			"faces": {
				"north": {"uv": [0, 0, 16, 16], "texture": "#0"},
				"west": {"uv": [16, 0, 0, 16], "texture": "#0"}
			}
		},
		{
			"from": [0, -16, 0],
			"to": [19.882, 32, 0],
			"shade": false,
			"rotation": {"angle": 22.5, "axis": "x", "origin": [0, -16, 0], "rescale": true},
			"faces": {
				"south": {"uv": [16, 0, 0, 16], "texture": "#0"}
			}
		},
		{
			"from": [0, -16, 0],
			"to": [0, 32, 19.882],
			"shade": false,
			"rotation": {"angle": -22.5, "axis": "z", "origin": [0, -16, 0], "rescale": true},
			"faces": {
				"north": {"uv": [0, 0, 16, 16], "texture": "#0"},
				"east": {"uv": [0, 0, 16, 16], "texture": "#0"}
			}
		}
	],
	"display": {
		"thirdperson_righthand": {
			"scale": [1, 4, 1]
		},
		"head": {
			"rotation": [-6, 0, 6],
			"translation": [6, 0, 7],
			"scale": [2, 4, 2]
		},
		"fixed": {
			"rotation": [-94, 0, 4],
			"translation": [9, 9, -80],
			"scale": [2, 4, 2]
		}
	}
}