{
    "providers": [
        {
            "type": "bitmap",
            "file": "minecraft:font/museum.png",
            "height": 96,
            "ascent": 33,
            "chars": [
                "ab"
            ]
        },
        {
            "type": "bitmap",
            "file": "minecraft:font/butterflies.png",
            "height": 30,
            "ascent": 30,
            "chars": [
                "\u0109\u0100\u0101\u0102\u0103\u0104\u0105\u0106\u0107\u0108"
            ]
        },
        {
            "type": "bitmap",
            "file": "minecraft:font/butterflies.png",
            "height": 30,
            "ascent": 10,
            "chars": [
                "\u0119\u0110\u0111\u0112\u0113\u0114\u0115\u0116\u0117\u0118"
            ]
        },
        {
            "type": "bitmap",
            "file": "minecraft:font/butterflies.png",
            "height": 30,
            "ascent": -10,
            "chars": [
                "\u0129\u0120\u0121\u0122\u0123\u0124\u0125\u0126\u0127\u0128"
            ]
        }
    ]
}