{
	"credit": "Made with Blockbench",
	"textures": {
		"3": "item/bone/ankylosaurus-spine",
		"5": "item/bone/ankylosaurus-rib",
		"8": "item/bone/ankylosaurus-armor",
		"9": "item/bone/ankylosaurus-leg",
		"particle": "デスクトップ/anky"
	},
	"elements": [
		{
			"from": [28, -15.8385, 2.94151],
			"to": [29.75, -15.3385, 4.69151],
			"rotation": {"angle": 22.5, "axis": "x", "origin": [28.875, -21.0885, 3.81651]},
			"faces": {
				"north": {"uv": [13, 7, 14.75, 7.5], "texture": "#9"},
				"east": {"uv": [13, 8, 14.75, 8.5], "texture": "#9"},
				"south": {"uv": [11, 13, 12.75, 13.5], "texture": "#9"},
				"west": {"uv": [13, 13, 14.75, 13.5], "texture": "#9"},
				"up": {"uv": [10.75, 7.75, 9, 6], "texture": "#9"},
				"down": {"uv": [9.75, 9, 8, 10.75], "texture": "#9"}
			}
		},
		{
			"from": [22.25131, -10, 5.50026],
			"to": [23.00131, -8.25, 10.25026],
			"rotation": {"angle": -22.5, "axis": "y", "origin": [22.62631, -9.125, 7.87526]},
			"faces": {
				"north": {"uv": [12.75, 4, 12, 5.75], "texture": "#9"},
				"east": {"uv": [4.75, 2, 0, 3.75], "texture": "#9"},
				"south": {"uv": [6.75, 12, 6, 13.75], "texture": "#9"},
				"west": {"uv": [4.75, 0, 0, 1.75], "texture": "#9"},
				"up": {"uv": [8, 8.75, 8.75, 4], "texture": "#9"},
				"down": {"uv": [0, 9, 0.75, 13.75], "texture": "#9"}
			}
		},
		{
			"from": [22.25, -13.25, 7.75],
			"to": [23.25, -9.75, 9],
			"rotation": {"angle": -22.5, "axis": "x", "origin": [22.5, -11, 7.375]},
			"faces": {
				"north": {"uv": [6, 0, 5, 3.5], "texture": "#9"},
				"east": {"uv": [9.25, 0, 8, 3.5], "texture": "#9"},
				"south": {"uv": [2, 9, 1, 12.5], "texture": "#9"},
				"west": {"uv": [7.25, 5, 6, 8.5], "texture": "#9"},
				"up": {"uv": [7, 13.25, 8, 12], "texture": "#9"},
				"down": {"uv": [12, 7, 13, 8.25], "texture": "#9"}
			}
		},
		{
			"from": [22.75, -13.81954, 8.34467],
			"to": [23.5, -11.31954, 9.09467],
			"rotation": {"angle": 22.5, "axis": "x", "origin": [23.125, -13.31954, 6.46967]},
			"faces": {
				"north": {"uv": [11.75, 7, 11, 9.5], "texture": "#9"},
				"east": {"uv": [11.75, 10, 11, 12.5], "texture": "#9"},
				"south": {"uv": [10.75, 11, 10, 13.5], "texture": "#9"},
				"west": {"uv": [9.75, 11, 9, 13.5], "texture": "#9"},
				"up": {"uv": [0, 14.75, 0.75, 14], "texture": "#9"},
				"down": {"uv": [2, 14, 2.75, 14.75], "texture": "#9"}
			}
		},
		{
			"from": [22.5, -15.5, 8.25],
			"to": [23.75, -14, 8.75],
			"rotation": {"angle": 0, "axis": "x", "origin": [23.125, -14.75, 8.5]},
			"faces": {
				"north": {"uv": [13.25, 0, 12, 1.5], "texture": "#9"},
				"east": {"uv": [1.5, 13, 1, 14.5], "texture": "#9"},
				"south": {"uv": [3.25, 12, 2, 13.5], "texture": "#9"},
				"west": {"uv": [8.5, 12, 8, 13.5], "texture": "#9"},
				"up": {"uv": [14, 0.5, 15.25, 0], "texture": "#9"},
				"down": {"uv": [14, 1, 15.25, 1.5], "texture": "#9"}
			}
		},
		{
			"from": [22.25, -15.8385, 6.19151],
			"to": [24, -15.3385, 7.94151],
			"rotation": {"angle": 22.5, "axis": "x", "origin": [23.125, -20.5885, 7.06651]},
			"faces": {
				"north": {"uv": [14.75, 7, 13, 7.5], "texture": "#9"},
				"east": {"uv": [14.75, 13, 13, 13.5], "texture": "#9"},
				"south": {"uv": [12.75, 13, 11, 13.5], "texture": "#9"},
				"west": {"uv": [14.75, 8, 13, 8.5], "texture": "#9"},
				"up": {"uv": [9, 7.75, 10.75, 6], "texture": "#9"},
				"down": {"uv": [8, 9, 9.75, 10.75], "texture": "#9"}
			}
		},
		{
			"from": [24.75, -9.5, 5.75],
			"to": [27.25, -7.5, 10],
			"rotation": {"angle": 0, "axis": "y", "origin": [18, -16, 0]},
			"faces": {
				"north": {"uv": [1.5, 6, 2.75, 7], "texture": "#3"},
				"east": {"uv": [3, 0, 5.125, 1], "texture": "#3"},
				"south": {"uv": [3, 6, 4.25, 7], "texture": "#3"},
				"west": {"uv": [3, 1, 5.125, 2], "texture": "#3"},
				"up": {"uv": [1.25, 2.125, 0, 0], "texture": "#3"},
				"down": {"uv": [2.75, 0, 1.5, 2.125], "texture": "#3"}
			}
		},
		{
			"from": [24.5, -9.75, 13.5],
			"to": [27.5, -7.75, 16.25],
			"rotation": {"angle": 0, "axis": "y", "origin": [18, -16, 0]},
			"faces": {
				"north": {"uv": [4.5, 3, 6, 4], "texture": "#3"},
				"east": {"uv": [5, 5, 6.375, 6], "texture": "#3"},
				"south": {"uv": [4.5, 4, 6, 5], "texture": "#3"},
				"west": {"uv": [0, 5.5, 1.375, 6.5], "texture": "#3"},
				"up": {"uv": [4.5, 3.375, 3, 2], "texture": "#3"},
				"down": {"uv": [4.5, 3.5, 3, 4.875], "texture": "#3"}
			}
		},
		{
			"from": [24.75, -10.5, 16.25],
			"to": [27.25, -8.5, 18.25],
			"rotation": {"angle": 0, "axis": "y", "origin": [18, -16, 0]},
			"faces": {
				"north": {"uv": [6, 3, 7.25, 4], "texture": "#3"},
				"east": {"uv": [6.5, 5, 7.5, 6], "texture": "#3"},
				"south": {"uv": [6, 4, 7.25, 5], "texture": "#3"},
				"west": {"uv": [3.5, 7, 4.5, 8], "texture": "#3"},
				"up": {"uv": [5.75, 7, 4.5, 6], "texture": "#3"},
				"down": {"uv": [7.25, 6, 6, 7], "texture": "#3"}
			}
		},
		{
			"from": [24.75, -11.5, 18.25],
			"to": [27.25, -9.5, 19.25],
			"rotation": {"angle": 0, "axis": "y", "origin": [18, -16, 0]},
			"faces": {
				"north": {"uv": [0, 6.5, 1.25, 7.5], "texture": "#3"},
				"east": {"uv": [1, 7.5, 1.5, 8.5], "texture": "#3"},
				"south": {"uv": [6.5, 2, 7.75, 3], "texture": "#3"},
				"west": {"uv": [6, 9, 6.5, 10], "texture": "#3"},
				"up": {"uv": [9.75, 8.5, 8.5, 8], "texture": "#3"},
				"down": {"uv": [9.75, 8.5, 8.5, 9], "texture": "#3"}
			}
		},
		{
			"from": [24.75, -11.5, 19.25],
			"to": [27.25, -10, 20.5],
			"rotation": {"angle": 0, "axis": "y", "origin": [18, -16, 0]},
			"faces": {
				"north": {"uv": [7.5, 3, 8.75, 3.75], "texture": "#3"},
				"east": {"uv": [9.5, 9.5, 10.125, 10.25], "texture": "#3"},
				"south": {"uv": [7.5, 4, 8.75, 4.75], "texture": "#3"},
				"west": {"uv": [0, 10, 0.625, 10.75], "texture": "#3"},
				"up": {"uv": [8.75, 7.625, 7.5, 7], "texture": "#3"},
				"down": {"uv": [9.25, 2, 8, 2.625], "texture": "#3"}
			}
		},
		{
			"from": [24.5, -9.25, 10],
			"to": [27.5, -7.25, 13.5],
			"rotation": {"angle": 0, "axis": "y", "origin": [18, -16, 0]},
			"faces": {
				"north": {"uv": [2, 5, 3.5, 6], "texture": "#3"},
				"east": {"uv": [0, 4.5, 1.75, 5.5], "texture": "#3"},
				"south": {"uv": [3.5, 5, 5, 6], "texture": "#3"},
				"west": {"uv": [4.5, 2, 6.25, 3], "texture": "#3"},
				"up": {"uv": [1.5, 4.25, 0, 2.5], "texture": "#3"},
				"down": {"uv": [3, 2.5, 1.5, 4.25], "texture": "#3"}
			}
		},
		{
			"from": [25, -10, 4.75],
			"to": [27, -8, 5.75],
			"rotation": {"angle": 0, "axis": "y", "origin": [18, -16, 0]},
			"faces": {
				"north": {"uv": [4.5, 7, 5.5, 8], "texture": "#3"},
				"east": {"uv": [9, 6, 9.5, 7], "texture": "#3"},
				"south": {"uv": [5.5, 7, 6.5, 8], "texture": "#3"},
				"west": {"uv": [6.5, 9, 7, 10], "texture": "#3"},
				"up": {"uv": [3, 5, 2, 4.5], "texture": "#3"},
				"down": {"uv": [8, 9, 7, 9.5], "texture": "#3"}
			}
		},
		{
			"from": [25.25, -11.25, 2.75],
			"to": [26.75, -9.25, 3.75],
			"rotation": {"angle": 0, "axis": "y", "origin": [18, -16, 0]},
			"faces": {
				"north": {"uv": [3.5, 8, 4.25, 9], "texture": "#3"},
				"east": {"uv": [9, 7, 9.5, 8], "texture": "#3"},
				"south": {"uv": [4.5, 8, 5.25, 9], "texture": "#3"},
				"west": {"uv": [8, 9, 8.5, 10], "texture": "#3"},
				"up": {"uv": [8.75, 10.5, 8, 10], "texture": "#3"},
				"down": {"uv": [10.75, 8, 10, 8.5], "texture": "#3"}
			}
		},
		{
			"from": [25.5, -12.25, -2.25],
			"to": [26.5, -11, -0.25],
			"rotation": {"angle": 0, "axis": "y", "origin": [18, -16, 0]},
			"faces": {
				"north": {"uv": [11, 0.5, 11.5, 1.125], "texture": "#3"},
				"east": {"uv": [3, 9, 4, 9.625], "texture": "#3"},
				"south": {"uv": [1, 11, 1.5, 11.625], "texture": "#3"},
				"west": {"uv": [9, 3, 10, 3.625], "texture": "#3"},
				"up": {"uv": [9, 10, 8.5, 9], "texture": "#3"},
				"down": {"uv": [9.5, 9, 9, 10], "texture": "#3"}
			}
		},
		{
			"from": [25.5, -12.25, -4.25],
			"to": [26.5, -11.25, -2.25],
			"rotation": {"angle": 0, "axis": "y", "origin": [18, -16, 0]},
			"faces": {
				"north": {"uv": [1.5, 5.5, 2, 6], "texture": "#3"},
				"east": {"uv": [0, 9.5, 1, 10], "texture": "#3"},
				"south": {"uv": [3, 8.5, 3.5, 9], "texture": "#3"},
				"west": {"uv": [9.5, 0, 10.5, 0.5], "texture": "#3"},
				"up": {"uv": [10, 1.5, 9.5, 0.5], "texture": "#3"},
				"down": {"uv": [1.5, 9.5, 1, 10.5], "texture": "#3"}
			}
		},
		{
			"from": [25.5, -12.5, -6.25],
			"to": [26.5, -11.75, -4.25],
			"rotation": {"angle": 0, "axis": "y", "origin": [18, -16, 0]},
			"faces": {
				"north": {"uv": [5.5, 11, 6, 11.375], "texture": "#3"},
				"east": {"uv": [10, 8.5, 11, 8.875], "texture": "#3"},
				"west": {"uv": [10.5, 0, 11.5, 0.375], "texture": "#3"},
				"up": {"uv": [2, 10.5, 1.5, 9.5], "texture": "#3"},
				"down": {"uv": [10, 1.5, 9.5, 2.5], "texture": "#3"}
			}
		},
		{
			"from": [25.5, -12.25, -8.25],
			"to": [26.5, -11.5, -6.25],
			"rotation": {"angle": 0, "axis": "y", "origin": [18, -16, 0]},
			"faces": {
				"north": {"uv": [11, 6, 11.5, 6.375], "texture": "#3"},
				"east": {"uv": [1, 10.5, 2, 10.875], "texture": "#3"},
				"south": {"uv": [6.5, 11, 7, 11.375], "texture": "#3"},
				"west": {"uv": [2, 10.5, 3, 10.875], "texture": "#3"},
				"up": {"uv": [2.5, 10.5, 2, 9.5], "texture": "#3"},
				"down": {"uv": [3, 9.5, 2.5, 10.5], "texture": "#3"}
			}
		},
		{
			"from": [25, -12, -10.25],
			"to": [27, -11.25, -8.25],
			"rotation": {"angle": 0, "axis": "y", "origin": [18, -16, 0]},
			"faces": {
				"north": {"uv": [10.5, 2.5, 11.5, 2.875], "texture": "#3"},
				"east": {"uv": [6.5, 10.5, 7.5, 10.875], "texture": "#3"},
				"south": {"uv": [10.5, 7, 11.5, 7.375], "texture": "#3"},
				"west": {"uv": [7.5, 10.5, 8.5, 10.875], "texture": "#3"},
				"up": {"uv": [7.5, 8, 6.5, 7], "texture": "#3"},
				"down": {"uv": [1, 7.5, 0, 8.5], "texture": "#3"}
			}
		},
		{
			"from": [25.5, -12, -0.25],
			"to": [26.5, -10.75, 0.75],
			"rotation": {"angle": 0, "axis": "y", "origin": [18, -16, 0]},
			"faces": {
				"north": {"uv": [1.5, 11, 2, 11.625], "texture": "#3"},
				"east": {"uv": [11, 1.5, 11.5, 2.125], "texture": "#3"},
				"south": {"uv": [2, 11, 2.5, 11.625], "texture": "#3"},
				"west": {"uv": [2.5, 11, 3, 11.625], "texture": "#3"},
				"up": {"uv": [7, 10.5, 6.5, 10], "texture": "#3"},
				"down": {"uv": [5, 11, 4.5, 11.5], "texture": "#3"}
			}
		},
		{
			"from": [25.5, -11.75, 0.75],
			"to": [26.5, -10.25, 1.75],
			"rotation": {"angle": 0, "axis": "y", "origin": [18, -16, 0]},
			"faces": {
				"north": {"uv": [9, 10, 9.5, 10.75], "texture": "#3"},
				"east": {"uv": [8.5, 10.5, 9, 11.25], "texture": "#3"},
				"south": {"uv": [10.5, 9, 11, 9.75], "texture": "#3"},
				"west": {"uv": [9.5, 10.5, 10, 11.25], "texture": "#3"},
				"up": {"uv": [11.5, 5, 11, 4.5], "texture": "#3"},
				"down": {"uv": [5.5, 11, 5, 11.5], "texture": "#3"}
			}
		},
		{
			"from": [25.25, -11.5, 1.75],
			"to": [26.75, -9.75, 2.75],
			"rotation": {"angle": 0, "axis": "y", "origin": [18, -16, 0]},
			"faces": {
				"north": {"uv": [8.5, 1, 9.25, 1.875], "texture": "#3"},
				"east": {"uv": [7.5, 9.5, 8, 10.375], "texture": "#3"},
				"south": {"uv": [2, 8.5, 2.75, 9.375], "texture": "#3"},
				"west": {"uv": [5, 10, 5.5, 10.875], "texture": "#3"},
				"up": {"uv": [11.25, 8, 10.5, 7.5], "texture": "#3"},
				"down": {"uv": [10.75, 10.5, 10, 11], "texture": "#3"}
			}
		},
		{
			"from": [25, -10.5, 3.75],
			"to": [27, -8.5, 4.75],
			"rotation": {"angle": 0, "axis": "y", "origin": [18, -16, 0]},
			"faces": {
				"north": {"uv": [7.5, 0, 8.5, 1], "texture": "#3"},
				"east": {"uv": [9.5, 6, 10, 7], "texture": "#3"},
				"south": {"uv": [7.5, 1, 8.5, 2], "texture": "#3"},
				"west": {"uv": [7, 9.5, 7.5, 10.5], "texture": "#3"},
				"up": {"uv": [10.5, 3, 9.5, 2.5], "texture": "#3"},
				"down": {"uv": [10.5, 7, 9.5, 7.5], "texture": "#3"}
			}
		},
		{
			"from": [25.25, -11.75, 24.25],
			"to": [26.75, -11, 26.25],
			"rotation": {"angle": 22.5, "axis": "x", "origin": [27.5, -10.75, 25.25]},
			"faces": {
				"north": {"uv": [3.5, 11, 4.25, 11.375], "texture": "#3"},
				"east": {"uv": [10.5, 10, 11.5, 10.375], "texture": "#3"},
				"south": {"uv": [11, 4, 11.75, 4.375], "texture": "#3"},
				"west": {"uv": [0, 11, 1, 11.375], "texture": "#3"},
				"up": {"uv": [6.25, 9, 5.5, 8], "texture": "#3"},
				"down": {"uv": [7.25, 8, 6.5, 9], "texture": "#3"}
			}
		},
		{
			"from": [25, -11.75, 20.5],
			"to": [27, -10.5, 21.5],
			"rotation": {"angle": 0, "axis": "y", "origin": [18, -16, 0]},
			"faces": {
				"north": {"uv": [4, 9, 5, 9.625], "texture": "#3"},
				"east": {"uv": [3, 11, 3.5, 11.625], "texture": "#3"},
				"south": {"uv": [9, 4, 10, 4.625], "texture": "#3"},
				"west": {"uv": [11, 3, 11.5, 3.625], "texture": "#3"},
				"up": {"uv": [10.5, 8, 9.5, 7.5], "texture": "#3"},
				"down": {"uv": [10.5, 9, 9.5, 9.5], "texture": "#3"}
			}
		},
		{
			"from": [25.25, -11.25, 23],
			"to": [26.75, -10, 24.25],
			"rotation": {"angle": 0, "axis": "y", "origin": [18, -16, 0]},
			"faces": {
				"north": {"uv": [10, 0.5, 10.75, 1.125], "texture": "#3"},
				"east": {"uv": [5.5, 10, 6.125, 10.625], "texture": "#3"},
				"south": {"uv": [10, 1.5, 10.75, 2.125], "texture": "#3"},
				"west": {"uv": [10, 6, 10.625, 6.625], "texture": "#3"},
				"up": {"uv": [3.75, 10.625, 3, 10], "texture": "#3"},
				"down": {"uv": [10.75, 3, 10, 3.625], "texture": "#3"}
			}
		},
		{
			"from": [24.25, -11, 24],
			"to": [27.75, -10.5, 25.5],
			"rotation": {"angle": 22.5, "axis": "x", "origin": [27.5, -10.75, 25.25]},
			"faces": {
				"north": {"uv": [10, 5, 11.75, 5.25], "texture": "#3"},
				"east": {"uv": [11, 6.5, 11.75, 6.75], "texture": "#3"},
				"south": {"uv": [10, 5.5, 11.75, 5.75], "texture": "#3"},
				"west": {"uv": [7, 11, 7.75, 11.25], "texture": "#3"},
				"up": {"uv": [7.25, 0.75, 5.5, 0], "texture": "#3"},
				"down": {"uv": [7.25, 1, 5.5, 1.75], "texture": "#3"}
			}
		},
		{
			"from": [25, -11.5, 24],
			"to": [27, -10, 26.5],
			"rotation": {"angle": 22.5, "axis": "x", "origin": [27.5, -10.75, 25.25]},
			"faces": {
				"north": {"uv": [7.5, 8, 8.5, 8.75], "texture": "#3"},
				"east": {"uv": [7.5, 5, 8.75, 5.75], "texture": "#3"},
				"south": {"uv": [0, 8.5, 1, 9.25], "texture": "#3"},
				"west": {"uv": [7.5, 6, 8.75, 6.75], "texture": "#3"},
				"up": {"uv": [2.5, 8.25, 1.5, 7], "texture": "#3"},
				"down": {"uv": [3.5, 7, 2.5, 8.25], "texture": "#3"}
			}
		},
		{
			"from": [25, -11.5, 21.5],
			"to": [27, -10.25, 23],
			"rotation": {"angle": 0, "axis": "y", "origin": [18, -16, 0]},
			"faces": {
				"north": {"uv": [5, 9, 6, 9.625], "texture": "#3"},
				"east": {"uv": [4, 10, 4.75, 10.625], "texture": "#3"},
				"south": {"uv": [9, 5, 10, 5.625], "texture": "#3"},
				"west": {"uv": [10, 4, 10.75, 4.625], "texture": "#3"},
				"up": {"uv": [9.5, 0.75, 8.5, 0], "texture": "#3"},
				"down": {"uv": [2, 8.5, 1, 9.25], "texture": "#3"}
			}
		},
		{
			"name": "x",
			"from": [23.5, -12, 19],
			"to": [28.5, -10.5, 20],
			"rotation": {"angle": 0, "axis": "y", "origin": [18, -16, 0]},
			"faces": {
				"east": {"uv": [3.5, 4.5, 4, 5.25], "texture": "#5"},
				"west": {"uv": [6.5, 2, 7, 2.75], "texture": "#5"},
				"up": {"uv": [8, 6.5, 5.5, 6], "texture": "#5"}
			}
		},
		{
			"name": "x",
			"from": [28.5, -12, 19],
			"to": [23.5, -10.5, 20],
			"rotation": {"angle": 0, "axis": "y", "origin": [18, -16, 0]},
			"faces": {
				"east": {"uv": [3.5, 4.5, 4, 5.25], "texture": "#5"},
				"west": {"uv": [6.5, 2, 7, 2.75], "texture": "#5"},
				"up": {"uv": [8, 6.5, 5.5, 6], "texture": "#5"}
			}
		},
		{
			"name": "x",
			"from": [23.25, -12.25, 18],
			"to": [28.75, -9.75, 19],
			"rotation": {"angle": 0, "axis": "y", "origin": [18, -16, 0]},
			"faces": {
				"east": {"uv": [4.5, 0, 5, 1.25], "texture": "#5"},
				"west": {"uv": [5, 0, 5.5, 1.25], "texture": "#5"},
				"up": {"uv": [8.25, 6, 5.5, 5.5], "texture": "#5"}
			}
		},
		{
			"name": "x",
			"from": [28.75, -12.25, 18],
			"to": [23.25, -9.75, 19],
			"rotation": {"angle": 0, "axis": "y", "origin": [18, -16, 0]},
			"faces": {
				"east": {"uv": [4.5, 0, 5, 1.25], "texture": "#5"},
				"west": {"uv": [5, 0, 5.5, 1.25], "texture": "#5"},
				"up": {"uv": [8.25, 6, 5.5, 5.5], "texture": "#5"}
			}
		},
		{
			"name": "x",
			"from": [22.75, -12.5, 16],
			"to": [29.25, -9, 18],
			"rotation": {"angle": 0, "axis": "y", "origin": [18, -16, 0]},
			"faces": {
				"east": {"uv": [1.5, 5.5, 2.5, 7.25], "texture": "#5"},
				"west": {"uv": [5.5, 2, 6.5, 3.75], "texture": "#5"},
				"up": {"uv": [3.25, 5.5, 0, 4.5], "texture": "#5"}
			}
		},
		{
			"name": "x",
			"from": [29.25, -12.5, 16],
			"to": [22.75, -9, 18],
			"rotation": {"angle": 0, "axis": "y", "origin": [18, -16, 0]},
			"faces": {
				"east": {"uv": [1.5, 5.5, 2.5, 7.25], "texture": "#5"},
				"west": {"uv": [5.5, 2, 6.5, 3.75], "texture": "#5"},
				"up": {"uv": [3.25, 5.5, 0, 4.5], "texture": "#5"}
			}
		},
		{
			"name": "x",
			"from": [22.25, -13, 13.25],
			"to": [29.75, -8.25, 16],
			"rotation": {"angle": 0, "axis": "y", "origin": [18, -16, 0]},
			"faces": {
				"east": {"uv": [4, 1.5, 5.375, 3.875], "texture": "#5"},
				"west": {"uv": [4, 4, 5.375, 6.375], "texture": "#5"},
				"up": {"uv": [3.75, 2.875, 0, 1.5], "texture": "#5"}
			}
		},
		{
			"name": "x",
			"from": [29.75, -13, 13.25],
			"to": [22.25, -8.25, 16],
			"rotation": {"angle": 0, "axis": "y", "origin": [18, -16, 0]},
			"faces": {
				"east": {"uv": [4, 1.5, 5.375, 3.875], "texture": "#5"},
				"west": {"uv": [4, 4, 5.375, 6.375], "texture": "#5"},
				"up": {"uv": [3.75, 2.875, 0, 1.5], "texture": "#5"}
			}
		},
		{
			"name": "x",
			"from": [21.5, -11.75, 10.25],
			"to": [30.5, -7.75, 13.25],
			"rotation": {"angle": 0, "axis": "y", "origin": [18, -16, 0]},
			"faces": {
				"east": {"uv": [0, 5.5, 1.5, 7.5], "texture": "#5"},
				"west": {"uv": [5.5, 0, 7, 2], "texture": "#5"},
				"up": {"uv": [4.5, 1.5, 0, 0], "texture": "#5"}
			}
		},
		{
			"name": "x",
			"from": [30.5, -11.75, 10.25],
			"to": [21.5, -7.75, 13.25],
			"rotation": {"angle": 0, "axis": "y", "origin": [18, -16, 0]},
			"faces": {
				"east": {"uv": [0, 5.5, 1.5, 7.5], "texture": "#5"},
				"west": {"uv": [5.5, 0, 7, 2], "texture": "#5"},
				"up": {"uv": [4.5, 1.5, 0, 0], "texture": "#5"}
			}
		},
		{
			"name": "x",
			"from": [22, -10.25, 7.75],
			"to": [30, -8, 10.25],
			"rotation": {"angle": 0, "axis": "y", "origin": [18, -16, 0]},
			"faces": {
				"east": {"uv": [2.5, 5.5, 3.75, 6.625], "texture": "#5"},
				"west": {"uv": [5.5, 4, 6.75, 5.125], "texture": "#5"},
				"up": {"uv": [4, 4.25, 0, 3], "texture": "#5"}
			}
		},
		{
			"name": "x",
			"from": [30, -10.25, 7.75],
			"to": [22, -8, 10.25],
			"rotation": {"angle": 0, "axis": "y", "origin": [18, -16, 0]},
			"faces": {
				"east": {"uv": [2.5, 5.5, 3.75, 6.625], "texture": "#5"},
				"west": {"uv": [5.5, 4, 6.75, 5.125], "texture": "#5"},
				"up": {"uv": [4, 4.25, 0, 3], "texture": "#5"}
			}
		},
		{
			"from": [26.5, -10.75, 22.25],
			"to": [27.75, -10.25, 23.25],
			"rotation": {"angle": 22.5, "axis": "y", "origin": [27.375, -10.5, 22.875]},
			"faces": {
				"north": {"uv": [7.5, 1.5, 8.125, 1.75], "texture": "#8"},
				"east": {"uv": [0, 9, 0.5, 9.25], "texture": "#8"},
				"south": {"uv": [2, 7.5, 2.625, 7.75], "texture": "#8"},
				"west": {"uv": [9, 0, 9.5, 0.25], "texture": "#8"},
				"up": {"uv": [2.625, 4.5, 2, 4], "texture": "#8"},
				"down": {"uv": [3.625, 4, 3, 4.5], "texture": "#8"}
			}
		},
		{
			"from": [27.5, -11, 20.25],
			"to": [29.75, -10.5, 21.75],
			"rotation": {"angle": 22.5, "axis": "y", "origin": [27.375, -10.75, 22.875]},
			"faces": {
				"north": {"uv": [5, 0, 6.125, 0.25], "texture": "#8"},
				"east": {"uv": [6.5, 4.5, 7.25, 4.75], "texture": "#8"},
				"south": {"uv": [5, 0.5, 6.125, 0.75], "texture": "#8"},
				"west": {"uv": [6.5, 5, 7.25, 5.25], "texture": "#8"},
				"up": {"uv": [1.125, 0.75, 0, 0], "texture": "#8"},
				"down": {"uv": [1.125, 1, 0, 1.75], "texture": "#8"}
			}
		},
		{
			"from": [28.81702, -11.5, 16.58057],
			"to": [29.81702, -11, 18.58057],
			"rotation": {"angle": -45, "axis": "y", "origin": [29.31702, -11.25, 17.95557]},
			"faces": {
				"north": {"uv": [0.5, 9, 1, 9.25], "texture": "#8"},
				"east": {"uv": [5, 1, 6, 1.25], "texture": "#8"},
				"south": {"uv": [9, 0.5, 9.5, 0.75], "texture": "#8"},
				"west": {"uv": [5, 1.5, 6, 1.75], "texture": "#8"},
				"up": {"uv": [3.5, 3, 3, 2], "texture": "#8"},
				"down": {"uv": [3.5, 3, 3, 4], "texture": "#8"}
			}
		},
		{
			"from": [29.39873, -12, 15.39588],
			"to": [30.89873, -11.5, 16.39588],
			"rotation": {"angle": 22.5, "axis": "y", "origin": [30.27373, -11.25, 15.64588]},
			"faces": {
				"north": {"uv": [5.5, 6.5, 6.25, 6.75], "texture": "#8"},
				"east": {"uv": [1, 9, 1.5, 9.25], "texture": "#8"},
				"south": {"uv": [6.5, 5.5, 7.25, 5.75], "texture": "#8"},
				"west": {"uv": [9, 1, 9.5, 1.25], "texture": "#8"},
				"up": {"uv": [0.75, 4.5, 0, 4], "texture": "#8"},
				"down": {"uv": [1.75, 4, 1, 4.5], "texture": "#8"}
			}
		},
		{
			"from": [30.53261, -12.25, 13.90844],
			"to": [31.78261, -11.75, 14.90844],
			"rotation": {"angle": 0, "axis": "y", "origin": [31.15761, -12, 14.40844]},
			"faces": {
				"north": {"uv": [7.5, 2, 8.125, 2.25], "texture": "#8"},
				"east": {"uv": [1.5, 9, 2, 9.25], "texture": "#8"},
				"south": {"uv": [7.5, 2.5, 8.125, 2.75], "texture": "#8"},
				"west": {"uv": [9, 1.5, 9.5, 1.75], "texture": "#8"},
				"up": {"uv": [4.625, 4.5, 4, 4], "texture": "#8"},
				"down": {"uv": [0.625, 4.5, 0, 5], "texture": "#8"}
			}
		},
		{
			"from": [28.52373, -12.5, 12.02088],
			"to": [29.52373, -12, 13.02088],
			"rotation": {"angle": -45, "axis": "y", "origin": [30.27373, -11.25, 15.64588]},
			"faces": {
				"north": {"uv": [2, 9, 2.5, 9.25], "texture": "#8"},
				"east": {"uv": [9, 2, 9.5, 2.25], "texture": "#8"},
				"south": {"uv": [2.5, 9, 3, 9.25], "texture": "#8"},
				"west": {"uv": [9, 2.5, 9.5, 2.75], "texture": "#8"},
				"up": {"uv": [2.5, 5.5, 2, 5], "texture": "#8"},
				"down": {"uv": [3, 5, 2.5, 5.5], "texture": "#8"}
			}
		},
		{
			"from": [27.27373, -12.25, 10.52088],
			"to": [28.27373, -11.75, 11.77088],
			"rotation": {"angle": -45, "axis": "y", "origin": [30.27373, -11.25, 15.64588]},
			"faces": {
				"north": {"uv": [3, 9, 3.5, 9.25], "texture": "#8"},
				"east": {"uv": [3, 7.5, 3.625, 7.75], "texture": "#8"},
				"south": {"uv": [9, 3, 9.5, 3.25], "texture": "#8"},
				"west": {"uv": [7.5, 3, 8.125, 3.25], "texture": "#8"},
				"up": {"uv": [5, 0.625, 4.5, 0], "texture": "#8"},
				"down": {"uv": [1.5, 4.5, 1, 5.125], "texture": "#8"}
			}
		},
		{
			"from": [30.66642, -12, 8.53415],
			"to": [31.66642, -11.5, 9.78415],
			"rotation": {"angle": -45, "axis": "y", "origin": [31.41642, -10.25, 9.15915]},
			"faces": {
				"north": {"uv": [3.5, 9, 4, 9.25], "texture": "#8"},
				"east": {"uv": [7.5, 3.5, 8.125, 3.75], "texture": "#8"},
				"south": {"uv": [9, 3.5, 9.5, 3.75], "texture": "#8"},
				"west": {"uv": [4, 7.5, 4.625, 7.75], "texture": "#8"},
				"up": {"uv": [5, 1.625, 4.5, 1], "texture": "#8"},
				"down": {"uv": [2, 4.5, 1.5, 5.125], "texture": "#8"}
			}
		},
		{
			"from": [29.16642, -11.75, 7.28415],
			"to": [30.41642, -11.25, 9.03415],
			"rotation": {"angle": -45, "axis": "y", "origin": [31.41642, -10.25, 9.15915]},
			"faces": {
				"north": {"uv": [7.5, 4, 8.125, 4.25], "texture": "#8"},
				"east": {"uv": [0, 6.5, 0.875, 6.75], "texture": "#8"},
				"south": {"uv": [7.5, 4.5, 8.125, 4.75], "texture": "#8"},
				"west": {"uv": [6.5, 0, 7.375, 0.25], "texture": "#8"},
				"up": {"uv": [0.625, 2.875, 0, 2], "texture": "#8"},
				"down": {"uv": [1.625, 2, 1, 2.875], "texture": "#8"}
			}
		},
		{
			"from": [28.88349, -11.25, 4.63878],
			"to": [30.38349, -10.75, 6.63878],
			"rotation": {"angle": -22.5, "axis": "y", "origin": [29.38349, -11.75, 5.88878]},
			"faces": {
				"north": {"uv": [6.5, 6, 7.25, 6.25], "texture": "#8"},
				"east": {"uv": [3, 5, 4, 5.25], "texture": "#8"},
				"south": {"uv": [6.5, 6.5, 7.25, 6.75], "texture": "#8"},
				"west": {"uv": [4, 5, 5, 5.25], "texture": "#8"},
				"up": {"uv": [2.25, 1, 1.5, 0], "texture": "#8"},
				"down": {"uv": [2.25, 1, 1.5, 2], "texture": "#8"}
			}
		},
		{
			"from": [28.47135, -10.25, 18.06154],
			"to": [29.22135, -9.5, 19.31154],
			"rotation": {"angle": -22.5, "axis": "y", "origin": [29.22135, -10.75, 18.18654]},
			"faces": {
				"north": {"uv": [1.5, 8, 1.875, 8.375], "texture": "#8"},
				"east": {"uv": [5.5, 2.5, 6.125, 2.875], "texture": "#8"},
				"south": {"uv": [2, 8, 2.375, 8.375], "texture": "#8"},
				"west": {"uv": [3, 5.5, 3.625, 5.875], "texture": "#8"},
				"up": {"uv": [5.875, 3.625, 5.5, 3], "texture": "#8"},
				"down": {"uv": [4.375, 5.5, 4, 6.125], "texture": "#8"}
			}
		},
		{
			"from": [28.47135, -10, 15.56154],
			"to": [29.22135, -9.25, 16.81154],
			"rotation": {"angle": -22.5, "axis": "y", "origin": [29.22135, -10.75, 18.18654]},
			"faces": {
				"north": {"uv": [2.5, 8, 2.875, 8.375], "texture": "#8"},
				"east": {"uv": [5.5, 4, 6.125, 4.375], "texture": "#8"},
				"south": {"uv": [3, 8, 3.375, 8.375], "texture": "#8"},
				"west": {"uv": [4.5, 5.5, 5.125, 5.875], "texture": "#8"},
				"up": {"uv": [5.875, 5.125, 5.5, 4.5], "texture": "#8"},
				"down": {"uv": [5.875, 5.5, 5.5, 6.125], "texture": "#8"}
			}
		},
		{
			"from": [28.47135, -9.75, 14.06154],
			"to": [29.22135, -9, 14.81154],
			"rotation": {"angle": -22.5, "axis": "y", "origin": [29.22135, -10.75, 18.18654]},
			"faces": {
				"north": {"uv": [3.5, 8, 3.875, 8.375], "texture": "#8"},
				"east": {"uv": [4, 8, 4.375, 8.375], "texture": "#8"},
				"south": {"uv": [4.5, 8, 4.875, 8.375], "texture": "#8"},
				"west": {"uv": [8, 5, 8.375, 5.375], "texture": "#8"},
				"up": {"uv": [5.875, 8.375, 5.5, 8], "texture": "#8"},
				"down": {"uv": [8.375, 5.5, 8, 5.875], "texture": "#8"}
			}
		},
		{
			"from": [28.22135, -9.5, 12.31154],
			"to": [28.97135, -8.75, 13.06154],
			"rotation": {"angle": -22.5, "axis": "y", "origin": [29.22135, -11, 18.18654]},
			"faces": {
				"north": {"uv": [6, 8, 6.375, 8.375], "texture": "#8"},
				"east": {"uv": [6.5, 8, 6.875, 8.375], "texture": "#8"},
				"south": {"uv": [7, 8, 7.375, 8.375], "texture": "#8"},
				"west": {"uv": [7.5, 8, 7.875, 8.375], "texture": "#8"},
				"up": {"uv": [8.375, 8.375, 8, 8], "texture": "#8"},
				"down": {"uv": [0.375, 8.5, 0, 8.875], "texture": "#8"}
			}
		},
		{
			"from": [30.2548, -9.5, 10.3182],
			"to": [31.0048, -8.75, 11.5682],
			"rotation": {"angle": 22.5, "axis": "y", "origin": [30.6298, -9.125, 11.1932]},
			"faces": {
				"north": {"uv": [0.5, 8.5, 0.875, 8.875], "texture": "#8"},
				"east": {"uv": [0, 6, 0.625, 6.375], "texture": "#8"},
				"south": {"uv": [8.5, 0.5, 8.875, 0.875], "texture": "#8"},
				"west": {"uv": [1, 6, 1.625, 6.375], "texture": "#8"},
				"up": {"uv": [6.375, 1.625, 6, 1], "texture": "#8"},
				"down": {"uv": [2.375, 6, 2, 6.625], "texture": "#8"}
			}
		},
		{
			"from": [29.48943, -9.75, 8.97044],
			"to": [30.23943, -9, 10.22044],
			"rotation": {"angle": 0, "axis": "y", "origin": [29.86443, -8.875, 9.34544]},
			"faces": {
				"north": {"uv": [8.5, 1, 8.875, 1.375], "texture": "#8"},
				"east": {"uv": [6, 2, 6.625, 2.375], "texture": "#8"},
				"south": {"uv": [1.5, 8.5, 1.875, 8.875], "texture": "#8"},
				"west": {"uv": [2.5, 6, 3.125, 6.375], "texture": "#8"},
				"up": {"uv": [6.375, 3.625, 6, 3], "texture": "#8"},
				"down": {"uv": [3.875, 6, 3.5, 6.625], "texture": "#8"}
			}
		},
		{
			"from": [29.48943, -10, 7.47044],
			"to": [30.23943, -9.25, 8.47044],
			"rotation": {"angle": 0, "axis": "y", "origin": [29.86443, -8.875, 9.34544]},
			"faces": {
				"north": {"uv": [8.5, 1.5, 8.875, 1.875], "texture": "#8"},
				"east": {"uv": [4, 6.5, 4.5, 6.875], "texture": "#8"},
				"south": {"uv": [2, 8.5, 2.375, 8.875], "texture": "#8"},
				"west": {"uv": [0, 7, 0.5, 7.375], "texture": "#8"},
				"up": {"uv": [0.875, 7.5, 0.5, 7], "texture": "#8"},
				"down": {"uv": [7.375, 0.5, 7, 1], "texture": "#8"}
			}
		},
		{
			"from": [28.22135, -7.75, 14.81154],
			"to": [28.97135, -7, 15.56154],
			"rotation": {"angle": -22.5, "axis": "z", "origin": [27.34635, -7.875, 15.18654]},
			"faces": {
				"north": {"uv": [8.5, 2, 8.875, 2.375], "texture": "#8"},
				"east": {"uv": [2.5, 8.5, 2.875, 8.875], "texture": "#8"},
				"south": {"uv": [8.5, 2.5, 8.875, 2.875], "texture": "#8"},
				"west": {"uv": [3, 8.5, 3.375, 8.875], "texture": "#8"},
				"up": {"uv": [8.875, 3.375, 8.5, 3], "texture": "#8"},
				"down": {"uv": [3.875, 8.5, 3.5, 8.875], "texture": "#8"}
			}
		},
		{
			"from": [28.68182, -7.75, 12.70559],
			"to": [29.43182, -7, 13.45559],
			"rotation": {"angle": -22.5, "axis": "z", "origin": [29.30682, -7.375, 13.08059]},
			"faces": {
				"north": {"uv": [8.5, 3.5, 8.875, 3.875], "texture": "#8"},
				"east": {"uv": [4, 8.5, 4.375, 8.875], "texture": "#8"},
				"south": {"uv": [8.5, 4, 8.875, 4.375], "texture": "#8"},
				"west": {"uv": [4.5, 8.5, 4.875, 8.875], "texture": "#8"},
				"up": {"uv": [8.875, 4.875, 8.5, 4.5], "texture": "#8"},
				"down": {"uv": [5.375, 8.5, 5, 8.875], "texture": "#8"}
			}
		},
		{
			"from": [28.68182, -7.75, 10.95559],
			"to": [29.43182, -7, 11.70559],
			"rotation": {"angle": -22.5, "axis": "z", "origin": [29.30682, -7.375, 13.08059]},
			"faces": {
				"north": {"uv": [8.5, 5, 8.875, 5.375], "texture": "#8"},
				"east": {"uv": [5.5, 8.5, 5.875, 8.875], "texture": "#8"},
				"south": {"uv": [8.5, 5.5, 8.875, 5.875], "texture": "#8"},
				"west": {"uv": [6, 8.5, 6.375, 8.875], "texture": "#8"},
				"up": {"uv": [8.875, 6.375, 8.5, 6], "texture": "#8"},
				"down": {"uv": [6.875, 8.5, 6.5, 8.875], "texture": "#8"}
			}
		},
		{
			"from": [28.43182, -7.75, 9.20559],
			"to": [29.18182, -7, 9.95559],
			"rotation": {"angle": -22.5, "axis": "z", "origin": [28.55682, -7.625, 9.58059]},
			"faces": {
				"north": {"uv": [8.5, 6.5, 8.875, 6.875], "texture": "#8"},
				"east": {"uv": [7, 8.5, 7.375, 8.875], "texture": "#8"},
				"south": {"uv": [8.5, 7, 8.875, 7.375], "texture": "#8"},
				"west": {"uv": [7.5, 8.5, 7.875, 8.875], "texture": "#8"},
				"up": {"uv": [8.875, 7.875, 8.5, 7.5], "texture": "#8"},
				"down": {"uv": [8.375, 8.5, 8, 8.875], "texture": "#8"}
			}
		},
		{
			"from": [28.58903, -8.25, 7.7254],
			"to": [29.08903, -7.5, 8.2254],
			"rotation": {"angle": -22.5, "axis": "z", "origin": [28.83903, -7.875, 7.9754]},
			"faces": {
				"north": {"uv": [0, 9.5, 0.25, 9.875], "texture": "#8"},
				"east": {"uv": [9.5, 0, 9.75, 0.375], "texture": "#8"},
				"south": {"uv": [0.5, 9.5, 0.75, 9.875], "texture": "#8"},
				"west": {"uv": [9.5, 0.5, 9.75, 0.875], "texture": "#8"},
				"up": {"uv": [9.75, 3.25, 9.5, 3], "texture": "#8"},
				"down": {"uv": [3.75, 9.5, 3.5, 9.75], "texture": "#8"}
			}
		},
		{
			"from": [27, -9.29243, 17.4535],
			"to": [27.5, -8.29243, 19.2035],
			"rotation": {"angle": 45, "axis": "x", "origin": [26, -8.79243, 18.3285]},
			"faces": {
				"north": {"uv": [4, 9, 4.25, 9.5], "texture": "#8"},
				"east": {"uv": [3.5, 0, 4.375, 0.5], "texture": "#8"},
				"south": {"uv": [9, 4, 9.25, 4.5], "texture": "#8"},
				"west": {"uv": [3.5, 0.5, 4.375, 1], "texture": "#8"},
				"up": {"uv": [6.75, 1.375, 6.5, 0.5], "texture": "#8"},
				"down": {"uv": [1.25, 6.5, 1, 7.375], "texture": "#8"}
			}
		},
		{
			"from": [27, -8.23177, 15.58218],
			"to": [27.75, -7.23177, 16.83218],
			"rotation": {"angle": 45, "axis": "x", "origin": [26, -7.73177, 16.20718]},
			"faces": {
				"north": {"uv": [7, 1, 7.375, 1.5], "texture": "#8"},
				"east": {"uv": [2, 4.5, 2.625, 5], "texture": "#8"},
				"south": {"uv": [2, 7, 2.375, 7.5], "texture": "#8"},
				"west": {"uv": [4.5, 2, 5.125, 2.5], "texture": "#8"},
				"up": {"uv": [4.875, 6.625, 4.5, 6], "texture": "#8"},
				"down": {"uv": [6.375, 4.5, 6, 5.125], "texture": "#8"}
			}
		},
		{
			"from": [27.25, -7.9666, 13.67424],
			"to": [28, -6.9666, 14.67424],
			"rotation": {"angle": 45, "axis": "x", "origin": [26, -7.4666, 14.17424]},
			"faces": {
				"north": {"uv": [7, 2, 7.375, 2.5], "texture": "#8"},
				"east": {"uv": [5, 4, 5.5, 4.5], "texture": "#8"},
				"south": {"uv": [2.5, 7, 2.875, 7.5], "texture": "#8"},
				"west": {"uv": [5, 4.5, 5.5, 5], "texture": "#8"},
				"up": {"uv": [3.375, 7.5, 3, 7], "texture": "#8"},
				"down": {"uv": [3.875, 7, 3.5, 7.5], "texture": "#8"}
			}
		},
		{
			"from": [27.25, -7.61305, 11.90648],
			"to": [28, -6.61305, 12.90648],
			"rotation": {"angle": 45, "axis": "x", "origin": [26, -7.11305, 12.40648]},
			"faces": {
				"north": {"uv": [7, 3.5, 7.375, 4], "texture": "#8"},
				"east": {"uv": [5, 5, 5.5, 5.5], "texture": "#8"},
				"south": {"uv": [4, 7, 4.375, 7.5], "texture": "#8"},
				"west": {"uv": [0, 5.5, 0.5, 6], "texture": "#8"},
				"up": {"uv": [7.375, 4.5, 7, 4], "texture": "#8"},
				"down": {"uv": [4.875, 7, 4.5, 7.5], "texture": "#8"}
			}
		},
		{
			"from": [27.25, -7.61305, 10.49226],
			"to": [27.75, -6.61305, 11.49226],
			"rotation": {"angle": 45, "axis": "x", "origin": [26, -7.11305, 10.99226]},
			"faces": {
				"north": {"uv": [4.5, 9, 4.75, 9.5], "texture": "#8"},
				"east": {"uv": [0.5, 5.5, 1, 6], "texture": "#8"},
				"south": {"uv": [9, 4.5, 9.25, 5], "texture": "#8"},
				"west": {"uv": [1, 5.5, 1.5, 6], "texture": "#8"},
				"up": {"uv": [5.25, 9.5, 5, 9], "texture": "#8"},
				"down": {"uv": [9.25, 5, 9, 5.5], "texture": "#8"}
			}
		},
		{
			"from": [27.25, -7.66482, 9.20305],
			"to": [27.75, -6.91482, 9.95305],
			"rotation": {"angle": 45, "axis": "x", "origin": [26, -7.28982, 9.57805]},
			"faces": {
				"north": {"uv": [1, 9.5, 1.25, 9.875], "texture": "#8"},
				"east": {"uv": [8.5, 8, 8.875, 8.375], "texture": "#8"},
				"south": {"uv": [9.5, 1, 9.75, 1.375], "texture": "#8"},
				"west": {"uv": [8.5, 8.5, 8.875, 8.875], "texture": "#8"},
				"up": {"uv": [1.75, 9.875, 1.5, 9.5], "texture": "#8"},
				"down": {"uv": [9.75, 1.5, 9.5, 1.875], "texture": "#8"}
			}
		},
		{
			"from": [27, -7.70144, 7.17012],
			"to": [27.5, -6.70144, 7.92012],
			"rotation": {"angle": 45, "axis": "x", "origin": [26, -7.20144, 7.54512]},
			"faces": {
				"north": {"uv": [5.5, 9, 5.75, 9.5], "texture": "#8"},
				"east": {"uv": [5, 7, 5.375, 7.5], "texture": "#8"},
				"south": {"uv": [9, 5.5, 9.25, 6], "texture": "#8"},
				"west": {"uv": [5.5, 7, 5.875, 7.5], "texture": "#8"},
				"up": {"uv": [2.25, 9.875, 2, 9.5], "texture": "#8"},
				"down": {"uv": [9.75, 2, 9.5, 2.375], "texture": "#8"}
			}
		},
		{
			"from": [26.75, -8.32015, 4.48186],
			"to": [27.5, -7.32015, 5.48186],
			"rotation": {"angle": 45, "axis": "x", "origin": [26, -7.82015, 4.98186]},
			"faces": {
				"north": {"uv": [6, 7, 6.375, 7.5], "texture": "#8"},
				"east": {"uv": [1.5, 5.5, 2, 6], "texture": "#8"},
				"south": {"uv": [6.5, 7, 6.875, 7.5], "texture": "#8"},
				"west": {"uv": [2, 5.5, 2.5, 6], "texture": "#8"},
				"up": {"uv": [7.375, 7.5, 7, 7], "texture": "#8"},
				"down": {"uv": [0.375, 7.5, 0, 8], "texture": "#8"}
			}
		},
		{
			"from": [26.75, -8.96596, 2.54125],
			"to": [27.5, -7.96596, 3.79125],
			"rotation": {"angle": 22.5, "axis": "x", "origin": [26, -8.46596, 3.16625]},
			"faces": {
				"north": {"uv": [7.5, 0, 7.875, 0.5], "texture": "#8"},
				"east": {"uv": [4.5, 2.5, 5.125, 3], "texture": "#8"},
				"south": {"uv": [0.5, 7.5, 0.875, 8], "texture": "#8"},
				"west": {"uv": [3, 4.5, 3.625, 5], "texture": "#8"},
				"up": {"uv": [5.375, 6.625, 5, 6], "texture": "#8"},
				"down": {"uv": [6.375, 5.5, 6, 6.125], "texture": "#8"}
			}
		},
		{
			"from": [26.44291, -9.68847, 0.58909],
			"to": [26.94291, -8.68847, 1.83909],
			"rotation": {"angle": -22.5, "axis": "z", "origin": [26, -9.47548, 1.21409]},
			"faces": {
				"north": {"uv": [6, 9, 6.25, 9.5], "texture": "#8"},
				"east": {"uv": [4.5, 3, 5.125, 3.5], "texture": "#8"},
				"south": {"uv": [9, 6, 9.25, 6.5], "texture": "#8"},
				"west": {"uv": [4.5, 3.5, 5.125, 4], "texture": "#8"},
				"up": {"uv": [5.25, 8.125, 5, 7.5], "texture": "#8"},
				"down": {"uv": [7.75, 5, 7.5, 5.625], "texture": "#8"}
			}
		},
		{
			"from": [26.27686, -10.77123, -1.91091],
			"to": [26.52686, -10.02123, -0.91091],
			"rotation": {"angle": -22.5, "axis": "z", "origin": [26, -10.56268, -1.41091]},
			"faces": {
				"north": {"uv": [9.5, 4.5, 9.625, 4.875], "texture": "#8"},
				"east": {"uv": [7.5, 0.5, 8, 0.875], "texture": "#8"},
				"south": {"uv": [5, 9.5, 5.125, 9.875], "texture": "#8"},
				"west": {"uv": [1, 7.5, 1.5, 7.875], "texture": "#8"},
				"up": {"uv": [9.625, 4, 9.5, 3.5], "texture": "#8"},
				"down": {"uv": [4.125, 9.5, 4, 10], "texture": "#8"}
			}
		},
		{
			"from": [26.31347, -11.31367, -4.41091],
			"to": [26.56347, -10.56367, -3.41091],
			"rotation": {"angle": -22.5, "axis": "z", "origin": [26, -11.12029, -3.91091]},
			"faces": {
				"north": {"uv": [9.5, 5, 9.625, 5.375], "texture": "#8"},
				"east": {"uv": [7.5, 1, 8, 1.375], "texture": "#8"},
				"south": {"uv": [5.5, 9.5, 5.625, 9.875], "texture": "#8"},
				"west": {"uv": [1.5, 7.5, 2, 7.875], "texture": "#8"},
				"up": {"uv": [9.625, 4.5, 9.5, 4], "texture": "#8"},
				"down": {"uv": [4.625, 9.5, 4.5, 10], "texture": "#8"}
			}
		},
		{
			"from": [26.21586, -11.91761, -4.41091],
			"to": [27.96586, -11.66761, -3.16091],
			"rotation": {"angle": 45, "axis": "y", "origin": [27.21586, -11.54261, -3.66091]},
			"faces": {
				"north": {"uv": [8.5, 9, 9.375, 9.125], "texture": "#8"},
				"east": {"uv": [2.5, 9.5, 3.125, 9.625], "texture": "#8"},
				"south": {"uv": [9, 8.5, 9.875, 8.625], "texture": "#8"},
				"west": {"uv": [9.5, 2.5, 10.125, 2.625], "texture": "#8"},
				"up": {"uv": [2.875, 2.625, 2, 2], "texture": "#8"},
				"down": {"uv": [3.375, 0, 2.5, 0.625], "texture": "#8"}
			}
		},
		{
			"from": [26.76764, -11.66761, -1.56103],
			"to": [28.51764, -11.16761, -0.31103],
			"rotation": {"angle": 22.5, "axis": "y", "origin": [27.39264, -11.79261, -1.18603]},
			"faces": {
				"north": {"uv": [6.5, 1.5, 7.375, 1.75], "texture": "#8"},
				"east": {"uv": [5.5, 7.5, 6.125, 7.75], "texture": "#8"},
				"south": {"uv": [2.5, 6.5, 3.375, 6.75], "texture": "#8"},
				"west": {"uv": [7.5, 6, 8.125, 6.25], "texture": "#8"},
				"up": {"uv": [3.375, 1.625, 2.5, 1], "texture": "#8"},
				"down": {"uv": [0.875, 3, 0, 3.625], "texture": "#8"}
			}
		},
		{
			"from": [26.26764, -11.41761, 0.43897],
			"to": [28.01764, -10.91761, 1.68897],
			"rotation": {"angle": 22.5, "axis": "y", "origin": [27.39264, -11.79261, -1.18603]},
			"faces": {
				"north": {"uv": [6.5, 2.5, 7.375, 2.75], "texture": "#8"},
				"east": {"uv": [6.5, 7.5, 7.125, 7.75], "texture": "#8"},
				"south": {"uv": [6.5, 3, 7.375, 3.25], "texture": "#8"},
				"west": {"uv": [7.5, 6.5, 8.125, 6.75], "texture": "#8"},
				"up": {"uv": [1.875, 3.625, 1, 3], "texture": "#8"},
				"down": {"uv": [2.875, 3, 2, 3.625], "texture": "#8"}
			}
		},
		{
			"from": [27.58643, -11.16761, 1.82583],
			"to": [28.83643, -10.66761, 3.07583],
			"rotation": {"angle": 45, "axis": "y", "origin": [28.46143, -11.66761, 2.70083]},
			"faces": {
				"north": {"uv": [7.5, 7, 8.125, 7.25], "texture": "#8"},
				"east": {"uv": [7.5, 7.5, 8.125, 7.75], "texture": "#8"},
				"south": {"uv": [0, 8, 0.625, 8.25], "texture": "#8"},
				"west": {"uv": [8, 0, 8.625, 0.25], "texture": "#8"},
				"up": {"uv": [4.125, 2.625, 3.5, 2], "texture": "#8"},
				"down": {"uv": [4.125, 3, 3.5, 3.625], "texture": "#8"}
			}
		},
		{
			"from": [26.58643, -10.91761, 3.32583],
			"to": [27.58643, -10.41761, 4.32583],
			"rotation": {"angle": 45, "axis": "y", "origin": [28.46143, -11.66761, 2.70083]},
			"faces": {
				"north": {"uv": [6.5, 9, 7, 9.25], "texture": "#8"},
				"east": {"uv": [9, 6.5, 9.5, 6.75], "texture": "#8"},
				"south": {"uv": [7, 9, 7.5, 9.25], "texture": "#8"},
				"west": {"uv": [9, 7, 9.5, 7.25], "texture": "#8"},
				"up": {"uv": [6, 2.5, 5.5, 2], "texture": "#8"},
				"down": {"uv": [3, 5.5, 2.5, 6], "texture": "#8"}
			}
		},
		{
			"from": [26.5, -10.07236, 19.58642],
			"to": [27, -9.07236, 21.33642],
			"rotation": {"angle": 22.5, "axis": "x", "origin": [26, -9.57236, 20.46142]},
			"faces": {
				"north": {"uv": [7.5, 9, 7.75, 9.5], "texture": "#8"},
				"east": {"uv": [3.5, 1, 4.375, 1.5], "texture": "#8"},
				"south": {"uv": [9, 7.5, 9.25, 8], "texture": "#8"},
				"west": {"uv": [3.5, 1.5, 4.375, 2], "texture": "#8"},
				"up": {"uv": [1.75, 7.375, 1.5, 6.5], "texture": "#8"},
				"down": {"uv": [6.75, 3.5, 6.5, 4.375], "texture": "#8"}
			}
		},
		{
			"from": [26.25, -10.24048, 22.20216],
			"to": [26.75, -9.24048, 23.45216],
			"rotation": {"angle": 22.5, "axis": "x", "origin": [26, -9.74048, 22.82716]},
			"faces": {
				"north": {"uv": [8, 9, 8.25, 9.5], "texture": "#8"},
				"east": {"uv": [4, 4.5, 4.625, 5], "texture": "#8"},
				"south": {"uv": [9, 8, 9.25, 8.5], "texture": "#8"},
				"west": {"uv": [0, 5, 0.625, 5.5], "texture": "#8"},
				"up": {"uv": [8.25, 1.125, 8, 0.5], "texture": "#8"},
				"down": {"uv": [1.25, 8, 1, 8.625], "texture": "#8"}
			}
		},
		{
			"from": [24.25, -10.75, 22.25],
			"to": [25.5, -10.25, 23.25],
			"rotation": {"angle": -22.5, "axis": "y", "origin": [24.625, -10.5, 22.875]},
			"faces": {
				"north": {"uv": [8.125, 1.5, 7.5, 1.75], "texture": "#8"},
				"east": {"uv": [9.5, 0, 9, 0.25], "texture": "#8"},
				"south": {"uv": [2.625, 7.5, 2, 7.75], "texture": "#8"},
				"west": {"uv": [0.5, 9, 0, 9.25], "texture": "#8"},
				"up": {"uv": [2, 4.5, 2.625, 4], "texture": "#8"},
				"down": {"uv": [3, 4, 3.625, 4.5], "texture": "#8"}
			}
		},
		{
			"from": [22.25, -11, 20.25],
			"to": [24.5, -10.5, 21.75],
			"rotation": {"angle": -22.5, "axis": "y", "origin": [24.625, -10.75, 22.875]},
			"faces": {
				"north": {"uv": [6.125, 0, 5, 0.25], "texture": "#8"},
				"east": {"uv": [7.25, 5, 6.5, 5.25], "texture": "#8"},
				"south": {"uv": [6.125, 0.5, 5, 0.75], "texture": "#8"},
				"west": {"uv": [7.25, 4.5, 6.5, 4.75], "texture": "#8"},
				"up": {"uv": [0, 0.75, 1.125, 0], "texture": "#8"},
				"down": {"uv": [0, 1, 1.125, 1.75], "texture": "#8"}
			}
		},
		{
			"from": [22.18298, -11.5, 16.58057],
			"to": [23.18298, -11, 18.58057],
			"rotation": {"angle": 45, "axis": "y", "origin": [22.68298, -11.25, 17.95557]},
			"faces": {
				"north": {"uv": [1, 9, 0.5, 9.25], "texture": "#8"},
				"east": {"uv": [6, 1.5, 5, 1.75], "texture": "#8"},
				"south": {"uv": [9.5, 0.5, 9, 0.75], "texture": "#8"},
				"west": {"uv": [6, 1, 5, 1.25], "texture": "#8"},
				"up": {"uv": [3, 3, 3.5, 2], "texture": "#8"},
				"down": {"uv": [3, 3, 3.5, 4], "texture": "#8"}
			}
		},
		{
			"from": [21.10127, -12, 15.39588],
			"to": [22.60127, -11.5, 16.39588],
			"rotation": {"angle": -22.5, "axis": "y", "origin": [21.72627, -11.25, 15.64588]},
			"faces": {
				"north": {"uv": [6.25, 6.5, 5.5, 6.75], "texture": "#8"},
				"east": {"uv": [9.5, 1, 9, 1.25], "texture": "#8"},
				"south": {"uv": [7.25, 5.5, 6.5, 5.75], "texture": "#8"},
				"west": {"uv": [1.5, 9, 1, 9.25], "texture": "#8"},
				"up": {"uv": [0, 4.5, 0.75, 4], "texture": "#8"},
				"down": {"uv": [1, 4, 1.75, 4.5], "texture": "#8"}
			}
		},
		{
			"from": [20.21739, -12.25, 13.90844],
			"to": [21.46739, -11.75, 14.90844],
			"rotation": {"angle": 0, "axis": "y", "origin": [20.84239, -12, 14.40844]},
			"faces": {
				"north": {"uv": [8.125, 2, 7.5, 2.25], "texture": "#8"},
				"east": {"uv": [9.5, 1.5, 9, 1.75], "texture": "#8"},
				"south": {"uv": [8.125, 2.5, 7.5, 2.75], "texture": "#8"},
				"west": {"uv": [2, 9, 1.5, 9.25], "texture": "#8"},
				"up": {"uv": [4, 4.5, 4.625, 4], "texture": "#8"},
				"down": {"uv": [0, 4.5, 0.625, 5], "texture": "#8"}
			}
		},
		{
			"from": [22.47627, -12.5, 12.27088],
			"to": [23.47627, -12, 13.27088],
			"rotation": {"angle": 45, "axis": "y", "origin": [21.72627, -11.25, 15.64588]},
			"faces": {
				"north": {"uv": [2.5, 9, 2, 9.25], "texture": "#8"},
				"east": {"uv": [9.5, 2.5, 9, 2.75], "texture": "#8"},
				"south": {"uv": [3, 9, 2.5, 9.25], "texture": "#8"},
				"west": {"uv": [9.5, 2, 9, 2.25], "texture": "#8"},
				"up": {"uv": [2, 5.5, 2.5, 5], "texture": "#8"},
				"down": {"uv": [2.5, 5, 3, 5.5], "texture": "#8"}
			}
		},
		{
			"from": [23.97627, -12.25, 10.77088],
			"to": [24.97627, -11.75, 12.02088],
			"rotation": {"angle": 45, "axis": "y", "origin": [21.72627, -11.25, 15.64588]},
			"faces": {
				"north": {"uv": [3.5, 9, 3, 9.25], "texture": "#8"},
				"east": {"uv": [8.125, 3, 7.5, 3.25], "texture": "#8"},
				"south": {"uv": [9.5, 3, 9, 3.25], "texture": "#8"},
				"west": {"uv": [3.625, 7.5, 3, 7.75], "texture": "#8"},
				"up": {"uv": [4.5, 0.625, 5, 0], "texture": "#8"},
				"down": {"uv": [1, 4.5, 1.5, 5.125], "texture": "#8"}
			}
		},
		{
			"from": [23.26556, -12, 6.86258],
			"to": [24.26556, -11.5, 8.11258],
			"rotation": {"angle": 45, "axis": "y", "origin": [23.76556, -11.75, 11.98758]},
			"faces": {
				"north": {"uv": [4, 9, 3.5, 9.25], "texture": "#8"},
				"east": {"uv": [4.625, 7.5, 4, 7.75], "texture": "#8"},
				"south": {"uv": [9.5, 3.5, 9, 3.75], "texture": "#8"},
				"west": {"uv": [8.125, 3.5, 7.5, 3.75], "texture": "#8"},
				"up": {"uv": [4.5, 1.625, 5, 1], "texture": "#8"},
				"down": {"uv": [1.5, 4.5, 2, 5.125], "texture": "#8"}
			}
		},
		{
			"from": [21.58358, -11.75, 7.28415],
			"to": [22.83358, -11.25, 9.03415],
			"rotation": {"angle": 45, "axis": "y", "origin": [20.58358, -10.25, 9.15915]},
			"faces": {
				"north": {"uv": [8.125, 4, 7.5, 4.25], "texture": "#8"},
				"east": {"uv": [7.375, 0, 6.5, 0.25], "texture": "#8"},
				"south": {"uv": [8.125, 4.5, 7.5, 4.75], "texture": "#8"},
				"west": {"uv": [0.875, 6.5, 0, 6.75], "texture": "#8"},
				"up": {"uv": [0, 2.875, 0.625, 2], "texture": "#8"},
				"down": {"uv": [1, 2, 1.625, 2.875], "texture": "#8"}
			}
		},
		{
			"from": [21.61651, -11.25, 4.63878],
			"to": [23.11651, -10.75, 6.63878],
			"rotation": {"angle": 45, "axis": "y", "origin": [22.61651, -11.75, 5.88878]},
			"faces": {
				"north": {"uv": [7.25, 6, 6.5, 6.25], "texture": "#8"},
				"east": {"uv": [5, 5, 4, 5.25], "texture": "#8"},
				"south": {"uv": [7.25, 6.5, 6.5, 6.75], "texture": "#8"},
				"west": {"uv": [4, 5, 3, 5.25], "texture": "#8"},
				"up": {"uv": [1.5, 1, 2.25, 0], "texture": "#8"},
				"down": {"uv": [1.5, 1, 2.25, 2], "texture": "#8"}
			}
		},
		{
			"from": [22.77865, -10.25, 18.06154],
			"to": [23.52865, -9.5, 19.31154],
			"rotation": {"angle": 22.5, "axis": "y", "origin": [22.77865, -10.75, 18.18654]},
			"faces": {
				"north": {"uv": [1.875, 8, 1.5, 8.375], "texture": "#8"},
				"east": {"uv": [3.625, 5.5, 3, 5.875], "texture": "#8"},
				"south": {"uv": [2.375, 8, 2, 8.375], "texture": "#8"},
				"west": {"uv": [6.125, 2.5, 5.5, 2.875], "texture": "#8"},
				"up": {"uv": [5.5, 3.625, 5.875, 3], "texture": "#8"},
				"down": {"uv": [4, 5.5, 4.375, 6.125], "texture": "#8"}
			}
		},
		{
			"from": [22.77865, -10, 15.56154],
			"to": [23.52865, -9.25, 16.81154],
			"rotation": {"angle": 22.5, "axis": "y", "origin": [22.77865, -10.75, 18.18654]},
			"faces": {
				"north": {"uv": [2.875, 8, 2.5, 8.375], "texture": "#8"},
				"east": {"uv": [5.125, 5.5, 4.5, 5.875], "texture": "#8"},
				"south": {"uv": [3.375, 8, 3, 8.375], "texture": "#8"},
				"west": {"uv": [6.125, 4, 5.5, 4.375], "texture": "#8"},
				"up": {"uv": [5.5, 5.125, 5.875, 4.5], "texture": "#8"},
				"down": {"uv": [5.5, 5.5, 5.875, 6.125], "texture": "#8"}
			}
		},
		{
			"from": [22.77865, -9.75, 14.06154],
			"to": [23.52865, -9, 14.81154],
			"rotation": {"angle": 22.5, "axis": "y", "origin": [22.77865, -10.75, 18.18654]},
			"faces": {
				"north": {"uv": [3.875, 8, 3.5, 8.375], "texture": "#8"},
				"east": {"uv": [8.375, 5, 8, 5.375], "texture": "#8"},
				"south": {"uv": [4.875, 8, 4.5, 8.375], "texture": "#8"},
				"west": {"uv": [4.375, 8, 4, 8.375], "texture": "#8"},
				"up": {"uv": [5.5, 8.375, 5.875, 8], "texture": "#8"},
				"down": {"uv": [8, 5.5, 8.375, 5.875], "texture": "#8"}
			}
		},
		{
			"from": [23.02865, -9.5, 12.31154],
			"to": [23.77865, -8.75, 13.06154],
			"rotation": {"angle": 22.5, "axis": "y", "origin": [22.77865, -11, 18.18654]},
			"faces": {
				"north": {"uv": [6.375, 8, 6, 8.375], "texture": "#8"},
				"east": {"uv": [7.875, 8, 7.5, 8.375], "texture": "#8"},
				"south": {"uv": [7.375, 8, 7, 8.375], "texture": "#8"},
				"west": {"uv": [6.875, 8, 6.5, 8.375], "texture": "#8"},
				"up": {"uv": [8, 8.375, 8.375, 8], "texture": "#8"},
				"down": {"uv": [0, 8.5, 0.375, 8.875], "texture": "#8"}
			}
		},
		{
			"from": [20.9952, -9.5, 10.3182],
			"to": [21.7452, -8.75, 11.5682],
			"rotation": {"angle": -22.5, "axis": "y", "origin": [21.3702, -9.125, 11.1932]},
			"faces": {
				"north": {"uv": [0.875, 8.5, 0.5, 8.875], "texture": "#8"},
				"east": {"uv": [1.625, 6, 1, 6.375], "texture": "#8"},
				"south": {"uv": [8.875, 0.5, 8.5, 0.875], "texture": "#8"},
				"west": {"uv": [0.625, 6, 0, 6.375], "texture": "#8"},
				"up": {"uv": [6, 1.625, 6.375, 1], "texture": "#8"},
				"down": {"uv": [2, 6, 2.375, 6.625], "texture": "#8"}
			}
		},
		{
			"from": [21.76057, -9.75, 8.97044],
			"to": [22.51057, -9, 10.22044],
			"rotation": {"angle": 0, "axis": "y", "origin": [22.13557, -8.875, 9.34544]},
			"faces": {
				"north": {"uv": [8.875, 1, 8.5, 1.375], "texture": "#8"},
				"east": {"uv": [3.125, 6, 2.5, 6.375], "texture": "#8"},
				"south": {"uv": [1.875, 8.5, 1.5, 8.875], "texture": "#8"},
				"west": {"uv": [6.625, 2, 6, 2.375], "texture": "#8"},
				"up": {"uv": [6, 3.625, 6.375, 3], "texture": "#8"},
				"down": {"uv": [3.5, 6, 3.875, 6.625], "texture": "#8"}
			}
		},
		{
			"from": [21.76057, -10, 7.47044],
			"to": [22.51057, -9.25, 8.47044],
			"rotation": {"angle": 0, "axis": "y", "origin": [22.13557, -8.875, 9.34544]},
			"faces": {
				"north": {"uv": [8.875, 1.5, 8.5, 1.875], "texture": "#8"},
				"east": {"uv": [0.5, 7, 0, 7.375], "texture": "#8"},
				"south": {"uv": [2.375, 8.5, 2, 8.875], "texture": "#8"},
				"west": {"uv": [4.5, 6.5, 4, 6.875], "texture": "#8"},
				"up": {"uv": [0.5, 7.5, 0.875, 7], "texture": "#8"},
				"down": {"uv": [7, 0.5, 7.375, 1], "texture": "#8"}
			}
		},
		{
			"from": [23.02865, -7.75, 14.81154],
			"to": [23.77865, -7, 15.56154],
			"rotation": {"angle": 22.5, "axis": "z", "origin": [24.65365, -7.875, 15.18654]},
			"faces": {
				"north": {"uv": [8.875, 2, 8.5, 2.375], "texture": "#8"},
				"east": {"uv": [3.375, 8.5, 3, 8.875], "texture": "#8"},
				"south": {"uv": [8.875, 2.5, 8.5, 2.875], "texture": "#8"},
				"west": {"uv": [2.875, 8.5, 2.5, 8.875], "texture": "#8"},
				"up": {"uv": [8.5, 3.375, 8.875, 3], "texture": "#8"},
				"down": {"uv": [3.5, 8.5, 3.875, 8.875], "texture": "#8"}
			}
		},
		{
			"from": [22.56818, -7.75, 12.70559],
			"to": [23.31818, -7, 13.45559],
			"rotation": {"angle": 22.5, "axis": "z", "origin": [22.69318, -7.375, 13.08059]},
			"faces": {
				"north": {"uv": [8.875, 3.5, 8.5, 3.875], "texture": "#8"},
				"east": {"uv": [4.875, 8.5, 4.5, 8.875], "texture": "#8"},
				"south": {"uv": [8.875, 4, 8.5, 4.375], "texture": "#8"},
				"west": {"uv": [4.375, 8.5, 4, 8.875], "texture": "#8"},
				"up": {"uv": [8.5, 4.875, 8.875, 4.5], "texture": "#8"},
				"down": {"uv": [5, 8.5, 5.375, 8.875], "texture": "#8"}
			}
		},
		{
			"from": [22.56818, -7.75, 10.95559],
			"to": [23.31818, -7, 11.70559],
			"rotation": {"angle": 22.5, "axis": "z", "origin": [22.69318, -7.375, 13.08059]},
			"faces": {
				"north": {"uv": [8.875, 5, 8.5, 5.375], "texture": "#8"},
				"east": {"uv": [6.375, 8.5, 6, 8.875], "texture": "#8"},
				"south": {"uv": [8.875, 5.5, 8.5, 5.875], "texture": "#8"},
				"west": {"uv": [5.875, 8.5, 5.5, 8.875], "texture": "#8"},
				"up": {"uv": [8.5, 6.375, 8.875, 6], "texture": "#8"},
				"down": {"uv": [6.5, 8.5, 6.875, 8.875], "texture": "#8"}
			}
		},
		{
			"from": [22.81818, -7.75, 9.20559],
			"to": [23.56818, -7, 9.95559],
			"rotation": {"angle": 22.5, "axis": "z", "origin": [23.44318, -7.625, 9.58059]},
			"faces": {
				"north": {"uv": [8.875, 6.5, 8.5, 6.875], "texture": "#8"},
				"east": {"uv": [7.875, 8.5, 7.5, 8.875], "texture": "#8"},
				"south": {"uv": [8.875, 7, 8.5, 7.375], "texture": "#8"},
				"west": {"uv": [7.375, 8.5, 7, 8.875], "texture": "#8"},
				"up": {"uv": [8.5, 7.875, 8.875, 7.5], "texture": "#8"},
				"down": {"uv": [8, 8.5, 8.375, 8.875], "texture": "#8"}
			}
		},
		{
			"from": [22.91097, -8.25, 7.7254],
			"to": [23.41097, -7.5, 8.2254],
			"rotation": {"angle": 22.5, "axis": "z", "origin": [23.16097, -7.875, 7.9754]},
			"faces": {
				"north": {"uv": [0.25, 9.5, 0, 9.875], "texture": "#8"},
				"east": {"uv": [9.75, 0.5, 9.5, 0.875], "texture": "#8"},
				"south": {"uv": [0.75, 9.5, 0.5, 9.875], "texture": "#8"},
				"west": {"uv": [9.75, 0, 9.5, 0.375], "texture": "#8"},
				"up": {"uv": [9.5, 3.25, 9.75, 3], "texture": "#8"},
				"down": {"uv": [3.5, 9.5, 3.75, 9.75], "texture": "#8"}
			}
		},
		{
			"from": [24.5, -9.29243, 17.4535],
			"to": [25, -8.29243, 19.2035],
			"rotation": {"angle": 45, "axis": "x", "origin": [26, -8.79243, 18.3285]},
			"faces": {
				"north": {"uv": [4.25, 9, 4, 9.5], "texture": "#8"},
				"east": {"uv": [4.375, 0.5, 3.5, 1], "texture": "#8"},
				"south": {"uv": [9.25, 4, 9, 4.5], "texture": "#8"},
				"west": {"uv": [4.375, 0, 3.5, 0.5], "texture": "#8"},
				"up": {"uv": [6.5, 1.375, 6.75, 0.5], "texture": "#8"},
				"down": {"uv": [1, 6.5, 1.25, 7.375], "texture": "#8"}
			}
		},
		{
			"from": [24.25, -8.23177, 15.58218],
			"to": [25, -7.23177, 16.83218],
			"rotation": {"angle": 45, "axis": "x", "origin": [26, -7.73177, 16.20718]},
			"faces": {
				"north": {"uv": [7.375, 1, 7, 1.5], "texture": "#8"},
				"east": {"uv": [5.125, 2, 4.5, 2.5], "texture": "#8"},
				"south": {"uv": [2.375, 7, 2, 7.5], "texture": "#8"},
				"west": {"uv": [2.625, 4.5, 2, 5], "texture": "#8"},
				"up": {"uv": [4.5, 6.625, 4.875, 6], "texture": "#8"},
				"down": {"uv": [6, 4.5, 6.375, 5.125], "texture": "#8"}
			}
		},
		{
			"from": [24, -7.9666, 13.67424],
			"to": [24.75, -6.9666, 14.67424],
			"rotation": {"angle": 45, "axis": "x", "origin": [26, -7.4666, 14.17424]},
			"faces": {
				"north": {"uv": [7.375, 2, 7, 2.5], "texture": "#8"},
				"east": {"uv": [5.5, 4.5, 5, 5], "texture": "#8"},
				"south": {"uv": [2.875, 7, 2.5, 7.5], "texture": "#8"},
				"west": {"uv": [5.5, 4, 5, 4.5], "texture": "#8"},
				"up": {"uv": [3, 7.5, 3.375, 7], "texture": "#8"},
				"down": {"uv": [3.5, 7, 3.875, 7.5], "texture": "#8"}
			}
		},
		{
			"from": [24, -7.61305, 11.90648],
			"to": [24.75, -6.61305, 12.90648],
			"rotation": {"angle": 45, "axis": "x", "origin": [26, -7.11305, 12.40648]},
			"faces": {
				"north": {"uv": [7.375, 3.5, 7, 4], "texture": "#8"},
				"east": {"uv": [0.5, 5.5, 0, 6], "texture": "#8"},
				"south": {"uv": [4.375, 7, 4, 7.5], "texture": "#8"},
				"west": {"uv": [5.5, 5, 5, 5.5], "texture": "#8"},
				"up": {"uv": [7, 4.5, 7.375, 4], "texture": "#8"},
				"down": {"uv": [4.5, 7, 4.875, 7.5], "texture": "#8"}
			}
		},
		{
			"from": [24.25, -7.61305, 10.49226],
			"to": [24.75, -6.61305, 11.49226],
			"rotation": {"angle": 45, "axis": "x", "origin": [26, -7.11305, 10.99226]},
			"faces": {
				"north": {"uv": [4.75, 9, 4.5, 9.5], "texture": "#8"},
				"east": {"uv": [1.5, 5.5, 1, 6], "texture": "#8"},
				"south": {"uv": [9.25, 4.5, 9, 5], "texture": "#8"},
				"west": {"uv": [1, 5.5, 0.5, 6], "texture": "#8"},
				"up": {"uv": [5, 9.5, 5.25, 9], "texture": "#8"},
				"down": {"uv": [9, 5, 9.25, 5.5], "texture": "#8"}
			}
		},
		{
			"from": [24.25, -7.66482, 9.20305],
			"to": [24.75, -6.91482, 9.95305],
			"rotation": {"angle": 45, "axis": "x", "origin": [26, -7.28982, 9.57805]},
			"faces": {
				"north": {"uv": [1.25, 9.5, 1, 9.875], "texture": "#8"},
				"east": {"uv": [8.875, 8.5, 8.5, 8.875], "texture": "#8"},
				"south": {"uv": [9.75, 1, 9.5, 1.375], "texture": "#8"},
				"west": {"uv": [8.875, 8, 8.5, 8.375], "texture": "#8"},
				"up": {"uv": [1.5, 9.875, 1.75, 9.5], "texture": "#8"},
				"down": {"uv": [9.5, 1.5, 9.75, 1.875], "texture": "#8"}
			}
		},
		{
			"from": [24.5, -7.70144, 7.17012],
			"to": [25, -6.70144, 7.92012],
			"rotation": {"angle": 45, "axis": "x", "origin": [26, -7.20144, 7.54512]},
			"faces": {
				"north": {"uv": [5.75, 9, 5.5, 9.5], "texture": "#8"},
				"east": {"uv": [5.875, 7, 5.5, 7.5], "texture": "#8"},
				"south": {"uv": [9.25, 5.5, 9, 6], "texture": "#8"},
				"west": {"uv": [5.375, 7, 5, 7.5], "texture": "#8"},
				"up": {"uv": [2, 9.875, 2.25, 9.5], "texture": "#8"},
				"down": {"uv": [9.5, 2, 9.75, 2.375], "texture": "#8"}
			}
		},
		{
			"from": [24.5, -8.32015, 4.48186],
			"to": [25.25, -7.32015, 5.48186],
			"rotation": {"angle": 45, "axis": "x", "origin": [26, -7.82015, 4.98186]},
			"faces": {
				"north": {"uv": [6.375, 7, 6, 7.5], "texture": "#8"},
				"east": {"uv": [2.5, 5.5, 2, 6], "texture": "#8"},
				"south": {"uv": [6.875, 7, 6.5, 7.5], "texture": "#8"},
				"west": {"uv": [2, 5.5, 1.5, 6], "texture": "#8"},
				"up": {"uv": [7, 7.5, 7.375, 7], "texture": "#8"},
				"down": {"uv": [0, 7.5, 0.375, 8], "texture": "#8"}
			}
		},
		{
			"from": [24.5, -8.96596, 2.54125],
			"to": [25.25, -7.96596, 3.79125],
			"rotation": {"angle": 22.5, "axis": "x", "origin": [26, -8.46596, 3.16625]},
			"faces": {
				"north": {"uv": [7.875, 0, 7.5, 0.5], "texture": "#8"},
				"east": {"uv": [3.625, 4.5, 3, 5], "texture": "#8"},
				"south": {"uv": [0.875, 7.5, 0.5, 8], "texture": "#8"},
				"west": {"uv": [5.125, 2.5, 4.5, 3], "texture": "#8"},
				"up": {"uv": [5, 6.625, 5.375, 6], "texture": "#8"},
				"down": {"uv": [6, 5.5, 6.375, 6.125], "texture": "#8"}
			}
		},
		{
			"from": [25.05709, -9.68847, 0.58909],
			"to": [25.55709, -8.68847, 1.83909],
			"rotation": {"angle": 22.5, "axis": "z", "origin": [26, -9.47548, 1.21409]},
			"faces": {
				"north": {"uv": [6.25, 9, 6, 9.5], "texture": "#8"},
				"east": {"uv": [5.125, 3.5, 4.5, 4], "texture": "#8"},
				"south": {"uv": [9.25, 6, 9, 6.5], "texture": "#8"},
				"west": {"uv": [5.125, 3, 4.5, 3.5], "texture": "#8"},
				"up": {"uv": [5, 8.125, 5.25, 7.5], "texture": "#8"},
				"down": {"uv": [7.5, 5, 7.75, 5.625], "texture": "#8"}
			}
		},
		{
			"from": [25.47314, -10.77123, -1.91091],
			"to": [25.72314, -10.02123, -0.91091],
			"rotation": {"angle": 22.5, "axis": "z", "origin": [26, -10.56268, -1.41091]},
			"faces": {
				"north": {"uv": [9.625, 4.5, 9.5, 4.875], "texture": "#8"},
				"east": {"uv": [1.5, 7.5, 1, 7.875], "texture": "#8"},
				"south": {"uv": [5.125, 9.5, 5, 9.875], "texture": "#8"},
				"west": {"uv": [8, 0.5, 7.5, 0.875], "texture": "#8"},
				"up": {"uv": [9.5, 4, 9.625, 3.5], "texture": "#8"},
				"down": {"uv": [4, 9.5, 4.125, 10], "texture": "#8"}
			}
		},
		{
			"from": [25.43653, -11.31367, -4.41091],
			"to": [25.68653, -10.56367, -3.41091],
			"rotation": {"angle": 22.5, "axis": "z", "origin": [26, -11.12029, -3.91091]},
			"faces": {
				"north": {"uv": [9.625, 5, 9.5, 5.375], "texture": "#8"},
				"east": {"uv": [2, 7.5, 1.5, 7.875], "texture": "#8"},
				"south": {"uv": [5.625, 9.5, 5.5, 9.875], "texture": "#8"},
				"west": {"uv": [8, 1, 7.5, 1.375], "texture": "#8"},
				"up": {"uv": [9.5, 4.5, 9.625, 4], "texture": "#8"},
				"down": {"uv": [4.5, 9.5, 4.625, 10], "texture": "#8"}
			}
		},
		{
			"from": [24.03414, -11.91761, -4.41091],
			"to": [25.78414, -11.66761, -3.16091],
			"rotation": {"angle": -45, "axis": "y", "origin": [24.78414, -11.54261, -3.66091]},
			"faces": {
				"north": {"uv": [9.375, 9, 8.5, 9.125], "texture": "#8"},
				"east": {"uv": [10.125, 2.5, 9.5, 2.625], "texture": "#8"},
				"south": {"uv": [9.875, 8.5, 9, 8.625], "texture": "#8"},
				"west": {"uv": [3.125, 9.5, 2.5, 9.625], "texture": "#8"},
				"up": {"uv": [2, 2.625, 2.875, 2], "texture": "#8"},
				"down": {"uv": [2.5, 0, 3.375, 0.625], "texture": "#8"}
			}
		},
		{
			"from": [24.53414, -12.16761, -7.41091],
			"to": [25.78414, -11.91761, -5.66091],
			"rotation": {"angle": 22.5, "axis": "y", "origin": [24.78414, -11.79261, -6.66091]},
			"faces": {
				"north": {"uv": [3.125, 9.5, 2.5, 9.625], "texture": "#8"},
				"east": {"uv": [9.375, 9, 8.5, 9.125], "texture": "#8"},
				"south": {"uv": [10.125, 2.5, 9.5, 2.625], "texture": "#8"},
				"west": {"uv": [9.875, 8.5, 9, 8.625], "texture": "#8"},
				"up": {"uv": [2, 2.625, 2.875, 2], "rotation": 90, "texture": "#8"},
				"down": {"uv": [2.5, 0, 3.375, 0.625], "rotation": 270, "texture": "#8"}
			}
		},
		{
			"from": [26.21586, -12.16761, -7.41091],
			"to": [27.46586, -11.91761, -5.66091],
			"rotation": {"angle": -22.5, "axis": "y", "origin": [27.21586, -11.79261, -6.66091]},
			"faces": {
				"north": {"uv": [2.5, 9.5, 3.125, 9.625], "texture": "#8"},
				"east": {"uv": [9, 8.5, 9.875, 8.625], "texture": "#8"},
				"south": {"uv": [9.5, 2.5, 10.125, 2.625], "texture": "#8"},
				"west": {"uv": [8.5, 9, 9.375, 9.125], "texture": "#8"},
				"up": {"uv": [2.875, 2.625, 2, 2], "rotation": 270, "texture": "#8"},
				"down": {"uv": [3.375, 0, 2.5, 0.625], "rotation": 90, "texture": "#8"}
			}
		},
		{
			"from": [23.48236, -11.66761, -1.56103],
			"to": [25.23236, -11.16761, -0.31103],
			"rotation": {"angle": -22.5, "axis": "y", "origin": [24.60736, -11.79261, -1.18603]},
			"faces": {
				"north": {"uv": [7.375, 1.5, 6.5, 1.75], "texture": "#8"},
				"east": {"uv": [8.125, 6, 7.5, 6.25], "texture": "#8"},
				"south": {"uv": [3.375, 6.5, 2.5, 6.75], "texture": "#8"},
				"west": {"uv": [6.125, 7.5, 5.5, 7.75], "texture": "#8"},
				"up": {"uv": [2.5, 1.625, 3.375, 1], "texture": "#8"},
				"down": {"uv": [0, 3, 0.875, 3.625], "texture": "#8"}
			}
		},
		{
			"from": [23.98236, -11.41761, 0.43897],
			"to": [25.73236, -10.91761, 1.68897],
			"rotation": {"angle": -22.5, "axis": "y", "origin": [24.60736, -11.79261, -1.18603]},
			"faces": {
				"north": {"uv": [7.375, 2.5, 6.5, 2.75], "texture": "#8"},
				"east": {"uv": [8.125, 6.5, 7.5, 6.75], "texture": "#8"},
				"south": {"uv": [7.375, 3, 6.5, 3.25], "texture": "#8"},
				"west": {"uv": [7.125, 7.5, 6.5, 7.75], "texture": "#8"},
				"up": {"uv": [1, 3.625, 1.875, 3], "texture": "#8"},
				"down": {"uv": [2, 3, 2.875, 3.625], "texture": "#8"}
			}
		},
		{
			"from": [23.16357, -11.16761, 1.82583],
			"to": [24.41357, -10.66761, 3.07583],
			"rotation": {"angle": -45, "axis": "y", "origin": [23.53857, -11.66761, 2.70083]},
			"faces": {
				"north": {"uv": [8.125, 7, 7.5, 7.25], "texture": "#8"},
				"east": {"uv": [8.625, 0, 8, 0.25], "texture": "#8"},
				"south": {"uv": [0.625, 8, 0, 8.25], "texture": "#8"},
				"west": {"uv": [8.125, 7.5, 7.5, 7.75], "texture": "#8"},
				"up": {"uv": [3.5, 2.625, 4.125, 2], "texture": "#8"},
				"down": {"uv": [3.5, 3, 4.125, 3.625], "texture": "#8"}
			}
		},
		{
			"from": [24.41357, -10.91761, 3.32583],
			"to": [25.41357, -10.41761, 4.32583],
			"rotation": {"angle": -45, "axis": "y", "origin": [23.53857, -11.66761, 2.70083]},
			"faces": {
				"north": {"uv": [7, 9, 6.5, 9.25], "texture": "#8"},
				"east": {"uv": [9.5, 7, 9, 7.25], "texture": "#8"},
				"south": {"uv": [7.5, 9, 7, 9.25], "texture": "#8"},
				"west": {"uv": [9.5, 6.5, 9, 6.75], "texture": "#8"},
				"up": {"uv": [5.5, 2.5, 6, 2], "texture": "#8"},
				"down": {"uv": [2.5, 5.5, 3, 6], "texture": "#8"}
			}
		},
		{
			"from": [25, -10.07236, 19.58642],
			"to": [25.5, -9.07236, 21.33642],
			"rotation": {"angle": 22.5, "axis": "x", "origin": [26, -9.57236, 20.46142]},
			"faces": {
				"north": {"uv": [7.75, 9, 7.5, 9.5], "texture": "#8"},
				"east": {"uv": [4.375, 1.5, 3.5, 2], "texture": "#8"},
				"south": {"uv": [9.25, 7.5, 9, 8], "texture": "#8"},
				"west": {"uv": [4.375, 1, 3.5, 1.5], "texture": "#8"},
				"up": {"uv": [1.5, 7.375, 1.75, 6.5], "texture": "#8"},
				"down": {"uv": [6.5, 3.5, 6.75, 4.375], "texture": "#8"}
			}
		},
		{
			"from": [25.25, -10.24048, 22.20216],
			"to": [25.75, -9.24048, 23.45216],
			"rotation": {"angle": 22.5, "axis": "x", "origin": [26, -9.74048, 22.82716]},
			"faces": {
				"north": {"uv": [8.25, 9, 8, 9.5], "texture": "#8"},
				"east": {"uv": [0.625, 5, 0, 5.5], "texture": "#8"},
				"south": {"uv": [9.25, 8, 9, 8.5], "texture": "#8"},
				"west": {"uv": [4.625, 4.5, 4, 5], "texture": "#8"},
				"up": {"uv": [8, 1.125, 8.25, 0.5], "texture": "#8"},
				"down": {"uv": [1, 8, 1.25, 8.625], "texture": "#8"}
			}
		},
		{
			"from": [28.25, -13.09467, 17.58211],
			"to": [29.5, -8.59467, 18.83211],
			"rotation": {"angle": -45, "axis": "x", "origin": [29, -10.84467, 18.20711]},
			"faces": {
				"north": {"uv": [0, 4, 1.25, 8.5], "texture": "#9"},
				"east": {"uv": [2, 4, 3.25, 8.5], "texture": "#9"},
				"south": {"uv": [4, 4, 5.25, 8.5], "texture": "#9"},
				"west": {"uv": [6, 0, 7.25, 4.5], "texture": "#9"},
				"up": {"uv": [13.25, 3.25, 12, 2], "texture": "#9"},
				"down": {"uv": [5.25, 12, 4, 13.25], "texture": "#9"}
			}
		},
		{
			"from": [28.25, -14.84436, 17.98463],
			"to": [29, -12.09436, 18.73463],
			"rotation": {"angle": 22.5, "axis": "x", "origin": [28.625, -13.21936, 18.35963]},
			"faces": {
				"north": {"uv": [10, 0, 10.75, 2.75], "texture": "#9"},
				"east": {"uv": [10, 8, 10.75, 10.75], "texture": "#9"},
				"south": {"uv": [11, 0, 11.75, 2.75], "texture": "#9"},
				"west": {"uv": [11, 3, 11.75, 5.75], "texture": "#9"},
				"up": {"uv": [9.75, 8.75, 9, 8], "texture": "#9"},
				"down": {"uv": [10.75, 3, 10, 3.75], "texture": "#9"}
			}
		},
		{
			"from": [28, -15.45033, 15.51736],
			"to": [29.25, -14.70033, 18.01736],
			"rotation": {"angle": 22.5, "axis": "x", "origin": [28.625, -19.57533, 16.76736]},
			"faces": {
				"north": {"uv": [12, 9, 13.25, 9.75], "texture": "#9"},
				"east": {"uv": [6, 11, 8.5, 11.75], "texture": "#9"},
				"south": {"uv": [12, 10, 13.25, 10.75], "texture": "#9"},
				"west": {"uv": [11, 6, 13.5, 6.75], "texture": "#9"},
				"up": {"uv": [3.25, 11.5, 2, 9], "texture": "#9"},
				"down": {"uv": [5.25, 9, 4, 11.5], "texture": "#9"}
			}
		},
		{
			"from": [27.75, -15.967, 17.11486],
			"to": [29.5, -15.467, 18.86486],
			"rotation": {"angle": 22.5, "axis": "x", "origin": [28.625, -20.217, 17.98986]},
			"faces": {
				"north": {"uv": [12, 11, 13.75, 11.5], "texture": "#9"},
				"east": {"uv": [12, 12, 13.75, 12.5], "texture": "#9"},
				"south": {"uv": [13, 4, 14.75, 4.5], "texture": "#9"},
				"west": {"uv": [13, 5, 14.75, 5.5], "texture": "#9"},
				"up": {"uv": [10.75, 5.75, 9, 4], "texture": "#9"},
				"down": {"uv": [7.75, 9, 6, 10.75], "texture": "#9"}
			}
		},
		{
			"from": [22.5, -13.09467, 17.33211],
			"to": [23.75, -8.59467, 18.58211],
			"rotation": {"angle": -22.5, "axis": "x", "origin": [23, -10.84467, 18.20711]},
			"faces": {
				"north": {"uv": [1.25, 4, 0, 8.5], "texture": "#9"},
				"east": {"uv": [7.25, 0, 6, 4.5], "texture": "#9"},
				"south": {"uv": [5.25, 4, 4, 8.5], "texture": "#9"},
				"west": {"uv": [3.25, 4, 2, 8.5], "texture": "#9"},
				"up": {"uv": [12, 3.25, 13.25, 2], "texture": "#9"},
				"down": {"uv": [4, 12, 5.25, 13.25], "texture": "#9"}
			}
		},
		{
			"from": [23, -14.59436, 16.92397],
			"to": [23.75, -11.84436, 17.67397],
			"rotation": {"angle": 45, "axis": "x", "origin": [23.375, -13.21936, 17.29897]},
			"faces": {
				"north": {"uv": [10.75, 0, 10, 2.75], "texture": "#9"},
				"east": {"uv": [11.75, 3, 11, 5.75], "texture": "#9"},
				"south": {"uv": [11.75, 0, 11, 2.75], "texture": "#9"},
				"west": {"uv": [10.75, 8, 10, 10.75], "texture": "#9"},
				"up": {"uv": [9, 8.75, 9.75, 8], "texture": "#9"},
				"down": {"uv": [10, 3, 10.75, 3.75], "texture": "#9"}
			}
		},
		{
			"from": [22.75, -15.72548, 18.37386],
			"to": [24, -13.22548, 19.12386],
			"rotation": {"angle": -22.5, "axis": "x", "origin": [23.375, -19.72548, 18.74886]},
			"faces": {
				"north": {"uv": [4, 9, 5.25, 11.5], "rotation": 180, "texture": "#9"},
				"east": {"uv": [13.5, 6, 11, 6.75], "rotation": 270, "texture": "#9"},
				"south": {"uv": [2, 11.5, 3.25, 9], "texture": "#9"},
				"west": {"uv": [8.5, 11, 6, 11.75], "rotation": 90, "texture": "#9"},
				"up": {"uv": [13.25, 9, 12, 9.75], "rotation": 180, "texture": "#9"},
				"down": {"uv": [13.25, 10, 12, 10.75], "texture": "#9"}
			}
		},
		{
			"from": [22.5, -15.97118, 14.36539],
			"to": [24.25, -15.47118, 16.11539],
			"rotation": {"angle": 22.5, "axis": "x", "origin": [23.375, -20.97118, 15.24039]},
			"faces": {
				"north": {"uv": [13.75, 11, 12, 11.5], "texture": "#9"},
				"east": {"uv": [14.75, 5, 13, 5.5], "texture": "#9"},
				"south": {"uv": [14.75, 4, 13, 4.5], "texture": "#9"},
				"west": {"uv": [13.75, 12, 12, 12.5], "texture": "#9"},
				"up": {"uv": [9, 5.75, 10.75, 4], "texture": "#9"},
				"down": {"uv": [6, 9, 7.75, 10.75], "texture": "#9"}
			}
		},
		{
			"from": [28.99869, -10, 5.50026],
			"to": [29.74869, -8.25, 10.25026],
			"rotation": {"angle": 22.5, "axis": "y", "origin": [29.37369, -9.125, 7.87526]},
			"faces": {
				"north": {"uv": [12, 4, 12.75, 5.75], "texture": "#9"},
				"east": {"uv": [0, 0, 4.75, 1.75], "texture": "#9"},
				"south": {"uv": [6, 12, 6.75, 13.75], "texture": "#9"},
				"west": {"uv": [0, 2, 4.75, 3.75], "texture": "#9"},
				"up": {"uv": [8.75, 8.75, 8, 4], "texture": "#9"},
				"down": {"uv": [0.75, 9, 0, 13.75], "texture": "#9"}
			}
		},
		{
			"from": [28.75, -13, 6.75],
			"to": [29.75, -9.5, 8],
			"rotation": {"angle": 0, "axis": "x", "origin": [29.25, -11.25, 7.375]},
			"faces": {
				"north": {"uv": [5, 0, 6, 3.5], "texture": "#9"},
				"east": {"uv": [6, 5, 7.25, 8.5], "texture": "#9"},
				"south": {"uv": [1, 9, 2, 12.5], "texture": "#9"},
				"west": {"uv": [8, 0, 9.25, 3.5], "texture": "#9"},
				"up": {"uv": [8, 13.25, 7, 12], "texture": "#9"},
				"down": {"uv": [13, 7, 12, 8.25], "texture": "#9"}
			}
		},
		{
			"from": [28.5, -14.81954, 6.09467],
			"to": [29.25, -12.31954, 6.84467],
			"rotation": {"angle": 45, "axis": "x", "origin": [28.875, -13.56954, 6.46967]},
			"faces": {
				"north": {"uv": [11, 7, 11.75, 9.5], "texture": "#9"},
				"east": {"uv": [9, 11, 9.75, 13.5], "texture": "#9"},
				"south": {"uv": [10, 11, 10.75, 13.5], "texture": "#9"},
				"west": {"uv": [11, 10, 11.75, 12.5], "texture": "#9"},
				"up": {"uv": [0.75, 14.75, 0, 14], "texture": "#9"},
				"down": {"uv": [2.75, 14, 2, 14.75], "texture": "#9"}
			}
		},
		{
			"from": [28.25, -15.75, 5.25],
			"to": [29.5, -14.25, 5.75],
			"rotation": {"angle": 0, "axis": "x", "origin": [28.875, -14.5, 5.5]},
			"faces": {
				"north": {"uv": [12, 0, 13.25, 1.5], "texture": "#9"},
				"east": {"uv": [8, 12, 8.5, 13.5], "texture": "#9"},
				"south": {"uv": [2, 12, 3.25, 13.5], "texture": "#9"},
				"west": {"uv": [1, 13, 1.5, 14.5], "texture": "#9"},
				"up": {"uv": [15.25, 0.5, 14, 0], "texture": "#9"},
				"down": {"uv": [15.25, 1, 14, 1.5], "texture": "#9"}
			}
		}
	],
	"display": {
		"gui": {
			"rotation": [0, -90, 0],
			"translation": [0, -3.25, 0],
			"scale": [0.5, 0.5, 0.5]
		},
		"fixed": {
			"rotation": [-90, 0, 0],
			"translation": [0, 0, -19.25],
			"scale": [2, 2, 2]
		}
	},
	"groups": [0, 1, 2, 3, 4, 5,
		{
			"name": "group",
			"origin": [0, 0, 0],
			"color": 0,
			"children": [6, 7, 8, 9, 10, 11, 12, 13, 14, 15, 16, 17, 18, 19, 20, 21, 22, 23, 24, 25, 26, 27, 28]
		},
		{
			"name": "a",
			"origin": [0, 0, 0],
			"color": 0,
			"children": [29, 30, 31, 32, 33, 34]
		},
		{
			"name": "group",
			"origin": [8, 8, 8],
			"color": 0,
			"children": [35, 36, 37, 38, 39, 40, 41, 42, 43, 44, 45, 46, 47, 48, 49, 50, 51, 52, 53, 54, 55, 56, 57, 58, 59, 60, 61, 62, 63, 64, 65, 66, 67, 68, 69, 70, 71, 72, 73, 74, 75, 76, 77, 78, 79, 80, 81, 82, 83, 84, 85, 86, 87, 88, 89, 90, 91, 92, 93, 94, 95, 96, 97, 98, 99, 100, 101, 102, 103, 104, 105, 106, 107, 108, 109, 110, 111, 112, 113, 114, 115, 116, 117, 118]
		},
		{
			"name": "group",
			"origin": [8, 8, 8],
			"color": 0,
			"children": [119, 120, 121, 122, 123, 124, 125, 126]
		},
		{
			"name": "group",
			"origin": [8, 8, 8],
			"color": 0,
			"children": [127, 128, 129, 130, 131, 132, 133, 134, 135, 136]
		}
	]
}