{
	"credit": "Made by 古銅/斜向(@hsmkai) with Blockbench",
	"parent": "minecraft:item/display",
	"textures": {
		"0": "item/bone/deinonychus",
		"1": "item/bone/deinonychus-leg",
		"particle": "item/bone"
	},
	"elements": [
		{
			"from": [5, 26, -14],
			"to": [11, 29, -2],
			"rotation": {"angle": -22.5, "axis": "x", "origin": [8, 27, -2]},
			"faces": {
				"north": {"uv": [4, 6, 7, 7.5], "texture": "#0"},
				"east": {"uv": [0, 12, 6, 13.5], "texture": "#0"},
				"south": {"uv": [4, 7.5, 7, 9], "texture": "#0"},
				"west": {"uv": [6, 12, 0, 13.5], "texture": "#0"},
				"down": {"uv": [4, 0, 7, 6], "texture": "#0"}
			}
		},
		{
			"from": [11, 26, -14],
			"to": [5, 29, -2],
			"rotation": {"angle": -22.5, "axis": "x", "origin": [2, 27, -2]},
			"faces": {
				"north": {"uv": [4, 6, 7, 7.5], "texture": "#0"},
				"east": {"uv": [0, 12, 6, 13.5], "texture": "#0"},
				"south": {"uv": [4, 7.5, 7, 9], "texture": "#0"},
				"west": {"uv": [6, 12, 0, 13.5], "texture": "#0"},
				"down": {"uv": [4, 0, 7, 6], "texture": "#0"}
			}
		},
		{
			"from": [4, 27, -15],
			"to": [12, 32, -2],
			"rotation": {"angle": 0, "axis": "y", "origin": [16, 36, 6]},
			"faces": {
				"north": {"uv": [0, 6.5, 4, 9], "texture": "#0"},
				"east": {"uv": [0, 13.5, 6.5, 16], "texture": "#0"},
				"south": {"uv": [0, 9, 4, 11.5], "texture": "#0"},
				"west": {"uv": [6.5, 13.5, 0, 16], "texture": "#0"},
				"up": {"uv": [0, 0, 4, 6.5], "texture": "#0"}
			}
		},
		{
			"from": [12, 27, -15],
			"to": [4, 32, -2],
			"rotation": {"angle": 0, "axis": "y", "origin": [8, 36, 6]},
			"faces": {
				"north": {"uv": [0, 6.5, 4, 9], "texture": "#0"},
				"east": {"uv": [0, 13.5, 6.5, 16], "texture": "#0"},
				"south": {"uv": [0, 9, 4, 11.5], "texture": "#0"},
				"west": {"uv": [6.5, 13.5, 0, 16], "texture": "#0"},
				"up": {"uv": [0, 0, 4, 6.5], "texture": "#0"}
			}
		},
		{
			"from": [6, 24, -2],
			"to": [10, 29, 4],
			"rotation": {"angle": 45, "axis": "x", "origin": [8, 29, -2]},
			"faces": {
				"east": {"uv": [7, 0, 9.5, 3], "rotation": 270, "texture": "#0"},
				"west": {"uv": [7, 0, 9.5, 3], "rotation": 90, "texture": "#0"},
				"up": {"uv": [9.5, 0, 11.5, 3], "texture": "#0"}
			}
		},
		{
			"from": [10, 24, -2],
			"to": [6, 29, 4],
			"rotation": {"angle": 45, "axis": "x", "origin": [13, 29, -2]},
			"faces": {
				"east": {"uv": [7, 0, 9.5, 3], "rotation": 270, "texture": "#0"},
				"west": {"uv": [7, 0, 9.5, 3], "rotation": 90, "texture": "#0"},
				"up": {"uv": [9.5, 0, 11.5, 3], "texture": "#0"}
			}
		},
		{
			"from": [13, 16, -1],
			"to": [3, 25, 13],
			"rotation": {"angle": 0, "axis": "y", "origin": [16, 27, 24]},
			"faces": {
				"east": {"uv": [11.5, 9, 16, 16], "rotation": 90, "texture": "#0"},
				"west": {"uv": [11.5, 9, 16, 16], "rotation": 90, "texture": "#0"},
				"up": {"uv": [6.5, 9, 11.5, 16], "texture": "#0"}
			}
		},
		{
			"from": [3, 16, -1],
			"to": [13, 25, 13],
			"rotation": {"angle": 0, "axis": "y", "origin": [16, 27, 24]},
			"faces": {
				"east": {"uv": [11.5, 16, 16, 9], "rotation": 90, "texture": "#0"},
				"west": {"uv": [11.5, 9, 16, 16], "rotation": 90, "texture": "#0"},
				"up": {"uv": [6.5, 9, 11.5, 16], "texture": "#0"}
			}
		},
		{
			"from": [2, 11, 7],
			"to": [5, 22, 12],
			"rotation": {"angle": 22.5, "axis": "x", "origin": [3, 22, 9]},
			"faces": {
				"north": {"uv": [0, 0, 3, 11], "texture": "#1"},
				"east": {"uv": [8, 0, 3, 11], "texture": "#1"},
				"south": {"uv": [0, 0, 3, 11], "texture": "#1"},
				"west": {"uv": [3, 0, 8, 11], "texture": "#1"}
			}
		},
		{
			"from": [2.5, 16, -8],
			"to": [2.5, 21, 0],
			"rotation": {"angle": -22.5, "axis": "x", "origin": [3.5, 24, 0]},
			"faces": {
				"east": {"uv": [16, 11, 8, 16], "texture": "#1"},
				"west": {"uv": [8, 11, 16, 16], "texture": "#1"},
				"up": {"uv": [1, -7, 1, 1], "rotation": 180, "texture": "#1"},
				"down": {"uv": [1, 15, 1, 23], "texture": "#1"}
			}
		},
		{
			"from": [13.5, 16, -9],
			"to": [13.5, 21, -1],
			"rotation": {"angle": -45, "axis": "x", "origin": [14.5, 24, -1]},
			"faces": {
				"east": {"uv": [16, 11, 8, 16], "texture": "#1"},
				"west": {"uv": [8, 11, 16, 16], "texture": "#1"},
				"up": {"uv": [1, -7, 1, 1], "rotation": 180, "texture": "#1"},
				"down": {"uv": [1, 15, 1, 23], "texture": "#1"}
			}
		},
		{
			"from": [11, 11, 7],
			"to": [14, 22, 12],
			"rotation": {"angle": 0, "axis": "x", "origin": [13, 22, 9]},
			"faces": {
				"north": {"uv": [0, 0, 3, 11], "texture": "#1"},
				"east": {"uv": [8, 0, 3, 11], "texture": "#1"},
				"south": {"uv": [0, 0, 3, 11], "texture": "#1"},
				"west": {"uv": [3, 0, 8, 11], "texture": "#1"}
			}
		},
		{
			"from": [2.5, 12.60269, 2.94272],
			"to": [4.5, 15.60269, 10.94272],
			"rotation": {"angle": 45, "axis": "x", "origin": [3.5, 12.60269, 2.94272]},
			"faces": {
				"north": {"uv": [0, 0, 2, 3], "rotation": 180, "texture": "#missing"},
				"east": {"uv": [8, 13, 0, 16], "texture": "#1"},
				"west": {"uv": [0, 13, 8, 16], "texture": "#1"},
				"up": {"uv": [0, 11, 8, 13], "rotation": 90, "texture": "#1"},
				"down": {"uv": [0, 11, 8, 13], "rotation": 90, "texture": "#1"}
			}
		},
		{
			"from": [11.5, 11, 7],
			"to": [13.5, 14, 15],
			"rotation": {"angle": 22.5, "axis": "x", "origin": [12.5, 11, 7]},
			"faces": {
				"east": {"uv": [8, 13, 0, 16], "texture": "#1"},
				"west": {"uv": [0, 13, 8, 16], "texture": "#1"},
				"up": {"uv": [0, 11, 8, 13], "rotation": 90, "texture": "#1"},
				"down": {"uv": [0, 11, 8, 13], "rotation": 90, "texture": "#1"}
			}
		},
		{
			"from": [3, -1.05416, 8.59958],
			"to": [5, 9.94584, 10.59958],
			"rotation": {"angle": 22.5, "axis": "x", "origin": [4, 6.94584, 8.59958]},
			"faces": {
				"north": {"uv": [8, 0, 10, 11], "texture": "#1"},
				"east": {"uv": [10, 0, 12, 11], "texture": "#1"},
				"south": {"uv": [8, 0, 10, 11], "texture": "#1"},
				"west": {"uv": [10, 0, 12, 11], "texture": "#1"}
			}
		},
		{
			"from": [11, -0.06147, 14.39104],
			"to": [13, 9.93853, 16.39104],
			"rotation": {"angle": -22.5, "axis": "x", "origin": [12, 7.93853, 14.39104]},
			"faces": {
				"north": {"uv": [8, 0, 10, 11], "texture": "#1"},
				"east": {"uv": [10, 0, 12, 11], "texture": "#1"},
				"south": {"uv": [8, 0, 10, 11], "texture": "#1"},
				"west": {"uv": [10, 0, 12, 11], "texture": "#1"}
			}
		},
		{
			"from": [2.5, -1.4452, 1.53811],
			"to": [5.5, -0.4452, 6.53811],
			"rotation": {"angle": -22.5, "axis": "x", "origin": [4, -0.4452, 5.53811]},
			"faces": {
				"north": {"uv": [12, 4, 15, 5], "texture": "#1"},
				"east": {"uv": [15, 0, 16, 5], "rotation": 90, "texture": "#1"},
				"west": {"uv": [15, 0, 16, 5], "rotation": 90, "texture": "#1"},
				"up": {"uv": [12, 5, 15, 0], "texture": "#1"},
				"down": {"uv": [12, 0, 15, 5], "texture": "#1"}
			}
		},
		{
			"from": [10.5, -3.4525, 17.5525],
			"to": [13.5, 1.5475, 18.5525],
			"rotation": {"angle": 22.5, "axis": "x", "origin": [12, 0.5475, 17.5525]},
			"faces": {
				"north": {"uv": [12, 0, 15, 5], "texture": "#1"},
				"east": {"uv": [15, 0, 16, 5], "texture": "#1"},
				"south": {"uv": [12, 0, 15, 5], "texture": "#1"},
				"west": {"uv": [15, 0, 16, 5], "texture": "#1"},
				"up": {"uv": [0, 0, 4, 1], "texture": "#missing"},
				"down": {"uv": [12, 4, 15, 5], "texture": "#1"}
			}
		},
		{
			"from": [5, 18, 13],
			"to": [11, 25, 18],
			"rotation": {"angle": 0, "axis": "y", "origin": [16, 27, 36]},
			"faces": {
				"east": {"uv": [10, 3, 13.5, 5.5], "rotation": 90, "texture": "#0"},
				"west": {"uv": [10, 5.5, 13.5, 3], "rotation": 90, "texture": "#0"},
				"up": {"uv": [7, 3, 10, 5.5], "texture": "#0"}
			}
		},
		{
			"from": [11, 18, 13],
			"to": [5, 25, 18],
			"rotation": {"angle": 0, "axis": "y", "origin": [16, 27, 36]},
			"faces": {
				"east": {"uv": [10, 3, 13.5, 5.5], "rotation": 90, "texture": "#0"},
				"west": {"uv": [10, 5.5, 13.5, 3], "rotation": 90, "texture": "#0"},
				"up": {"uv": [7, 3, 10, 5.5], "texture": "#0"}
			}
		},
		{
			"from": [6, 20, 16],
			"to": [10, 25, 21],
			"rotation": {"angle": -22.5, "axis": "x", "origin": [8, 25, 17]},
			"faces": {
				"east": {"uv": [9, 5.5, 11.5, 8], "rotation": 90, "texture": "#0"},
				"west": {"uv": [9, 8, 11.5, 5.5], "rotation": 90, "texture": "#0"},
				"up": {"uv": [7, 5.5, 9, 8], "texture": "#0"}
			}
		},
		{
			"from": [10, 20, 16],
			"to": [6, 25, 21],
			"rotation": {"angle": -22.5, "axis": "x", "origin": [8, 25, 17]},
			"faces": {
				"east": {"uv": [9, 5.5, 11.5, 8], "rotation": 90, "texture": "#0"},
				"west": {"uv": [9, 8, 11.5, 5.5], "rotation": 90, "texture": "#0"},
				"up": {"uv": [7, 5.5, 9, 8], "texture": "#0"}
			}
		},
		{
			"from": [7, 24.53073, 18.69552],
			"to": [9, 26.53073, 31.69552],
			"rotation": {"angle": -45, "axis": "x", "origin": [8, 26.53073, 20.69552]},
			"faces": {
				"east": {"uv": [15, 0, 16, 6.5], "rotation": 90, "texture": "#0"},
				"west": {"uv": [15, 6.5, 16, 0], "rotation": 90, "texture": "#0"},
				"up": {"uv": [14, 0, 15, 6.5], "texture": "#0"}
			}
		},
		{
			"from": [9, 24.53073, 18.69552],
			"to": [7, 26.53073, 31.69552],
			"rotation": {"angle": -45, "axis": "x", "origin": [10, 26.53073, 20.69552]},
			"faces": {
				"east": {"uv": [15, 0, 16, 6.5], "rotation": 90, "texture": "#0"},
				"west": {"uv": [15, 6.5, 16, 0], "rotation": 90, "texture": "#0"},
				"up": {"uv": [14, 0, 15, 6.5], "texture": "#0"}
			}
		}
	],
	"display": {
		"gui": {
			"rotation": [0, -90, 0],
			"translation": [0, -3.25, 0],
			"scale": [0.5, 0.5, 0.5]
		},
		"fixed": {
			"rotation": [-90, 0, 0],
			"translation": [0, 0, -19.25],
			"scale": [2, 2, 2]
		}
	}
}