{
	"credit": "Made by 古銅/斜向(@hsmkai) with Blockbench",
	"parent": "minecraft:item/display",
	"textures": {
		"all": "item/bone/pteranodon"
	},
	"elements": [
		{
			"from": [8, -6, -16],
			"to": [8, 18, 16],
			"rotation": {"angle": 0, "axis": "y", "origin": [14, 14, 0]},
			"faces": {
				"east": {"uv": [8, 0, 0, 6], "texture": "#all"},
				"west": {"uv": [0, 0, 8, 6], "texture": "#all", "cullface": "west"}
			}
		},
		{
			"from": [7, -1, -4],
			"to": [7, 7, 8],
			"rotation": {"angle": 0, "axis": "y", "origin": [13, 14, -8]},
			"faces": {
				"west": {"uv": [0, 6, 3, 8], "texture": "#all"}
			}
		},
		{
			"from": [9, -1, -4],
			"to": [9, 7, 8],
			"rotation": {"angle": 0, "axis": "y", "origin": [3, 14, -8]},
			"faces": {
				"east": {"uv": [3, 6, 0, 8], "texture": "#all"}
			}
		},
		{
			"from": [6, 2, -16],
			"to": [10, 2, 16],
			"rotation": {"angle": 0, "axis": "y", "origin": [14, 14, 0]},
			"faces": {
				"up": {"uv": [8, 0, 16, 1], "rotation": 90, "texture": "#all"},
				"down": {"uv": [8, 1, 16, 2], "rotation": 270, "texture": "#all"}
			}
		},
		{
			"from": [6, 3, -16],
			"to": [10, 3, 16],
			"rotation": {"angle": 0, "axis": "y", "origin": [14, 15, 0]},
			"faces": {
				"up": {"uv": [8, 2, 16, 3], "rotation": 90, "texture": "#all"},
				"down": {"uv": [8, 3, 16, 4], "rotation": 270, "texture": "#all"}
			}
		},
		{
			"from": [7, 4, 8],
			"to": [9, 6, 32],
			"rotation": {"angle": 0, "axis": "y", "origin": [14, 18, 8]},
			"faces": {
				"east": {"uv": [14, 4.5, 8, 5], "texture": "#all"},
				"south": {"uv": [14, 4, 14.5, 4.5], "texture": "#all"},
				"west": {"uv": [8, 4.5, 14, 5], "texture": "#all"},
				"up": {"uv": [8, 4, 14, 4.5], "rotation": 90, "texture": "#all"},
				"down": {"uv": [8, 5, 14, 5.5], "rotation": 270, "texture": "#all"}
			}
		},
		{
			"from": [4, 0, 18],
			"to": [12, 5, 30],
			"rotation": {"angle": 0, "axis": "z", "origin": [12, 5, 18]},
			"faces": {
				"east": {"uv": [3, 10, 0, 11.25], "texture": "#all"},
				"west": {"uv": [0, 10, 3, 11.25], "texture": "#all"},
				"up": {"uv": [0, 8, 3, 10], "rotation": 90, "texture": "#all"}
			}
		},
		{
			"from": [12, 0, 18],
			"to": [4, 5, 30],
			"rotation": {"angle": 0, "axis": "z", "origin": [12, 5, 18]},
			"faces": {
				"east": {"uv": [3, 10, 0, 11.25], "texture": "#all"},
				"west": {"uv": [0, 10, 3, 11.25], "texture": "#all"},
				"up": {"uv": [0, 8, 3, 10], "rotation": 90, "texture": "#all"}
			}
		},
		{
			"from": [-8, 14, -16],
			"to": [24, 14, 5],
			"rotation": {"angle": 22.5, "axis": "x", "origin": [8, -100, -16]},
			"faces": {
				"up": {"uv": [8, 10.75, 16, 16], "texture": "#all"},
				"down": {"uv": [8, 5.5, 16, 10.75], "rotation": 180, "texture": "#all"}
			}
		},
		{
			"from": [-5, 2.5, 18],
			"to": [4, 5.5, 21],
			"rotation": {"angle": 45, "axis": "y", "origin": [4, 4.5, 18]},
			"faces": {
				"north": {"uv": [3.75, 6, 6, 6.75], "texture": "#all"},
				"east": {"uv": [3.75, 8.25, 3, 9], "texture": "#all"},
				"south": {"uv": [3.75, 6.75, 6, 7.5], "texture": "#all"},
				"up": {"uv": [3, 6, 3.75, 8.25], "rotation": 90, "texture": "#all"},
				"down": {"uv": [3, 9, 3.75, 11.25], "rotation": 270, "texture": "#all"}
			}
		},
		{
			"from": [12, 2.5, 18],
			"to": [21, 5.5, 21],
			"rotation": {"angle": -45, "axis": "y", "origin": [12, 4.5, 18]},
			"faces": {
				"north": {"uv": [6, 6, 3.75, 6.75], "texture": "#all"},
				"south": {"uv": [6, 6.75, 3.75, 7.5], "texture": "#all"},
				"west": {"uv": [3, 8.25, 3.75, 9], "texture": "#all"},
				"up": {"uv": [3, 8.25, 3.75, 6], "rotation": 90, "texture": "#all"},
				"down": {"uv": [3, 11.25, 3.75, 9], "rotation": 270, "texture": "#all"}
			}
		},
		{
			"from": [-16, 3, 17.07612],
			"to": [2, 5, 19.07612],
			"rotation": {"angle": -22.5, "axis": "y", "origin": [-16, 5, 17]},
			"faces": {
				"north": {"uv": [0, 11.25, 4.5, 11.75], "texture": "#all"},
				"south": {"uv": [0, 11.75, 4.5, 12.25], "texture": "#all"},
				"up": {"uv": [6, 6, 6.5, 10.5], "rotation": 90, "texture": "#all"},
				"down": {"uv": [6, 10.5, 6.5, 15], "rotation": 270, "texture": "#all"}
			}
		},
		{
			"from": [14, 3, 17.07612],
			"to": [32, 5, 19.07612],
			"rotation": {"angle": 22.5, "axis": "y", "origin": [32, 5, 17]},
			"faces": {
				"north": {"uv": [4.5, 11.25, 0, 11.75], "texture": "#all"},
				"south": {"uv": [4.5, 11.75, 0, 12.25], "texture": "#all"},
				"up": {"uv": [6, 10.5, 6.5, 6], "rotation": 90, "texture": "#all"},
				"down": {"uv": [6, 15, 6.5, 10.5], "rotation": 270, "texture": "#all"}
			}
		}
	],
	"display": {
		"gui": {
			"rotation": [0, -90, 0],
			"translation": [0, -3.25, 0],
			"scale": [0.5, 0.5, 0.5]
		},
		"fixed": {
			"rotation": [-90, 0, 0],
			"translation": [0, 0, -15],
			"scale": [2, 2, 2]
		}
	}
}