{
	"credit": "Made by 古銅/斜向(@hsmkai) with Blockbench",
	"parent": "minecraft:item/display",
	"textures": {
		"all": "item/bone/pteranodon"
	},
	"elements": [
		{
			"from": [-16, 3, 17.07612],
			"to": [-2, 5, 19.07612],
			"rotation": {"angle": 22.5, "axis": "y", "origin": [-16, 5, 17]},
			"faces": {
				"north": {"uv": [6, 14, 2.5, 14.5], "texture": "#all"},
				"south": {"uv": [6, 14.5, 2.5, 15], "texture": "#all"},
				"up": {"uv": [4, 11, 4.5, 7.5], "rotation": 90, "texture": "#all"},
				"down": {"uv": [4.5, 11, 5, 7.5], "rotation": 270, "texture": "#all"}
			}
		},
		{
			"from": [-3, 1.5, 12.07612],
			"to": [2, 6.5, 12.07612],
			"rotation": {"angle": 0, "axis": "y", "origin": [-17, 5.5, 12]},
			"faces": {
				"north": {"uv": [1.25, 13, 0, 14.25], "texture": "#all"},
				"south": {"uv": [1.25, 14.25, 0, 15.5], "texture": "#all"}
			}
		},
		{
			"from": [-15, 3.5, 29.07612],
			"to": [17, 4.5, 31.07612],
			"rotation": {"angle": -22.5, "axis": "y", "origin": [34, 5.5, 50]},
			"faces": {
				"north": {"uv": [8, 15.5, 0, 15.75], "texture": "#all"},
				"south": {"uv": [8, 15.75, 0, 16], "texture": "#all"},
				"up": {"uv": [6.5, 14, 7, 6], "rotation": 90, "texture": "#all"},
				"down": {"uv": [7, 14, 7.5, 6], "rotation": 270, "texture": "#all"}
			}
		},
		{
			"from": [7, 3.5, 30.07612],
			"to": [32, 4.5, 31.07612],
			"rotation": {"angle": -45, "axis": "y", "origin": [23, 5.5, 50]},
			"faces": {
				"north": {"uv": [8, 15, 1.75, 15.25], "texture": "#all"},
				"east": {"uv": [6.75, 14, 6.5, 14.25], "texture": "#all"},
				"south": {"uv": [8, 15.25, 1.75, 15.5], "texture": "#all"},
				"up": {"uv": [5, 13.75, 5.25, 7.5], "rotation": 90, "texture": "#all"},
				"down": {"uv": [5.5, 13.75, 5.75, 7.5], "rotation": 270, "texture": "#all"}
			}
		}
	],
	"display": {
		"gui": {
			"rotation": [0, -90, 0],
			"translation": [0, -3.25, 0],
			"scale": [0.5, 0.5, 0.5]
		},
		"fixed": {
			"rotation": [-90, 0, 0],
			"translation": [0, 0, -15],
			"scale": [2, 2, 2]
		}
	}
}