{
	"credit": "Made by 古銅/斜向(@hsmkai) with Blockbench",
	"parent": "minecraft:item/display",
	"textures": {
		"all": "item/bone/pteranodon"
	},
	"elements": [
		{
			"from": [18, 3, 17.07612],
			"to": [32, 5, 19.07612],
			"rotation": {"angle": -22.5, "axis": "y", "origin": [32, 5, 17]},
			"faces": {
				"north": {"uv": [2.5, 14, 6, 14.5], "texture": "#all"},
				"south": {"uv": [2.5, 14.5, 6, 15], "texture": "#all"},
				"up": {"uv": [4, 7.5, 4.5, 11], "rotation": 90, "texture": "#all"},
				"down": {"uv": [4.5, 7.5, 5, 11], "rotation": 270, "texture": "#all"}
			}
		},
		{
			"from": [14, 1.5, 12.07612],
			"to": [19, 6.5, 12.07612],
			"rotation": {"angle": 0, "axis": "y", "origin": [33, 5.5, 12]},
			"faces": {
				"north": {"uv": [0, 13, 1.25, 14.25], "texture": "#all"},
				"south": {"uv": [0, 14.25, 1.25, 15.5], "texture": "#all"}
			}
		},
		{
			"from": [-1, 3.5, 29.07612],
			"to": [31, 4.5, 31.07612],
			"rotation": {"angle": 22.5, "axis": "y", "origin": [-18, 5.5, 50]},
			"faces": {
				"north": {"uv": [0, 15.5, 8, 15.75], "texture": "#all"},
				"south": {"uv": [0, 15.75, 8, 16], "texture": "#all"},
				"up": {"uv": [6.5, 6, 7, 14], "rotation": 90, "texture": "#all"},
				"down": {"uv": [7, 6, 7.5, 14], "rotation": 270, "texture": "#all"}
			}
		},
		{
			"from": [-16, 3.5, 30.07612],
			"to": [9, 4.5, 31.07612],
			"rotation": {"angle": 45, "axis": "y", "origin": [-7, 5.5, 50]},
			"faces": {
				"north": {"uv": [1.75, 15, 8, 15.25], "texture": "#all"},
				"south": {"uv": [1.75, 15.25, 8, 15.5], "texture": "#all"},
				"west": {"uv": [6.5, 14, 6.75, 14.25], "texture": "#all"},
				"up": {"uv": [5, 7.5, 5.25, 13.75], "rotation": 90, "texture": "#all"},
				"down": {"uv": [5.5, 7.5, 5.75, 13.75], "rotation": 270, "texture": "#all"}
			}
		}
	],
	"display": {
		"gui": {
			"rotation": [0, -90, 0],
			"translation": [0, -3.25, 0],
			"scale": [0.5, 0.5, 0.5]
		},
		"fixed": {
			"rotation": [-90, 0, 0],
			"translation": [0, 0, -15],
			"scale": [2, 2, 2]
		}
	}
}