{
	"credit": "Made by 古銅/斜向(@hsmkai) with Blockbench",
	"parent": "minecraft:item/display",
	"textures": {
		"all": "item/bone/spinosaurus-head"
	},
	"elements": [
		{
			"from": [3, 10, -16],
			"to": [13, 20, 16],
			"rotation": {"angle": 0, "axis": "x", "origin": [8, 20, 16]},
			"faces": {
				"north": {"uv": [0, 9, 5, 11.5], "texture": "#all"},
				"east": {"uv": [16, 2.5, 0, 5], "texture": "#all"},
				"south": {"uv": [0, 11.5, 5, 14], "texture": "#all"},
				"west": {"uv": [0, 2.5, 16, 5], "texture": "#all"},
				"up": {"uv": [0, 0, 16, 2.5], "rotation": 90, "texture": "#all"}
			}
		},
		{
			"from": [13, 10, -16],
			"to": [3, 20, 16],
			"rotation": {"angle": 0, "axis": "x", "origin": [8, 20, 16]},
			"faces": {
				"north": {"uv": [0, 9, 5, 11.5], "texture": "#all"},
				"east": {"uv": [16, 2.5, 0, 5], "texture": "#all"},
				"south": {"uv": [0, 11.5, 5, 14], "texture": "#all"},
				"west": {"uv": [0, 2.5, 16, 5], "texture": "#all"},
				"up": {"uv": [0, 0, 16, 2.5], "rotation": 90, "texture": "#all"}
			}
		},
		{
			"from": [6, 12, 15],
			"to": [10, 16, 20],
			"rotation": {"angle": 0, "axis": "x", "origin": [8, 16, 15]},
			"faces": {
				"east": {"uv": [7.5, 10, 5, 11], "texture": "#all"},
				"west": {"uv": [5, 10, 7.5, 11], "texture": "#all"},
				"up": {"uv": [5, 9, 7.5, 10], "rotation": 90, "texture": "#all"},
				"down": {"uv": [5, 11, 7.5, 12], "rotation": 270, "texture": "#all"}
			}
		},
		{
			"from": [6, 10, 20],
			"to": [10, 15, 26],
			"rotation": {"angle": 0, "axis": "x", "origin": [8, 15, 20]},
			"faces": {
				"east": {"uv": [10.5, 10, 7.5, 11.25], "texture": "#all"},
				"west": {"uv": [7.5, 10, 10.5, 11.25], "texture": "#all"},
				"up": {"uv": [7.5, 9, 10.5, 10], "rotation": 90, "texture": "#all"},
				"down": {"uv": [7.5, 11.25, 10.5, 12.25], "rotation": 270, "texture": "#all"}
			}
		},
		{
			"from": [5, 9, 26],
			"to": [11, 14, 32],
			"rotation": {"angle": 0, "axis": "x", "origin": [8, 14, 26]},
			"faces": {
				"east": {"uv": [13.5, 10.5, 10.5, 11.75], "texture": "#all"},
				"west": {"uv": [10.5, 10.5, 13.5, 11.75], "texture": "#all"},
				"up": {"uv": [10.5, 9, 13.5, 10.5], "rotation": 90, "texture": "#all"},
				"down": {"uv": [10.5, 11.75, 13.5, 13.25], "rotation": 270, "texture": "#all"}
			}
		},
		{
			"from": [8, 6, 16],
			"to": [8, 16, 32],
			"rotation": {"angle": 0, "axis": "x", "origin": [8, 12, 26]},
			"faces": {
				"east": {"uv": [16, 13.5, 8, 16], "texture": "#all"},
				"west": {"uv": [8, 13.5, 16, 16], "texture": "#all"}
			}
		},
		{
			"from": [4, 5.60896, -15.93853],
			"to": [12, 13.60896, 16.06147],
			"rotation": {"angle": -22.5, "axis": "x", "origin": [8, 12.60896, 16.06147]},
			"faces": {
				"north": {"uv": [0, 14, 4, 16], "texture": "#all"},
				"east": {"uv": [16, 5, 0, 7], "texture": "#all"},
				"south": {"uv": [4, 14, 8, 16], "texture": "#all"},
				"west": {"uv": [0, 5, 16, 7], "texture": "#all"},
				"down": {"uv": [0, 7, 16, 9], "rotation": 270, "texture": "#all"}
			}
		},
		{
			"from": [12, 5.60896, -15.93853],
			"to": [4, 13.60896, 16.06147],
			"rotation": {"angle": -22.5, "axis": "x", "origin": [8, 12.60896, 16.06147]},
			"faces": {
				"north": {"uv": [0, 14, 4, 16], "texture": "#all"},
				"east": {"uv": [16, 5, 0, 7], "texture": "#all"},
				"south": {"uv": [4, 14, 8, 16], "texture": "#all"},
				"west": {"uv": [0, 5, 16, 7], "texture": "#all"},
				"down": {"uv": [0, 7, 16, 9], "rotation": 270, "texture": "#all"}
			}
		}
	],
	"display": {
		"gui": {
			"rotation": [0, -90, 0],
			"translation": [0, -3.25, 0],
			"scale": [0.5, 0.5, 0.5]
		},
		"fixed": {
			"rotation": [-90, 0, 0],
			"translation": [0, 0, -15],
			"scale": [2, 2, 2]
		}
	}
}