{
	"credit": "Made by 古銅/斜向(@hsmkai) with Blockbench",
	"parent": "minecraft:item/display",
	"textures": {
		"all": "item/bone/spinosaurus-front"
	},
	"elements": [
		{
			"from": [5, 23, -16],
			"to": [11, 29, -8],
			"rotation": {"angle": 0, "axis": "x", "origin": [8, 28, -16]},
			"faces": {
				"east": {"uv": [1, 1.5, 0, 3], "texture": "#all"},
				"west": {"uv": [0, 1.5, 1, 3], "texture": "#all"},
				"up": {"uv": [0, 0, 1, 1.5], "rotation": 90, "texture": "#all"},
				"down": {"uv": [0, 3, 1, 4.5], "rotation": 270, "texture": "#all"}
			}
		},
		{
			"from": [5, 22, -8],
			"to": [11, 28, 0],
			"rotation": {"angle": 0, "axis": "x", "origin": [8, 27, -8]},
			"faces": {
				"east": {"uv": [2, 1.5, 1, 3], "texture": "#all"},
				"west": {"uv": [1, 1.5, 2, 3], "texture": "#all"},
				"up": {"uv": [1, 0, 2, 1.5], "rotation": 90, "texture": "#all"},
				"down": {"uv": [1, 3, 2, 4.5], "rotation": 270, "texture": "#all"}
			}
		},
		{
			"from": [4, 23, 16],
			"to": [12, 32, 32],
			"rotation": {"angle": 0, "axis": "x", "origin": [8, 30, 0]},
			"faces": {
				"east": {"uv": [4, 2, 2, 4.25], "texture": "#all"},
				"west": {"uv": [2, 2, 4, 4.25], "texture": "#all"},
				"up": {"uv": [2, 0, 4, 2], "rotation": 90, "texture": "#all"},
				"down": {"uv": [2, 4.25, 4, 6.25], "rotation": 270, "texture": "#all"}
			}
		},
		{
			"from": [4, 21, 4],
			"to": [12, 30, 8],
			"rotation": {"angle": 0, "axis": "x", "origin": [8, 28, -24]},
			"faces": {
				"east": {"uv": [4.5, 2, 4, 4.25], "texture": "#all"},
				"west": {"uv": [4, 2, 4.5, 4.25], "texture": "#all"},
				"up": {"uv": [4, 0, 4.5, 2], "rotation": 90, "texture": "#all"},
				"down": {"uv": [4, 4.25, 4.5, 6.25], "rotation": 270, "texture": "#all"}
			}
		},
		{
			"from": [5, 20, 0],
			"to": [11, 29, 4],
			"rotation": {"angle": 0, "axis": "x", "origin": [8, 27, -28]},
			"faces": {
				"east": {"uv": [5, 1.5, 4.5, 3.75], "texture": "#all"},
				"west": {"uv": [4.5, 1.5, 5, 3.75], "texture": "#all"},
				"up": {"uv": [4.5, 0, 5, 1.5], "rotation": 90, "texture": "#all"},
				"down": {"uv": [4.5, 3.75, 5, 5.25], "rotation": 270, "texture": "#all"}
			}
		},
		{
			"from": [4, 22, 8],
			"to": [12, 31, 16],
			"rotation": {"angle": 0, "axis": "x", "origin": [8, 29, -16]},
			"faces": {
				"east": {"uv": [6, 2, 5, 4.25], "texture": "#all"},
				"west": {"uv": [5, 2, 6, 4.25], "texture": "#all"},
				"up": {"uv": [5, 0, 6, 2], "rotation": 90, "texture": "#all"},
				"down": {"uv": [5, 4.25, 6, 6.25], "rotation": 270, "texture": "#all"}
			}
		},
		{
			"from": [2, 15, 0],
			"to": [14, 27, 4],
			"rotation": {"angle": 0, "axis": "x", "origin": [8, 30, 0]},
			"faces": {
				"east": {"uv": [6.5, 3, 6, 6], "texture": "#all"},
				"west": {"uv": [6, 3, 6.5, 6], "texture": "#all"},
				"up": {"uv": [6, 0, 6.5, 3], "rotation": 90, "texture": "#all"}
			}
		},
		{
			"from": [14, 15, 0],
			"to": [2, 27, 4],
			"rotation": {"angle": 0, "axis": "x", "origin": [8, 30, 0]},
			"faces": {
				"east": {"uv": [6.5, 3, 6, 6], "texture": "#all"},
				"west": {"uv": [6, 3, 6.5, 6], "texture": "#all"},
				"up": {"uv": [6, 0, 6.5, 3], "rotation": 90, "texture": "#all"}
			}
		},
		{
			"from": [3, 18, -8],
			"to": [13, 26, 0],
			"rotation": {"angle": 0, "axis": "x", "origin": [8, 30, -8]},
			"faces": {
				"east": {"uv": [7.5, 2.5, 6.5, 4.5], "texture": "#all"},
				"west": {"uv": [6.5, 2.5, 7.5, 4.5], "texture": "#all"},
				"up": {"uv": [6.5, 0, 7.5, 2.5], "rotation": 90, "texture": "#all"}
			}
		},
		{
			"from": [13, 18, -8],
			"to": [3, 26, 0],
			"rotation": {"angle": 0, "axis": "x", "origin": [8, 30, -8]},
			"faces": {
				"east": {"uv": [7.5, 2.5, 6.5, 4.5], "texture": "#all"},
				"west": {"uv": [6.5, 2.5, 7.5, 4.5], "texture": "#all"},
				"up": {"uv": [6.5, 0, 7.5, 2.5], "rotation": 90, "texture": "#all"}
			}
		},
		{
			"from": [4, 21, -16],
			"to": [12, 27, -8],
			"rotation": {"angle": 0, "axis": "x", "origin": [8, 31, -16]},
			"faces": {
				"east": {"uv": [8.5, 2, 7.5, 3.5], "texture": "#all"},
				"west": {"uv": [7.5, 2, 8.5, 3.5], "texture": "#all"},
				"up": {"uv": [7.5, 0, 8.5, 2], "rotation": 90, "texture": "#all"}
			}
		},
		{
			"from": [12, 21, -16],
			"to": [4, 27, -8],
			"rotation": {"angle": 0, "axis": "x", "origin": [8, 31, -16]},
			"faces": {
				"east": {"uv": [8.5, 2, 7.5, 3.5], "texture": "#all"},
				"west": {"uv": [7.5, 2, 8.5, 3.5], "texture": "#all"},
				"up": {"uv": [7.5, 0, 8.5, 2], "rotation": 90, "texture": "#all"}
			}
		},
		{
			"from": [-2, 10, 4],
			"to": [18, 28, 8],
			"rotation": {"angle": 0, "axis": "x", "origin": [8, 30, 4]},
			"faces": {
				"east": {"uv": [9, 5, 8.5, 9.5], "texture": "#all"},
				"west": {"uv": [8.5, 5, 9, 9.5], "texture": "#all"},
				"up": {"uv": [8.5, 0, 9, 5], "rotation": 90, "texture": "#all"}
			}
		},
		{
			"from": [18, 10, 4],
			"to": [-2, 28, 8],
			"rotation": {"angle": 0, "axis": "x", "origin": [8, 30, 4]},
			"faces": {
				"east": {"uv": [9, 5, 8.5, 9.5], "texture": "#all"},
				"west": {"uv": [8.5, 5, 9, 9.5], "texture": "#all"},
				"up": {"uv": [8.5, 0, 9, 5], "rotation": 90, "texture": "#all"}
			}
		},
		{
			"from": [-5, 5, 8],
			"to": [21, 29, 16],
			"rotation": {"angle": 0, "axis": "x", "origin": [8, 30, 8]},
			"faces": {
				"east": {"uv": [10, 6.5, 9, 12.5], "texture": "#all"},
				"west": {"uv": [9, 6.5, 10, 12.5], "texture": "#all"},
				"up": {"uv": [9, 0, 10, 6.5], "rotation": 90, "texture": "#all"},
				"down": {"uv": [10, 0, 11, 6.5], "rotation": 270, "texture": "#all"}
			}
		},
		{
			"from": [21, 5, 8],
			"to": [-5, 29, 16],
			"rotation": {"angle": 0, "axis": "x", "origin": [8, 30, 8]},
			"faces": {
				"east": {"uv": [10, 6.5, 9, 12.5], "texture": "#all"},
				"west": {"uv": [9, 6.5, 10, 12.5], "texture": "#all"},
				"up": {"uv": [9, 0, 10, 6.5], "rotation": 90, "texture": "#all"},
				"down": {"uv": [10, 0, 11, 6.5], "rotation": 270, "texture": "#all"}
			}
		},
		{
			"from": [-8, 2, 16],
			"to": [24, 30, 32],
			"rotation": {"angle": 0, "axis": "x", "origin": [8, 30, 16]},
			"faces": {
				"east": {"uv": [13, 8, 11, 15], "texture": "#all"},
				"west": {"uv": [11, 8, 13, 15], "texture": "#all"},
				"up": {"uv": [11, 0, 13, 8], "rotation": 90, "texture": "#all"},
				"down": {"uv": [13, 0, 15, 8], "rotation": 270, "texture": "#all"}
			}
		},
		{
			"from": [24, 2, 16],
			"to": [-8, 30, 32],
			"rotation": {"angle": 0, "axis": "x", "origin": [8, 30, 16]},
			"faces": {
				"east": {"uv": [13, 8, 11, 15], "texture": "#all"},
				"west": {"uv": [11, 8, 13, 15], "texture": "#all"},
				"up": {"uv": [11, 0, 13, 8], "rotation": 90, "texture": "#all"},
				"down": {"uv": [13, 0, 15, 8], "rotation": 270, "texture": "#all"}
			}
		},
		{
			"from": [-7, 24, -6],
			"to": [-3, 29, 12],
			"rotation": {"angle": -22.5, "axis": "x", "origin": [-2, 29, 12]},
			"faces": {
				"north": {"uv": [0, 10.75, 0.5, 12], "texture": "#all"},
				"east": {"uv": [2.25, 7.25, 0, 8.5], "texture": "#all"},
				"south": {"uv": [0, 12, 0.5, 13.25], "texture": "#all"},
				"west": {"uv": [0, 9.5, 2.25, 10.75], "texture": "#all"},
				"up": {"uv": [0, 6.25, 2.25, 7.25], "rotation": 90, "texture": "#all"},
				"down": {"uv": [0, 8.5, 2.25, 9.5], "rotation": 270, "texture": "#all"}
			}
		},
		{
			"from": [19, 24, -6],
			"to": [23, 29, 12],
			"rotation": {"angle": -45, "axis": "x", "origin": [18, 29, 12]},
			"faces": {
				"north": {"uv": [0.5, 10.75, 0, 12], "texture": "#all"},
				"east": {"uv": [2.25, 9.5, 0, 10.75], "texture": "#all"},
				"south": {"uv": [0.5, 12, 0, 13.25], "texture": "#all"},
				"west": {"uv": [0, 7.25, 2.25, 8.5], "texture": "#all"},
				"up": {"uv": [0, 7.25, 2.25, 6.25], "rotation": 90, "texture": "#all"},
				"down": {"uv": [0, 9.5, 2.25, 8.5], "rotation": 270, "texture": "#all"}
			}
		},
		{
			"from": [-8, 10, -5],
			"to": [-4, 20, -1],
			"rotation": {"angle": -22.5, "axis": "x", "origin": [-3, 20, -5]},
			"faces": {
				"north": {"uv": [8, 10.5, 8.5, 13], "texture": "#all"},
				"east": {"uv": [8.5, 4.5, 8, 7], "texture": "#all"},
				"south": {"uv": [8, 13, 8.5, 15.5], "texture": "#all"},
				"west": {"uv": [8, 8, 8.5, 10.5], "texture": "#all"},
				"up": {"uv": [8, 3.5, 8.5, 4.5], "rotation": 90, "texture": "#all"},
				"down": {"uv": [8, 7, 8.5, 8], "rotation": 270, "texture": "#all"}
			}
		},
		{
			"from": [20, 13, -9],
			"to": [24, 17, 1],
			"rotation": {"angle": -22.5, "axis": "x", "origin": [19, 17, 1]},
			"faces": {
				"north": {"uv": [8, 8, 8.5, 7], "rotation": 90, "texture": "#all"},
				"east": {"uv": [8.5, 8, 8, 10.5], "rotation": 270, "texture": "#all"},
				"south": {"uv": [8, 4.5, 8.5, 3.5], "rotation": 90, "texture": "#all"},
				"west": {"uv": [8, 4.5, 8.5, 7], "rotation": 90, "texture": "#all"},
				"up": {"uv": [8.5, 10.5, 8, 13], "rotation": 180, "texture": "#all"},
				"down": {"uv": [8.5, 13, 8, 15.5], "texture": "#all"}
			}
		},
		{
			"from": [-9, 11, -1],
			"to": [-7, 14, 11],
			"rotation": {"angle": 0, "axis": "x", "origin": [-5, 14, -1]},
			"faces": {
				"north": {"uv": [2.75, 8.75, 3, 9.5], "texture": "#all"},
				"east": {"uv": [4.25, 6.75, 2.75, 7.5], "texture": "#all"},
				"south": {"uv": [2.75, 9.5, 3, 10.25], "texture": "#all"},
				"west": {"uv": [2.75, 8, 4.25, 8.75], "texture": "#all"},
				"up": {"uv": [2.75, 6.25, 4.25, 6.75], "rotation": 90, "texture": "#all"},
				"down": {"uv": [2.75, 7.5, 4.25, 8], "rotation": 270, "texture": "#all"}
			}
		},
		{
			"from": [23, 0, -8],
			"to": [25, 12, -5],
			"rotation": {"angle": 22.5, "axis": "x", "origin": [21, 12, -5]},
			"faces": {
				"north": {"uv": [2.75, 8, 4.25, 7.5], "rotation": 90, "texture": "#all"},
				"east": {"uv": [4.25, 8, 2.75, 8.75], "rotation": 270, "texture": "#all"},
				"south": {"uv": [2.75, 6.75, 4.25, 6.25], "rotation": 90, "texture": "#all"},
				"west": {"uv": [2.75, 6.75, 4.25, 7.5], "rotation": 90, "texture": "#all"},
				"up": {"uv": [3, 8.75, 2.75, 9.5], "rotation": 180, "texture": "#all"},
				"down": {"uv": [3, 9.5, 2.75, 10.25], "texture": "#all"}
			}
		},
		{
			"from": [-10, 10, 11],
			"to": [-8, 14, 21],
			"rotation": {"angle": 22.5, "axis": "x", "origin": [-5, 14, 11]},
			"faces": {
				"north": {"uv": [4.25, 9.25, 4.5, 10.25], "texture": "#all"},
				"east": {"uv": [5.5, 6.75, 4.25, 7.75], "texture": "#all"},
				"south": {"uv": [4.25, 10.25, 4.5, 11.25], "texture": "#all"},
				"west": {"uv": [4.25, 8.25, 5.5, 9.25], "texture": "#all"},
				"up": {"uv": [4.25, 6.25, 5.5, 6.75], "rotation": 90, "texture": "#all"},
				"down": {"uv": [4.25, 7.75, 5.5, 8.25], "rotation": 270, "texture": "#all"}
			}
		},
		{
			"from": [24, -1, -11],
			"to": [26, 3, -1],
			"rotation": {"angle": 45, "axis": "x", "origin": [21, 3, -11]},
			"faces": {
				"north": {"uv": [4.5, 9.25, 4.25, 10.25], "texture": "#all"},
				"east": {"uv": [5.5, 8.25, 4.25, 9.25], "texture": "#all"},
				"south": {"uv": [4.5, 10.25, 4.25, 11.25], "texture": "#all"},
				"west": {"uv": [4.25, 6.75, 5.5, 7.75], "texture": "#all"},
				"up": {"uv": [4.25, 6.75, 5.5, 6.25], "rotation": 90, "texture": "#all"},
				"down": {"uv": [4.25, 8.25, 5.5, 7.75], "rotation": 270, "texture": "#all"}
			}
		},
		{
			"from": [-12, 8, 17],
			"to": [-6, 10, 26],
			"rotation": {"angle": 0, "axis": "x", "origin": [-6, 12, 18]},
			"faces": {
				"north": {"uv": [5.5, 10.25, 6.25, 10.75], "texture": "#all"},
				"east": {"uv": [6.625, 7.75, 5.5, 8.25], "texture": "#all"},
				"south": {"uv": [5.5, 10.75, 6.25, 11.25], "texture": "#all"},
				"west": {"uv": [5.5, 9.75, 6.625, 10.25], "texture": "#all"},
				"up": {"uv": [5.5, 6.25, 6.625, 7.75], "rotation": 90, "texture": "#all"},
				"down": {"uv": [5.5, 8.25, 6.625, 9.75], "rotation": 270, "texture": "#all"}
			}
		},
		{
			"from": [22, -6, -6],
			"to": [28, -4, 3],
			"rotation": {"angle": 22.5, "axis": "x", "origin": [22, -2, -5]},
			"faces": {
				"north": {"uv": [6.25, 10.25, 5.5, 10.75], "texture": "#all"},
				"east": {"uv": [6.625, 9.75, 5.5, 10.25], "texture": "#all"},
				"south": {"uv": [6.25, 10.75, 5.5, 11.25], "texture": "#all"},
				"west": {"uv": [5.5, 7.75, 6.625, 8.25], "texture": "#all"},
				"up": {"uv": [5.5, 7.75, 6.625, 6.25], "rotation": 90, "texture": "#all"},
				"down": {"uv": [5.5, 9.75, 6.625, 8.25], "rotation": 270, "texture": "#all"}
			}
		}
	],
	"display": {
		"gui": {
			"rotation": [0, -90, 0],
			"translation": [0, -3.25, 0],
			"scale": [0.5, 0.5, 0.5]
		},
		"fixed": {
			"rotation": [-90, 0, 0],
			"translation": [0, 0, -15],
			"scale": [2, 2, 2]
		}
	}
}