{
    "credit": "Made by \u53e4\u9285/\u659c\u5411(@hsmkai) with Blockbench",
    "parent": "minecraft:item/display",
    "elements": [
        {
            "from": [
                7,
                29,
                -16
            ],
            "to": [
                9,
                32,
                0
            ],
            "rotation": {
                "angle": 0,
                "axis": "x",
                "origin": [
                    8,
                    30,
                    -33
                ]
            },
            "faces": {
                "up": {
                    "uv": [
                        0.0,
                        6.0,
                        4.0,
                        8.0
                    ],
                    "texture": "#all",
                    "rotation": 90
                },
                "east": {
                    "uv": [
                        4.0,
                        8.0,
                        0.0,
                        11.0
                    ],
                    "texture": "#all"
                },
                "down": {
                    "uv": [
                        0.0,
                        11.0,
                        4.0,
                        13.0
                    ],
                    "texture": "#all",
                    "rotation": 270
                },
                "west": {
                    "uv": [
                        0.0,
                        8.0,
                        4.0,
                        11.0
                    ],
                    "texture": "#all"
                }
            }
        },
        {
            "from": [
                7,
                28,
                0
            ],
            "to": [
                9,
                31,
                16
            ],
            "rotation": {
                "angle": 0,
                "axis": "x",
                "origin": [
                    8,
                    29,
                    -17
                ]
            },
            "faces": {
                "up": {
                    "uv": [
                        4.0,
                        6.0,
                        8.0,
                        8.0
                    ],
                    "texture": "#all",
                    "rotation": 90
                },
                "east": {
                    "uv": [
                        8.0,
                        8.0,
                        4.0,
                        11.0
                    ],
                    "texture": "#all"
                },
                "down": {
                    "uv": [
                        4.0,
                        11.0,
                        8.0,
                        13.0
                    ],
                    "texture": "#all",
                    "rotation": 270
                },
                "west": {
                    "uv": [
                        4.0,
                        8.0,
                        8.0,
                        11.0
                    ],
                    "texture": "#all"
                }
            }
        },
        {
            "from": [
                7,
                27,
                16
            ],
            "to": [
                9,
                29,
                32
            ],
            "rotation": {
                "angle": 0,
                "axis": "x",
                "origin": [
                    8,
                    29,
                    -1
                ]
            },
            "faces": {
                "up": {
                    "uv": [
                        8.0,
                        6.0,
                        12.0,
                        8.0
                    ],
                    "texture": "#all",
                    "rotation": 90
                },
                "east": {
                    "uv": [
                        12.0,
                        8.0,
                        8.0,
                        10.0
                    ],
                    "texture": "#all"
                },
                "down": {
                    "uv": [
                        8.0,
                        10.0,
                        12.0,
                        12.0
                    ],
                    "texture": "#all",
                    "rotation": 270
                },
                "west": {
                    "uv": [
                        8.0,
                        8.0,
                        12.0,
                        10.0
                    ],
                    "texture": "#all"
                }
            }
        },
        {
            "from": [
                8,
                26,
                -16
            ],
            "to": [
                8,
                32,
                32
            ],
            "rotation": {
                "angle": 0,
                "axis": "x",
                "origin": [
                    8,
                    29,
                    -1
                ]
            },
            "faces": {
                "east": {
                    "uv": [
                        12.0,
                        0.0,
                        0.0,
                        6.0
                    ],
                    "texture": "#all"
                },
                "west": {
                    "uv": [
                        0.0,
                        0.0,
                        12.0,
                        6.0
                    ],
                    "texture": "#all"
                }
            }
        }
    ],
    "display": {
        "gui": {
            "rotation": [
                0,
                -90,
                0
            ],
            "translation": [
                0,
                -3.25,
                0
            ],
            "scale": [
                0.5,
                0.5,
                0.5
            ]
        },
        "fixed": {
            "rotation": [
                -90,
                0,
                0
            ],
            "translation": [
                0,
                0,
                -15
            ],
            "scale": [
                2,
                2,
                2
            ]
        }
    },
    "textures": {
        "all": "item/bone/spinosaurus-tail-back"
    }
}