{
    "credit": "Made by \u53e4\u9285/\u659c\u5411(@hsmkai) with Blockbench",
    "parent": "minecraft:item/display",
    "elements": [
        {
            "from": [
                8,
                -16,
                -16
            ],
            "to": [
                8,
                19,
                32
            ],
            "rotation": {
                "angle": 0,
                "axis": "x",
                "origin": [
                    8,
                    -2,
                    -9
                ]
            },
            "faces": {
                "east": {
                    "uv": [
                        12.0,
                        0.0,
                        0.0,
                        8.75
                    ],
                    "texture": "#all"
                },
                "west": {
                    "uv": [
                        0.0,
                        0.0,
                        12.0,
                        8.75
                    ],
                    "texture": "#all"
                }
            }
        }
    ],
    "display": {
        "gui": {
            "rotation": [
                0,
                -90,
                0
            ],
            "translation": [
                0,
                -3.25,
                0
            ],
            "scale": [
                0.5,
                0.5,
                0.5
            ]
        },
        "fixed": {
            "rotation": [
                -90,
                0,
                0
            ],
            "translation": [
                0,
                0,
                -15
            ],
            "scale": [
                2,
                2,
                2
            ]
        }
    },
    "textures": {
        "all": "item/bone/spinosaurus-top-tail"
    }
}