{
	"credit": "Made by 古銅/斜向(@hsmkai) with Blockbench",
	"parent": "minecraft:item/display",
	"textures": {
		"all": "item/bone/spinosaurus-back"
	},
	"elements": [
		{
			"from": [5, 25, -16],
			"to": [11, 31, -4],
			"rotation": {"angle": 0, "axis": "x", "origin": [8, 29, -32]},
			"faces": {
				"east": {"uv": [6, 1.5, 4.5, 3], "texture": "#all"},
				"west": {"uv": [4.5, 1.5, 6, 3], "texture": "#all"},
				"up": {"uv": [4.5, 0, 6, 1.5], "rotation": 90, "texture": "#all"},
				"down": {"uv": [4.5, 3, 6, 4.5], "rotation": 270, "texture": "#all"}
			}
		},
		{
			"from": [5, 24, -4],
			"to": [11, 30, 8],
			"rotation": {"angle": 0, "axis": "x", "origin": [8, 28, -21]},
			"faces": {
				"east": {"uv": [6, 6, 4.5, 7.5], "texture": "#all"},
				"west": {"uv": [4.5, 6, 6, 7.5], "texture": "#all"},
				"up": {"uv": [4.5, 4.5, 6, 6], "rotation": 90, "texture": "#all"},
				"down": {"uv": [4.5, 7.5, 6, 9], "rotation": 270, "texture": "#all"}
			}
		},
		{
			"from": [5, 23, 8],
			"to": [11, 29, 20],
			"rotation": {"angle": 0, "axis": "x", "origin": [8, 27, -9]},
			"faces": {
				"east": {"uv": [7.5, 1.5, 6, 3], "texture": "#all"},
				"west": {"uv": [6, 1.5, 7.5, 3], "texture": "#all"},
				"up": {"uv": [6, 0, 7.5, 1.5], "rotation": 90, "texture": "#all"},
				"down": {"uv": [6, 3, 7.5, 4.5], "rotation": 270, "texture": "#all"}
			}
		},
		{
			"from": [5, 22, 20],
			"to": [11, 28, 32],
			"rotation": {"angle": 0, "axis": "x", "origin": [8, 26, 3]},
			"faces": {
				"east": {"uv": [7.5, 6, 6, 7.5], "texture": "#all"},
				"west": {"uv": [6, 6, 7.5, 7.5], "texture": "#all"},
				"up": {"uv": [6, 4.5, 7.5, 6], "rotation": 90, "texture": "#all"},
				"down": {"uv": [6, 7.5, 7.5, 9], "rotation": 270, "texture": "#all"}
			}
		},
		{
			"from": [2, 15, 8],
			"to": [14, 27, 20],
			"rotation": {"angle": 0, "axis": "x", "origin": [8, 30, 8]},
			"faces": {
				"east": {"uv": [4.5, 3, 3, 6], "texture": "#all"},
				"west": {"uv": [3, 3, 4.5, 6], "texture": "#all"},
				"up": {"uv": [3, 0, 4.5, 3], "rotation": 90, "texture": "#all"}
			}
		},
		{
			"from": [14, 15, 8],
			"to": [2, 27, 20],
			"rotation": {"angle": 0, "axis": "x", "origin": [8, 30, 8]},
			"faces": {
				"east": {"uv": [4.5, 3, 3, 6], "texture": "#all"},
				"west": {"uv": [3, 3, 4.5, 6], "texture": "#all"},
				"up": {"uv": [3, 0, 4.5, 3], "rotation": 90, "texture": "#all"}
			}
		},
		{
			"from": [-2, 10, -4],
			"to": [18, 28, 8],
			"rotation": {"angle": 0, "axis": "x", "origin": [8, 30, -4]},
			"faces": {
				"east": {"uv": [1.5, 5, 0, 9.5], "texture": "#all"},
				"west": {"uv": [0, 5, 1.5, 9.5], "texture": "#all"},
				"up": {"uv": [0, 0, 1.5, 5], "rotation": 90, "texture": "#all"},
				"down": {"uv": [0, 9.5, 1.5, 14.5], "rotation": 270, "texture": "#all"}
			}
		},
		{
			"from": [18, 10, -4],
			"to": [-2, 28, 8],
			"rotation": {"angle": 0, "axis": "x", "origin": [8, 30, -4]},
			"faces": {
				"east": {"uv": [1.5, 5, 0, 9.5], "texture": "#all"},
				"west": {"uv": [0, 5, 1.5, 9.5], "texture": "#all"},
				"up": {"uv": [0, 0, 1.5, 5], "rotation": 90, "texture": "#all"},
				"down": {"uv": [0, 9.5, 1.5, 14.5], "rotation": 270, "texture": "#all"}
			}
		},
		{
			"from": [21, 5, -16],
			"to": [-5, 29, -4],
			"rotation": {"angle": 0, "axis": "x", "origin": [8, 30, -16]},
			"faces": {
				"east": {"uv": [3, 6.5, 1.5, 12.5], "texture": "#all"},
				"west": {"uv": [1.5, 6.5, 3, 12.5], "texture": "#all"},
				"up": {"uv": [1.5, 0, 3, 6.5], "rotation": 90, "texture": "#all"},
				"down": {"uv": [3, 6, 4.5, 12.5], "rotation": 270, "texture": "#all"}
			}
		},
		{
			"from": [-5, 5, -16],
			"to": [21, 29, -4],
			"rotation": {"angle": 0, "axis": "x", "origin": [8, 30, -16]},
			"faces": {
				"east": {"uv": [3, 6.5, 1.5, 12.5], "texture": "#all"},
				"west": {"uv": [1.5, 6.5, 3, 12.5], "texture": "#all"},
				"up": {"uv": [1.5, 0, 3, 6.5], "rotation": 90, "texture": "#all"},
				"down": {"uv": [3, 6, 4.5, 12.5], "rotation": 270, "texture": "#all"}
			}
		},
		{
			"from": [-1, 21, 8],
			"to": [3, 31, 32],
			"rotation": {"angle": 0, "axis": "y", "origin": [8, 38, 37]},
			"faces": {
				"north": {"uv": [11.5, 6, 12, 8.5], "texture": "#all"},
				"east": {"uv": [10.5, 1, 7.5, 3.5], "texture": "#all"},
				"south": {"uv": [11.5, 8.5, 12, 11], "texture": "#all"},
				"west": {"uv": [7.5, 4.5, 10.5, 7], "texture": "#all"},
				"up": {"uv": [7.5, 0, 10.5, 1], "rotation": 90, "texture": "#all"},
				"down": {"uv": [7.5, 3.5, 10.5, 4.5], "rotation": 270, "texture": "#all"}
			}
		},
		{
			"from": [13, 21, 8],
			"to": [17, 31, 32],
			"rotation": {"angle": 0, "axis": "y", "origin": [8, 38, 37]},
			"faces": {
				"north": {"uv": [12, 6, 11.5, 8.5], "texture": "#all"},
				"east": {"uv": [10.5, 4.5, 7.5, 7], "texture": "#all"},
				"south": {"uv": [12, 8.5, 11.5, 11], "texture": "#all"},
				"west": {"uv": [7.5, 1, 10.5, 3.5], "texture": "#all"},
				"up": {"uv": [7.5, 1, 10.5, 0], "rotation": 90, "texture": "#all"},
				"down": {"uv": [7.5, 4.5, 10.5, 3.5], "rotation": 270, "texture": "#all"}
			}
		},
		{
			"from": [-3, 8, 16],
			"to": [1, 25, 24],
			"rotation": {"angle": 22.5, "axis": "x", "origin": [-2, 23, 20]},
			"faces": {
				"north": {"uv": [12.5, 0, 13, 4.25], "texture": "#all"},
				"east": {"uv": [11.5, 1, 10.5, 5.25], "texture": "#all"},
				"south": {"uv": [12.5, 4.25, 13, 8.5], "texture": "#all"},
				"west": {"uv": [10.5, 6.25, 11.5, 10.5], "texture": "#all"},
				"up": {"uv": [10.5, 0, 11.5, 1], "rotation": 90, "texture": "#all"},
				"down": {"uv": [10.5, 5.25, 11.5, 6.25], "rotation": 270, "texture": "#all"}
			}
		},
		{
			"from": [15, 8, 16],
			"to": [19, 25, 24],
			"rotation": {"angle": -22.5, "axis": "x", "origin": [18, 23, 20]},
			"faces": {
				"north": {"uv": [13, 0, 12.5, 4.25], "texture": "#all"},
				"east": {"uv": [11.5, 6.25, 10.5, 10.5], "texture": "#all"},
				"south": {"uv": [13, 4.25, 12.5, 8.5], "texture": "#all"},
				"west": {"uv": [10.5, 1, 11.5, 5.25], "texture": "#all"},
				"up": {"uv": [10.5, 1, 11.5, 0], "rotation": 90, "texture": "#all"},
				"down": {"uv": [10.5, 6.25, 11.5, 5.25], "rotation": 270, "texture": "#all"}
			}
		},
		{
			"from": [-4, 8, 8],
			"to": [0, 12, 32],
			"rotation": {"angle": 45, "axis": "x", "origin": [-2, 3, 14]},
			"faces": {
				"north": {"uv": [12, 6, 12.5, 7], "texture": "#all"},
				"east": {"uv": [10.5, 8, 7.5, 9], "texture": "#all"},
				"south": {"uv": [12, 7, 12.5, 8], "texture": "#all"},
				"west": {"uv": [7.5, 10, 10.5, 11], "texture": "#all"},
				"up": {"uv": [7.5, 7, 10.5, 8], "rotation": 90, "texture": "#all"},
				"down": {"uv": [7.5, 9, 10.5, 10], "rotation": 270, "texture": "#all"}
			}
		},
		{
			"from": [16, 8, 8],
			"to": [20, 12, 32],
			"rotation": {"angle": 22.5, "axis": "x", "origin": [17, -32, 17]},
			"faces": {
				"north": {"uv": [12.5, 6, 12, 7], "texture": "#all"},
				"east": {"uv": [10.5, 10, 7.5, 11], "texture": "#all"},
				"south": {"uv": [12.5, 7, 12, 8], "texture": "#all"},
				"west": {"uv": [7.5, 8, 10.5, 9], "texture": "#all"},
				"up": {"uv": [7.5, 8, 10.5, 7], "rotation": 90, "texture": "#all"},
				"down": {"uv": [7.5, 10, 10.5, 9], "rotation": 270, "texture": "#all"}
			}
		},
		{
			"from": [-6, -15, 30],
			"to": [2, -3, 32],
			"rotation": {"angle": -22.5, "axis": "x", "origin": [-2, -3, 31]},
			"faces": {
				"north": {"uv": [11.5, 0, 12.5, 3], "texture": "#all"},
				"east": {"uv": [13.25, 2, 13, 5], "texture": "#all"},
				"south": {"uv": [11.5, 3, 12.5, 6], "texture": "#all"},
				"west": {"uv": [13, 7, 13.25, 10], "texture": "#all"},
				"up": {"uv": [13, 0, 13.25, 2], "rotation": 90, "texture": "#all"},
				"down": {"uv": [13, 5, 13.25, 7], "rotation": 270, "texture": "#all"}
			}
		},
		{
			"from": [14, -15, 30],
			"to": [22, -3, 32],
			"rotation": {"angle": -45, "axis": "x", "origin": [21, 16, 32]},
			"faces": {
				"north": {"uv": [12.5, 0, 11.5, 3], "texture": "#all"},
				"east": {"uv": [13.25, 7, 13, 10], "texture": "#all"},
				"south": {"uv": [12.5, 3, 11.5, 6], "texture": "#all"},
				"west": {"uv": [13, 2, 13.25, 5], "texture": "#all"},
				"up": {"uv": [13, 2, 13.25, 0], "rotation": 90, "texture": "#all"},
				"down": {"uv": [13, 7, 13.25, 5], "rotation": 270, "texture": "#all"}
			}
		}
	],
	"display": {
		"gui": {
			"rotation": [0, -90, 0],
			"translation": [0, -3.25, 0],
			"scale": [0.5, 0.5, 0.5]
		},
		"fixed": {
			"rotation": [-90, 0, 0],
			"translation": [0, 0, -15],
			"scale": [2, 2, 2]
		}
	}
}