{
    "credit": "Made by \u53e4\u9285/\u659c\u5411(@hsmkai) with Blockbench",
    "parent": "minecraft:item/display",
    "elements": [
        {
            "from": [
                5,
                22,
                -16
            ],
            "to": [
                11,
                27,
                8
            ],
            "rotation": {
                "angle": 0,
                "axis": "x",
                "origin": [
                    8,
                    25,
                    -33
                ]
            },
            "faces": {
                "up": {
                    "uv": [
                        0.0,
                        0.0,
                        12.0,
                        3.0
                    ],
                    "texture": "#all",
                    "rotation": 90
                },
                "east": {
                    "uv": [
                        12.0,
                        3.0,
                        0.0,
                        5.5
                    ],
                    "texture": "#all"
                },
                "down": {
                    "uv": [
                        0.0,
                        5.5,
                        12.0,
                        8.5
                    ],
                    "texture": "#all",
                    "rotation": 270
                },
                "west": {
                    "uv": [
                        0.0,
                        3.0,
                        12.0,
                        5.5
                    ],
                    "texture": "#all"
                }
            }
        },
        {
            "from": [
                6,
                24,
                8
            ],
            "to": [
                10,
                28,
                32
            ],
            "rotation": {
                "angle": 0,
                "axis": "x",
                "origin": [
                    8,
                    26,
                    -9
                ]
            },
            "faces": {
                "up": {
                    "uv": [
                        0.0,
                        8.5,
                        12.0,
                        10.5
                    ],
                    "texture": "#all",
                    "rotation": 90
                },
                "east": {
                    "uv": [
                        12.0,
                        10.5,
                        0.0,
                        12.5
                    ],
                    "texture": "#all"
                },
                "down": {
                    "uv": [
                        0.0,
                        12.5,
                        12.0,
                        14.5
                    ],
                    "texture": "#all",
                    "rotation": 270
                },
                "west": {
                    "uv": [
                        0.0,
                        10.5,
                        12.0,
                        12.5
                    ],
                    "texture": "#all"
                }
            }
        }
    ],
    "display": {
        "gui": {
            "rotation": [
                0,
                -90,
                0
            ],
            "translation": [
                0,
                -3.25,
                0
            ],
            "scale": [
                0.5,
                0.5,
                0.5
            ]
        },
        "fixed": {
            "rotation": [
                -90,
                0,
                0
            ],
            "translation": [
                0,
                0,
                -15
            ],
            "scale": [
                2,
                2,
                2
            ]
        }
    },
    "textures": {
        "all": "item/bone/spinosaurus-tail-front"
    }
}