{
	"credit": "Made by 古銅/斜向(@hsmkai) with Blockbench",
	"parent": "minecraft:item/display",
	"textures": {
		"all": "item/bone/stegosaurus-front"
	},
	"elements": [
		{
			"from": [5, 19, -16],
			"to": [11, 26, -4],
			"rotation": {"angle": 0, "axis": "y", "origin": [16, 27, -8]},
			"faces": {
				"east": {"uv": [4, 0.75, 1, 1.625], "texture": "#all"},
				"west": {"uv": [1, 0.75, 4, 1.625], "texture": "#all"},
				"up": {"uv": [1, 0, 4, 0.75], "rotation": 90, "texture": "#all"},
				"down": {"uv": [1, 1.625, 4, 2.375], "rotation": 270, "texture": "#all"}
			}
		},
		{
			"from": [5, 20, -4],
			"to": [11, 28, 8],
			"rotation": {"angle": 0, "axis": "y", "origin": [16, 29, 8]},
			"faces": {
				"east": {"uv": [4, 3.125, 1, 4.125], "texture": "#all"},
				"west": {"uv": [1, 3.125, 4, 4.125], "texture": "#all"},
				"up": {"uv": [1, 2.375, 4, 3.125], "rotation": 90, "texture": "#all"},
				"down": {"uv": [1, 4.125, 4, 4.875], "rotation": 270, "texture": "#all"}
			}
		},
		{
			"from": [5, 21, 8],
			"to": [11, 30, 20],
			"rotation": {"angle": 0, "axis": "y", "origin": [16, 31, 24]},
			"faces": {
				"east": {"uv": [4, 5.625, 1, 6.75], "texture": "#all"},
				"west": {"uv": [1, 5.625, 4, 6.75], "texture": "#all"},
				"up": {"uv": [1, 4.875, 4, 5.625], "rotation": 90, "texture": "#all"},
				"down": {"uv": [1, 6.75, 4, 7.5], "rotation": 270, "texture": "#all"}
			}
		},
		{
			"from": [5, 22, 20],
			"to": [11, 32, 32],
			"rotation": {"angle": 0, "axis": "y", "origin": [16, 33, 32]},
			"faces": {
				"east": {"uv": [4, 8.25, 1, 9.5], "texture": "#all"},
				"west": {"uv": [1, 8.25, 4, 9.5], "texture": "#all"},
				"up": {"uv": [1, 7.5, 4, 8.25], "rotation": 90, "texture": "#all"},
				"down": {"uv": [1, 9.5, 4, 10.25], "rotation": 270, "texture": "#all"}
			}
		},
		{
			"from": [-8, 6, 20],
			"to": [24, 26, 32],
			"rotation": {"angle": 0, "axis": "y", "origin": [16, 33, 32]},
			"faces": {
				"east": {"uv": [16, 4, 13, 6.5], "texture": "#all"},
				"west": {"uv": [13, 4, 16, 6.5], "texture": "#all"},
				"up": {"uv": [13, 0, 16, 4], "rotation": 90, "texture": "#all"}
			}
		},
		{
			"from": [24, 6, 20],
			"to": [-8, 26, 32],
			"rotation": {"angle": 0, "axis": "y", "origin": [16, 33, 32]},
			"faces": {
				"east": {"uv": [16, 4, 13, 6.5], "texture": "#all"},
				"west": {"uv": [13, 4, 16, 6.5], "texture": "#all"},
				"up": {"uv": [13, 0, 16, 4], "rotation": 90, "texture": "#all"}
			}
		},
		{
			"from": [-2, 10, -16],
			"to": [18, 22, -4],
			"rotation": {"angle": 0, "axis": "y", "origin": [16, 33, 8]},
			"faces": {
				"east": {"uv": [16, 9, 13, 10.5], "texture": "#all"},
				"west": {"uv": [13, 9, 16, 10.5], "texture": "#all"},
				"up": {"uv": [13, 6.5, 16, 9], "rotation": 90, "texture": "#all"}
			}
		},
		{
			"from": [18, 10, -16],
			"to": [-2, 22, -4],
			"rotation": {"angle": 0, "axis": "y", "origin": [16, 33, 8]},
			"faces": {
				"east": {"uv": [16, 9, 13, 10.5], "texture": "#all"},
				"west": {"uv": [13, 9, 16, 10.5], "texture": "#all"},
				"up": {"uv": [13, 6.5, 16, 9], "rotation": 90, "texture": "#all"}
			}
		},
		{
			"from": [18, 10, -10],
			"to": [22, 24, -2],
			"rotation": {"angle": 22.5, "axis": "x", "origin": [18, 24, -10]},
			"faces": {
				"north": {"uv": [0, 0, 1, 1.75], "texture": "#all"},
				"east": {"uv": [7.5, 12, 5.5, 13.75], "texture": "#all"},
				"south": {"uv": [0, 1.75, 1, 3.5], "texture": "#all"},
				"west": {"uv": [5.5, 14.25, 7.5, 16], "texture": "#all"},
				"up": {"uv": [5.5, 11.5, 7.5, 12], "rotation": 90, "texture": "#all"},
				"down": {"uv": [5.5, 13.75, 7.5, 14.25], "rotation": 270, "texture": "#all"}
			}
		},
		{
			"from": [-6, 10, -10],
			"to": [-2, 24, -2],
			"rotation": {"angle": 0, "axis": "x", "origin": [-2, 24, -10]},
			"faces": {
				"north": {"uv": [0, 3.5, 1, 5.25], "texture": "#all"},
				"east": {"uv": [9.5, 12, 7.5, 13.75], "texture": "#all"},
				"south": {"uv": [0, 5.25, 1, 7], "texture": "#all"},
				"west": {"uv": [7.5, 14.25, 9.5, 16], "texture": "#all"},
				"up": {"uv": [7.5, 11.5, 9.5, 12], "rotation": 90, "texture": "#all"},
				"down": {"uv": [7.5, 13.75, 9.5, 14.25], "rotation": 270, "texture": "#all"}
			}
		},
		{
			"from": [20, -5, -14],
			"to": [23, 11, -7],
			"rotation": {"angle": -22.5, "axis": "x", "origin": [20, 11, -14]},
			"faces": {
				"north": {"uv": [6.5, 6, 7.25, 8], "texture": "#all"},
				"east": {"uv": [11.25, 11.625, 9.5, 13.625], "texture": "#all"},
				"south": {"uv": [6.5, 8, 7.25, 10], "texture": "#all"},
				"west": {"uv": [9.5, 14, 11.25, 16], "texture": "#all"},
				"up": {"uv": [9.5, 11.25, 11.25, 11.625], "rotation": 90, "texture": "#all"},
				"down": {"uv": [9.5, 13.625, 11.25, 14], "rotation": 270, "texture": "#all"}
			}
		},
		{
			"from": [-7, -5, -9],
			"to": [-4, 11, -2],
			"rotation": {"angle": -22.5, "axis": "x", "origin": [-4, 11, -9]},
			"faces": {
				"north": {"uv": [7.25, 6, 8, 8], "texture": "#all"},
				"east": {"uv": [13, 11.625, 11.25, 13.625], "texture": "#all"},
				"south": {"uv": [7.25, 8, 8, 10], "texture": "#all"},
				"west": {"uv": [11.25, 14, 13, 16], "texture": "#all"},
				"up": {"uv": [11.25, 11.25, 13, 11.625], "rotation": 90, "texture": "#all"},
				"down": {"uv": [11.25, 13.625, 13, 14], "rotation": 270, "texture": "#all"}
			}
		},
		{
			"from": [19, -12, -7],
			"to": [23, 0, -3],
			"rotation": {"angle": 22.5, "axis": "x", "origin": [19, 1, -8]},
			"faces": {
				"north": {"uv": [7.5, 10, 8.5, 11.5], "texture": "#all"},
				"east": {"uv": [1, 13, 0, 14.5], "texture": "#all"},
				"south": {"uv": [8.5, 10, 9.5, 11.5], "texture": "#all"},
				"west": {"uv": [0, 14.5, 1, 16], "texture": "#all"},
				"up": {"uv": [6.5, 10.5, 7.5, 11], "rotation": 90, "texture": "#all"}
			}
		},
		{
			"from": [-7, -14, -3],
			"to": [-3, -2, 1],
			"rotation": {"angle": 0, "axis": "x", "origin": [-3, -1, -4]},
			"faces": {
				"north": {"uv": [0, 10, 1, 11.5], "texture": "#all"},
				"east": {"uv": [1, 7, 0, 8.5], "texture": "#all"},
				"south": {"uv": [0, 11.5, 1, 13], "texture": "#all"},
				"west": {"uv": [0, 8.5, 1, 10], "texture": "#all"},
				"up": {"uv": [6.5, 10, 7.5, 10.5], "rotation": 90, "texture": "#all"}
			}
		},
		{
			"from": [17, -5, -8],
			"to": [25, 5, -5],
			"rotation": {"angle": 45, "axis": "x", "origin": [21, 0, -26]},
			"faces": {
				"north": {"uv": [4, 8.75, 6, 10], "texture": "#all"},
				"east": {"uv": [4.75, 12.5, 4, 13.75], "texture": "#all"},
				"south": {"uv": [4, 10, 6, 11.25], "texture": "#all"},
				"west": {"uv": [4, 14.75, 4.75, 16], "texture": "#all"},
				"up": {"uv": [4, 11.5, 4.75, 12.5], "rotation": 90, "texture": "#all"},
				"down": {"uv": [4, 13.75, 4.75, 14.75], "rotation": 270, "texture": "#all"}
			}
		},
		{
			"from": [-9, -15.5, -10.5],
			"to": [-1, -12.5, -0.5],
			"rotation": {"angle": -22.5, "axis": "x", "origin": [-5, -14, -5.5]},
			"faces": {
				"north": {"uv": [1, 15.25, 3, 15.625], "texture": "#all"},
				"east": {"uv": [6.5, 7, 4, 7.375], "texture": "#all"},
				"south": {"uv": [1, 15.625, 3, 16], "texture": "#all"},
				"west": {"uv": [4, 8.375, 6.5, 8.75], "texture": "#all"},
				"up": {"uv": [4, 6, 6.5, 7], "rotation": 90, "texture": "#all"},
				"down": {"uv": [4, 7.375, 6.5, 8.375], "rotation": 270, "texture": "#all"}
			}
		},
		{
			"from": [-4, 7, -4],
			"to": [20, 24, 8],
			"rotation": {"angle": 0, "axis": "y", "origin": [16, 35, 20]},
			"faces": {
				"east": {"uv": [13, 9.125, 10, 11.25], "texture": "#all"},
				"west": {"uv": [10, 9.125, 13, 11.25], "texture": "#all"},
				"up": {"uv": [10, 6.125, 13, 9.125], "rotation": 90, "texture": "#all"}
			}
		},
		{
			"from": [20, 7, -4],
			"to": [-4, 24, 8],
			"rotation": {"angle": 0, "axis": "y", "origin": [16, 35, 20]},
			"faces": {
				"east": {"uv": [13, 9.125, 10, 11.25], "texture": "#all"},
				"west": {"uv": [10, 9.125, 13, 11.25], "texture": "#all"},
				"up": {"uv": [10, 6.125, 13, 9.125], "rotation": 90, "texture": "#all"}
			}
		},
		{
			"from": [-6, 4, 8],
			"to": [22, 25, 20],
			"rotation": {"angle": 0, "axis": "y", "origin": [16, 36, 28]},
			"faces": {
				"east": {"uv": [13, 3.5, 10, 6.125], "texture": "#all"},
				"west": {"uv": [10, 3.5, 13, 6.125], "texture": "#all"},
				"up": {"uv": [10, 0, 13, 3.5], "rotation": 90, "texture": "#all"}
			}
		},
		{
			"from": [22, 4, 8],
			"to": [-6, 25, 20],
			"rotation": {"angle": 0, "axis": "y", "origin": [16, 36, 28]},
			"faces": {
				"east": {"uv": [13, 3.5, 10, 6.125], "texture": "#all"},
				"west": {"uv": [10, 3.5, 13, 6.125], "texture": "#all"},
				"up": {"uv": [10, 0, 13, 3.5], "rotation": 90, "texture": "#all"}
			}
		},
		{
			"from": [-16, 8, 1],
			"to": [-16, 30, 13],
			"rotation": {"angle": -22.5, "axis": "z", "origin": [41, -52, 21]},
			"faces": {
				"east": {"uv": [16, 10.5, 13, 13.25], "texture": "#all"},
				"west": {"uv": [13, 13.25, 16, 16], "texture": "#all"}
			}
		},
		{
			"from": [-16, 8, 20],
			"to": [-16, 32, 32],
			"rotation": {"angle": -22.5, "axis": "z", "origin": [41, -52, 40]},
			"faces": {
				"east": {"uv": [7, 0, 4, 3], "texture": "#all"},
				"west": {"uv": [4, 3, 7, 6], "texture": "#all"}
			}
		},
		{
			"from": [32, 8, 10],
			"to": [32, 32, 22],
			"rotation": {"angle": 22.5, "axis": "z", "origin": [-25, -52, 30]},
			"faces": {
				"east": {"uv": [10, 0, 7, 3], "texture": "#all"},
				"west": {"uv": [7, 3, 10, 6], "texture": "#all"}
			}
		},
		{
			"from": [-16, 6, -16],
			"to": [-16, 22, -8],
			"rotation": {"angle": -22.5, "axis": "z", "origin": [37, -53, 4]},
			"faces": {
				"east": {"uv": [10, 6, 8, 8], "texture": "#all"},
				"west": {"uv": [8, 8, 10, 10], "texture": "#all"}
			}
		},
		{
			"from": [32, 7, -9],
			"to": [32, 27, 3],
			"rotation": {"angle": 22.5, "axis": "z", "origin": [-21, -52, 12]},
			"faces": {
				"east": {"uv": [4, 10.25, 1, 12.75], "texture": "#all"},
				"west": {"uv": [1, 12.75, 4, 15.25], "texture": "#all"}
			}
		}
	],
	"display": {
		"gui": {
			"rotation": [0, -90, 0],
			"translation": [0, -3.25, 0],
			"scale": [0.5, 0.5, 0.5]
		},
		"fixed": {
			"rotation": [-90, 0, 0],
			"translation": [0, 0, -15],
			"scale": [2, 2, 2]
		}
	}
}