{
	"credit": "Made by 古銅/斜向(@hsmkai) with Blockbench",
	"parent": "minecraft:item/display",
	"textures": {
		"all": "item/bone/stegosaurus-back"
	},
	"elements": [
		{
			"from": [5, 21, -16],
			"to": [11, 30, -4],
			"rotation": {"angle": 0, "axis": "y", "origin": [16, 33, -4]},
			"faces": {
				"east": {"uv": [1.5, 1.5, 0, 3.75], "texture": "#all"},
				"west": {"uv": [0, 1.5, 1.5, 3.75], "texture": "#all"},
				"up": {"uv": [0, 0, 1.5, 1.5], "rotation": 90, "texture": "#all"},
				"down": {"uv": [0, 3.75, 1.5, 5.25], "rotation": 270, "texture": "#all"}
			}
		},
		{
			"from": [12, 9, -16],
			"to": [12, 29, -4],
			"rotation": {"angle": 22.5, "axis": "z", "origin": [-36, -1, -4]},
			"faces": {
				"east": {"uv": [1.5, 10.25, 0, 15.25], "texture": "#all"},
				"west": {"uv": [0, 5.25, 1.5, 10.25], "texture": "#all"}
			}
		},
		{
			"from": [14, 8, 2],
			"to": [14, 20, 10],
			"rotation": {"angle": 22.5, "axis": "z", "origin": [-34, -2, 13]},
			"faces": {
				"east": {"uv": [10.75, 3, 9.75, 6], "texture": "#all"},
				"west": {"uv": [9.75, 0, 10.75, 3], "texture": "#all"}
			}
		},
		{
			"from": [4, 9, -6],
			"to": [4, 25, 4],
			"rotation": {"angle": -22.5, "axis": "z", "origin": [52, -1, 6]},
			"faces": {
				"east": {"uv": [9.75, 4, 8.5, 8], "texture": "#all"},
				"west": {"uv": [8.5, 0, 9.75, 4], "texture": "#all"}
			}
		},
		{
			"from": [2, 4, 8],
			"to": [2, 12, 13],
			"rotation": {"angle": -22.5, "axis": "z", "origin": [50, -6, 20]},
			"faces": {
				"east": {"uv": [5.125, 12, 4.5, 14], "texture": "#all"},
				"west": {"uv": [4.5, 14, 5.125, 16], "texture": "#all"}
			}
		},
		{
			"from": [15, -1, 16],
			"to": [15, 6, 20],
			"rotation": {"angle": 22.5, "axis": "z", "origin": [-33, -11, 28]},
			"faces": {
				"east": {"uv": [5.625, 14.25, 5.125, 16], "texture": "#all"},
				"west": {"uv": [5.125, 12.5, 5.625, 14.25], "texture": "#all"}
			}
		},
		{
			"from": [14, 2, 12],
			"to": [14, 10, 17],
			"rotation": {"angle": 22.5, "axis": "z", "origin": [-34, -8, 24]},
			"faces": {
				"east": {"uv": [6.25, 12, 5.625, 14], "texture": "#all"},
				"west": {"uv": [5.625, 14, 6.25, 16], "texture": "#all"}
			}
		},
		{
			"from": [15, -2, 20],
			"to": [15, 5, 24],
			"rotation": {"angle": 22.5, "axis": "z", "origin": [-33, -12, 31]},
			"faces": {
				"east": {"uv": [6.75, 12.5, 6.25, 14.25], "texture": "#all"},
				"west": {"uv": [6.25, 14.25, 6.75, 16], "texture": "#all"}
			}
		},
		{
			"from": [5, 20, -4],
			"to": [11, 28, 4],
			"rotation": {"angle": 0, "axis": "y", "origin": [16, 29, 8]},
			"faces": {
				"east": {"uv": [4.5, 12.5, 3.5, 14.5], "texture": "#all"},
				"west": {"uv": [3.5, 12.5, 4.5, 14.5], "texture": "#all"},
				"up": {"uv": [3.5, 11, 4.5, 12.5], "rotation": 90, "texture": "#all"},
				"down": {"uv": [3.5, 14.5, 4.5, 16], "rotation": 270, "texture": "#all"}
			}
		},
		{
			"from": [-3, 19, -16],
			"to": [19, 26, 4],
			"rotation": {"angle": 0, "axis": "y", "origin": [8, 22.5, -6]},
			"faces": {
				"east": {"uv": [9.75, 14, 7.25, 15.75], "texture": "#all"},
				"west": {"uv": [7.25, 14, 9.75, 15.75], "texture": "#all"},
				"up": {"uv": [7.25, 8.5, 9.75, 14], "rotation": 90, "texture": "#all"}
			}
		},
		{
			"from": [19, 19, -16],
			"to": [-3, 26, 4],
			"rotation": {"angle": 0, "axis": "y", "origin": [8, 22.5, -6]},
			"faces": {
				"east": {"uv": [9.75, 14, 7.25, 15.75], "texture": "#all"},
				"west": {"uv": [7.25, 14, 9.75, 15.75], "texture": "#all"},
				"up": {"uv": [7.25, 8.5, 9.75, 14], "rotation": 90, "texture": "#all"}
			}
		},
		{
			"from": [-2, 0, -9],
			"to": [4, 22, -1],
			"rotation": {"angle": 22.5, "axis": "x", "origin": [8, 22, -3]},
			"faces": {
				"north": {"uv": [3.5, 0, 4.25, 5.5], "texture": "#all"},
				"east": {"uv": [2.5, 1.5, 1.5, 7], "texture": "#all"},
				"south": {"uv": [3.5, 5.5, 4.25, 11], "texture": "#all"},
				"west": {"uv": [1.5, 8.5, 2.5, 14], "texture": "#all"},
				"up": {"uv": [1.5, 0, 2.5, 1.5], "rotation": 90, "texture": "#all"},
				"down": {"uv": [1.5, 7, 2.5, 8.5], "rotation": 270, "texture": "#all"}
			}
		},
		{
			"from": [12, 0, -9],
			"to": [18, 22, -1],
			"rotation": {"angle": 0, "axis": "x", "origin": [8, 22, -3]},
			"faces": {
				"north": {"uv": [4.25, 0, 5, 5.5], "texture": "#all"},
				"east": {"uv": [3.5, 1.5, 2.5, 7], "texture": "#all"},
				"south": {"uv": [4.25, 5.5, 5, 11], "texture": "#all"},
				"west": {"uv": [2.5, 8.5, 3.5, 14], "texture": "#all"},
				"up": {"uv": [2.5, 0, 3.5, 1.5], "rotation": 90, "texture": "#all"},
				"down": {"uv": [2.5, 7, 3.5, 8.5], "rotation": 270, "texture": "#all"}
			}
		},
		{
			"from": [-4, -12, -9],
			"to": [1, 5, -3],
			"rotation": {"angle": -22.5, "axis": "x", "origin": [6, -12, -9]},
			"faces": {
				"north": {"uv": [7.875, 0, 8.5, 4.25], "texture": "#all"},
				"east": {"uv": [5.75, 1.25, 5, 5.5], "texture": "#all"},
				"south": {"uv": [7.875, 4.25, 8.5, 8.5], "texture": "#all"},
				"west": {"uv": [5, 6.75, 5.75, 11], "texture": "#all"},
				"up": {"uv": [5, 0, 5.75, 1.25], "rotation": 90, "texture": "#all"},
				"down": {"uv": [5, 5.5, 5.75, 6.75], "rotation": 270, "texture": "#all"}
			}
		},
		{
			"from": [15, -12, 4],
			"to": [20, 5, 10],
			"rotation": {"angle": -45, "axis": "x", "origin": [10, -12, 4]},
			"faces": {
				"north": {"uv": [7.25, 0, 7.875, 4.25], "texture": "#all"},
				"east": {"uv": [6.5, 1.25, 5.75, 5.5], "texture": "#all"},
				"south": {"uv": [7.25, 4.25, 7.875, 8.5], "texture": "#all"},
				"west": {"uv": [5.75, 6.75, 6.5, 11], "texture": "#all"},
				"up": {"uv": [5.75, 0, 6.5, 1.25], "rotation": 90, "texture": "#all"},
				"down": {"uv": [5.75, 5.5, 6.5, 6.75], "rotation": 270, "texture": "#all"}
			}
		},
		{
			"from": [-6, -9, 8],
			"to": [3, -6, 19],
			"rotation": {"angle": -45, "axis": "x", "origin": [6, -40, 8]},
			"faces": {
				"north": {"uv": [11.875, 6, 13, 6.75], "texture": "#all"},
				"east": {"uv": [13.25, 2.25, 11.875, 3], "texture": "#all"},
				"south": {"uv": [11.875, 6.75, 13, 7.5], "texture": "#all"},
				"west": {"uv": [11.875, 5.25, 13.25, 6], "texture": "#all"},
				"up": {"uv": [11.875, 0, 13.25, 2.25], "rotation": 90, "texture": "#all"},
				"down": {"uv": [11.875, 3, 13.25, 5.25], "rotation": 270, "texture": "#all"}
			}
		},
		{
			"from": [13, -15, 7],
			"to": [22, -12, 18],
			"rotation": {"angle": -22.5, "axis": "x", "origin": [10, -46, 7]},
			"faces": {
				"north": {"uv": [13.25, 6, 14.375, 6.75], "texture": "#all"},
				"east": {"uv": [14.625, 2.25, 13.25, 3], "texture": "#all"},
				"south": {"uv": [13.25, 6.75, 14.375, 7.5], "texture": "#all"},
				"west": {"uv": [13.25, 5.25, 14.625, 6], "texture": "#all"},
				"up": {"uv": [13.25, 0, 14.625, 2.25], "rotation": 90, "texture": "#all"},
				"down": {"uv": [13.25, 3, 14.625, 5.25], "rotation": 270, "texture": "#all"}
			}
		},
		{
			"from": [7, 13, 23],
			"to": [9, 16, 31],
			"rotation": {"angle": 0, "axis": "y", "origin": [16, 18, 31]},
			"faces": {
				"east": {"uv": [10.75, 8, 9.75, 8.75], "texture": "#all"},
				"south": {"uv": [9.75, 9.25, 10, 10], "texture": "#all"},
				"west": {"uv": [9.75, 8, 10.75, 8.75], "texture": "#all"},
				"up": {"uv": [9.75, 7.5, 10.75, 8], "rotation": 90, "texture": "#all"},
				"down": {"uv": [9.75, 8.75, 10.75, 9.25], "rotation": 270, "texture": "#all"}
			}
		},
		{
			"from": [7, 8, 5],
			"to": [9, 10, 32],
			"rotation": {"angle": -22.5, "axis": "x", "origin": [16, 76, 3]},
			"faces": {
				"east": {"uv": [14.125, 8, 10.75, 8.5], "texture": "#all"},
				"south": {"uv": [10.75, 9, 11, 9.5], "texture": "#all"},
				"west": {"uv": [10.75, 8, 14.125, 8.5], "texture": "#all"},
				"up": {"uv": [10.75, 7.5, 14.125, 8], "rotation": 90, "texture": "#all"},
				"down": {"uv": [10.75, 8.5, 14.125, 9], "rotation": 270, "texture": "#all"}
			}
		},
		{
			"from": [-5, 8, 20],
			"to": [21, 9, 23],
			"rotation": {"angle": -22.5, "axis": "x", "origin": [16, 76, 3]},
			"faces": {
				"east": {"uv": [7.25, 6.5, 6.875, 6.75], "texture": "#all"},
				"south": {"uv": [0, 15.75, 3.25, 16], "texture": "#all"},
				"west": {"uv": [6.875, 6.5, 7.25, 6.75], "texture": "#all"},
				"up": {"uv": [6.875, 0, 7.25, 6.5], "rotation": 90, "texture": "#all"},
				"down": {"uv": [6.875, 6.75, 7.25, 13.25], "rotation": 270, "texture": "#all"}
			}
		},
		{
			"from": [-4, 8, 25],
			"to": [20, 9, 28],
			"rotation": {"angle": -22.5, "axis": "x", "origin": [16, 76, 3]},
			"faces": {
				"east": {"uv": [6.875, 6, 6.5, 6.25], "texture": "#all"},
				"south": {"uv": [0.375, 15.5, 3.375, 15.75], "texture": "#all"},
				"west": {"uv": [6.5, 6, 6.875, 6.25], "texture": "#all"},
				"up": {"uv": [6.5, 0, 6.875, 6], "rotation": 90, "texture": "#all"},
				"down": {"uv": [6.5, 6.25, 6.875, 12.25], "rotation": 270, "texture": "#all"}
			}
		},
		{
			"from": [7, 11, 15],
			"to": [9, 16, 23],
			"rotation": {"angle": 22.5, "axis": "x", "origin": [8, 12, 23]},
			"faces": {
				"east": {"uv": [10.75, 10.5, 9.75, 11.75], "texture": "#all"},
				"west": {"uv": [9.75, 10.5, 10.75, 11.75], "texture": "#all"},
				"up": {"uv": [9.75, 10, 10.75, 10.5], "rotation": 90, "texture": "#all"},
				"down": {"uv": [9.75, 11.75, 10.75, 12.25], "rotation": 270, "texture": "#all"}
			}
		},
		{
			"from": [6, 13, 7],
			"to": [10, 19, 16],
			"rotation": {"angle": 45, "axis": "x", "origin": [8, 15, 16]},
			"faces": {
				"east": {"uv": [11.875, 4.75, 10.75, 6.25], "texture": "#all"},
				"west": {"uv": [10.75, 4.75, 11.875, 6.25], "texture": "#all"},
				"up": {"uv": [10.75, 3.75, 11.875, 4.75], "rotation": 90, "texture": "#all"},
				"down": {"uv": [10.75, 6.25, 11.875, 7.25], "rotation": 270, "texture": "#all"}
			}
		},
		{
			"from": [6, 18, 2],
			"to": [10, 25, 11],
			"rotation": {"angle": 22.5, "axis": "x", "origin": [8, 21, 10]},
			"faces": {
				"east": {"uv": [11.875, 1, 10.75, 2.75], "texture": "#all"},
				"west": {"uv": [10.75, 1, 11.875, 2.75], "texture": "#all"},
				"up": {"uv": [10.75, 0, 11.875, 1], "rotation": 90, "texture": "#all"},
				"down": {"uv": [10.75, 2.75, 11.875, 3.75], "rotation": 270, "texture": "#all"}
			}
		}
	],
	"display": {
		"gui": {
			"rotation": [0, -90, 0],
			"translation": [0, -3.25, 0],
			"scale": [0.5, 0.5, 0.5]
		},
		"fixed": {
			"rotation": [-90, 0, 0],
			"translation": [0, 0, -15],
			"scale": [2, 2, 2]
		}
	}
}