{
	"credit": "Made by 古銅/斜向(@hsmkai) with Blockbench",
	"parent": "minecraft:item/display",
	"textures": {
		"all": "item/bone/stegosaurus-head"
	},
	"elements": [
		{
			"from": [3, 17, 4],
			"to": [13, 24, 22],
			"rotation": {"angle": 0, "axis": "x", "origin": [8, 17, 22]},
			"faces": {
				"north": {"uv": [0, 8.5, 2.5, 12], "texture": "#all"},
				"east": {"uv": [4.5, 5, 0, 8.5], "texture": "#all"},
				"west": {"uv": [0, 5, 4.5, 8.5], "texture": "#all"},
				"up": {"uv": [0, 0, 4.5, 5], "rotation": 90, "texture": "#all"}
			}
		},
		{
			"from": [13, 17, 4],
			"to": [3, 24, 22],
			"rotation": {"angle": 0, "axis": "x", "origin": [8, 17, 22]},
			"faces": {
				"north": {"uv": [0, 8.5, 2.5, 12], "texture": "#all"},
				"east": {"uv": [4.5, 5, 0, 8.5], "texture": "#all"},
				"west": {"uv": [0, 5, 4.5, 8.5], "texture": "#all"},
				"up": {"uv": [0, 0, 4.5, 5], "rotation": 90, "texture": "#all"}
			}
		},
		{
			"from": [4, 14, 6],
			"to": [12, 18, 22],
			"rotation": {"angle": 0, "axis": "x", "origin": [8, 18, 21]},
			"faces": {
				"north": {"uv": [4.5, 6, 6.5, 8], "texture": "#all"},
				"east": {"uv": [8.5, 0, 4.5, 2], "texture": "#all"},
				"west": {"uv": [4.5, 0, 8.5, 2], "texture": "#all"},
				"down": {"uv": [4.5, 2, 8.5, 6], "rotation": 270, "texture": "#all"}
			}
		},
		{
			"from": [12, 14, 6],
			"to": [4, 18, 22],
			"rotation": {"angle": 0, "axis": "x", "origin": [8, 18, 21]},
			"faces": {
				"north": {"uv": [4.5, 6, 6.5, 8], "texture": "#all"},
				"east": {"uv": [8.5, 0, 4.5, 2], "texture": "#all"},
				"west": {"uv": [4.5, 0, 8.5, 2], "texture": "#all"},
				"down": {"uv": [4.5, 2, 8.5, 6], "rotation": 270, "texture": "#all"}
			}
		},
		{
			"from": [6, 17, 19],
			"to": [10, 23, 32],
			"rotation": {"angle": 0, "axis": "x", "origin": [8, 8, 35]},
			"faces": {
				"east": {"uv": [7.75, 10, 4.5, 13], "texture": "#all"},
				"west": {"uv": [4.5, 10, 7.75, 13], "texture": "#all"},
				"up": {"uv": [4.5, 8, 7.75, 10], "rotation": 90, "texture": "#all"},
				"down": {"uv": [4.5, 13, 7.75, 15], "rotation": 270, "texture": "#all"}
			}
		},
		{
			"from": [6, 21, 19],
			"to": [6, 28, 23],
			"rotation": {"angle": 22.5, "axis": "z", "origin": [6, 20, 21.5]},
			"faces": {
				"east": {"uv": [9.5, 0, 8.5, 3.5], "texture": "#all"},
				"west": {"uv": [8.5, 3.5, 9.5, 7], "texture": "#all"}
			}
		},
		{
			"from": [6, 20, 26],
			"to": [6, 32, 32],
			"rotation": {"angle": 22.5, "axis": "z", "origin": [3, 20, 30.5]},
			"faces": {
				"east": {"uv": [11, 0, 9.5, 6], "texture": "#all"},
				"west": {"uv": [9.5, 6, 11, 12], "texture": "#all"}
			}
		},
		{
			"from": [10, 21, 22],
			"to": [10, 31, 28],
			"rotation": {"angle": -22.5, "axis": "z", "origin": [10, 20, 26.5]},
			"faces": {
				"east": {"uv": [12.5, 0, 11, 5], "texture": "#all"},
				"west": {"uv": [11, 5, 12.5, 10], "texture": "#all"}
			}
		},
		{
			"from": [3, 12, 19],
			"to": [13, 21, 32],
			"rotation": {"angle": 0, "axis": "x", "origin": [8, 6, 35]},
			"faces": {
				"east": {"uv": [15.75, 5, 12.5, 9.5], "texture": "#all"},
				"west": {"uv": [12.5, 5, 15.75, 9.5], "texture": "#all"},
				"up": {"uv": [12.5, 0, 15.75, 5], "rotation": 90, "texture": "#all"}
			}
		},
		{
			"from": [13, 12, 19],
			"to": [3, 21, 32],
			"rotation": {"angle": 0, "axis": "x", "origin": [8, 6, 35]},
			"faces": {
				"east": {"uv": [15.75, 5, 12.5, 9.5], "texture": "#all"},
				"west": {"uv": [12.5, 5, 15.75, 9.5], "texture": "#all"},
				"up": {"uv": [12.5, 0, 15.75, 5], "rotation": 90, "texture": "#all"}
			}
		}
	],
	"display": {
		"gui": {
			"rotation": [0, -90, 0],
			"translation": [0, -3.25, 0],
			"scale": [0.5, 0.5, 0.5]
		},
		"fixed": {
			"rotation": [-90, 0, 0],
			"translation": [0, 0, -15],
			"scale": [2, 2, 2]
		}
	}
}