{
	"credit": "Made with Blockbench",
	"textures": {
		"0": "デスクトップ/無題",
		"particle": "デスクトップ/無題"
	},
	"elements": [
		{
			"from": [8, 0, 9],
			"to": [24, 16, 25],
			"faces": {
				"north": {"uv": [2, 2, 6, 6], "texture": "#0"},
				"east": {"uv": [2, 2, 6, 6], "texture": "#0"},
				"south": {"uv": [2, 2, 6, 6], "texture": "#0"},
				"west": {"uv": [2, 2, 6, 6], "texture": "#0"},
				"up": {"uv": [2, 2, 6, 6], "texture": "#0"},
				"down": {"uv": [2, 2, 6, 6], "rotation": 90, "texture": "#0"}
			}
		}
	]
}