{
	"credit": "Made by 古銅/斜向(@hsmkai) with Blockbench",
	"parent": "minecraft:item/display",
	"textures": {
		"all": "item/bone/triceratops-back"
	},
	"elements": [
		{
			"from": [5, 21, -16],
			"to": [11, 30, -4],
			"rotation": {"angle": 0, "axis": "y", "origin": [16, 33, -4]},
			"faces": {
				"east": {"uv": [7.75, 8.75, 4.75, 11], "texture": "#all"},
				"west": {"uv": [4.75, 8.75, 7.75, 11], "texture": "#all"},
				"up": {"uv": [4.75, 7.25, 7.75, 8.75], "rotation": 90, "texture": "#all"},
				"down": {"uv": [4.75, 11, 7.75, 12.5], "rotation": 270, "texture": "#all"}
			}
		},
		{
			"from": [5, 20, -4],
			"to": [11, 28, 4],
			"rotation": {"angle": 0, "axis": "y", "origin": [16, 29, 8]},
			"faces": {
				"east": {"uv": [9.75, 8.75, 7.75, 10.75], "texture": "#all"},
				"west": {"uv": [7.75, 8.75, 9.75, 10.75], "texture": "#all"},
				"up": {"uv": [7.75, 7.25, 9.75, 8.75], "rotation": 90, "texture": "#all"},
				"down": {"uv": [7.75, 10.75, 9.75, 12.25], "rotation": 270, "texture": "#all"}
			}
		},
		{
			"from": [-3, 19, -16],
			"to": [19, 26, 4],
			"rotation": {"angle": 0, "axis": "y", "origin": [8, 22.5, -6]},
			"faces": {
				"east": {"uv": [9.75, 5.5, 4.75, 7.25], "texture": "#all"},
				"west": {"uv": [4.75, 5.5, 9.75, 7.25], "texture": "#all"},
				"up": {"uv": [4.75, 0, 9.75, 5.5], "rotation": 90, "texture": "#all"}
			}
		},
		{
			"from": [19, 19, -16],
			"to": [-3, 26, 4],
			"rotation": {"angle": 0, "axis": "y", "origin": [8, 22.5, -6]},
			"faces": {
				"east": {"uv": [9.75, 5.5, 4.75, 7.25], "texture": "#all"},
				"west": {"uv": [4.75, 5.5, 9.75, 7.25], "texture": "#all"},
				"up": {"uv": [4.75, 0, 9.75, 5.5], "rotation": 90, "texture": "#all"}
			}
		},
		{
			"from": [-2, 0, -9],
			"to": [4, 22, -1],
			"rotation": {"angle": 22.5, "axis": "x", "origin": [8, 22, -3]},
			"faces": {
				"north": {"uv": [12.5, 0, 14, 5.5], "texture": "#all"},
				"east": {"uv": [16, 1.5, 14, 7], "texture": "#all"},
				"south": {"uv": [12.5, 5.5, 14, 11], "texture": "#all"},
				"west": {"uv": [14, 8.5, 16, 14], "texture": "#all"},
				"up": {"uv": [14, 0, 16, 1.5], "rotation": 90, "texture": "#all"},
				"down": {"uv": [14, 7, 16, 8.5], "rotation": 270, "texture": "#all"}
			}
		},
		{
			"from": [12, 0, -9],
			"to": [18, 22, -1],
			"rotation": {"angle": 0, "axis": "x", "origin": [8, 22, -3]},
			"faces": {
				"north": {"uv": [14, 0, 12.5, 5.5], "texture": "#all"},
				"east": {"uv": [16, 8.5, 14, 14], "texture": "#all"},
				"south": {"uv": [14, 5.5, 12.5, 11], "texture": "#all"},
				"west": {"uv": [14, 1.5, 16, 7], "texture": "#all"},
				"up": {"uv": [14, 1.5, 16, 0], "rotation": 90, "texture": "#all"},
				"down": {"uv": [14, 8.5, 16, 7], "rotation": 270, "texture": "#all"}
			}
		},
		{
			"from": [-4, -12, -9],
			"to": [1, 5, -3],
			"rotation": {"angle": -22.5, "axis": "x", "origin": [6, -12, -9]},
			"faces": {
				"north": {"uv": [9.75, 0, 11, 4.25], "texture": "#all"},
				"east": {"uv": [12.5, 1.25, 11, 5.5], "texture": "#all"},
				"south": {"uv": [9.75, 4.25, 11, 8.5], "texture": "#all"},
				"west": {"uv": [11, 6.75, 12.5, 11], "texture": "#all"},
				"up": {"uv": [11, 0, 12.5, 1.25], "rotation": 90, "texture": "#all"},
				"down": {"uv": [11, 5.5, 12.5, 6.75], "rotation": 270, "texture": "#all"}
			}
		},
		{
			"from": [15, -12, 4],
			"to": [20, 5, 10],
			"rotation": {"angle": -45, "axis": "x", "origin": [10, -12, 4]},
			"faces": {
				"north": {"uv": [11, 0, 9.75, 4.25], "texture": "#all"},
				"east": {"uv": [12.5, 6.75, 11, 11], "texture": "#all"},
				"south": {"uv": [11, 4.25, 9.75, 8.5], "texture": "#all"},
				"west": {"uv": [11, 1.25, 12.5, 5.5], "texture": "#all"},
				"up": {"uv": [11, 1.25, 12.5, 0], "rotation": 90, "texture": "#all"},
				"down": {"uv": [11, 6.75, 12.5, 5.5], "rotation": 270, "texture": "#all"}
			}
		},
		{
			"from": [-6, -9, 8],
			"to": [3, -6, 19],
			"rotation": {"angle": -45, "axis": "x", "origin": [6, -40, 8]},
			"faces": {
				"north": {"uv": [2.5, 6, 4.75, 6.75], "texture": "#all"},
				"east": {"uv": [4.75, 2.25, 2, 3], "texture": "#all"},
				"south": {"uv": [2.5, 6.75, 4.75, 7.5], "texture": "#all"},
				"west": {"uv": [2, 5.25, 4.75, 6], "texture": "#all"},
				"up": {"uv": [2, 0, 4.75, 2.25], "rotation": 90, "texture": "#all"},
				"down": {"uv": [2, 3, 4.75, 5.25], "rotation": 270, "texture": "#all"}
			}
		},
		{
			"from": [13, -15, 7],
			"to": [22, -12, 18],
			"rotation": {"angle": -22.5, "axis": "x", "origin": [10, -46, 7]},
			"faces": {
				"north": {"uv": [4.75, 6, 2.5, 6.75], "texture": "#all"},
				"east": {"uv": [4.75, 5.25, 2, 6], "texture": "#all"},
				"south": {"uv": [4.75, 6.75, 2.5, 7.5], "texture": "#all"},
				"west": {"uv": [2, 2.25, 4.75, 3], "texture": "#all"},
				"up": {"uv": [2, 2.25, 4.75, 0], "rotation": 90, "texture": "#all"},
				"down": {"uv": [2, 5.25, 4.75, 3], "rotation": 270, "texture": "#all"}
			}
		},
		{
			"from": [7, 13, 23],
			"to": [9, 16, 31],
			"rotation": {"angle": 0, "axis": "y", "origin": [16, 18, 31]},
			"faces": {
				"east": {"uv": [2, 0.5, 0, 1.25], "texture": "#all"},
				"south": {"uv": [1.5, 1.75, 2, 2.5], "texture": "#all"},
				"west": {"uv": [0, 0.5, 2, 1.25], "texture": "#all"},
				"up": {"uv": [0, 0, 2, 0.5], "rotation": 90, "texture": "#all"},
				"down": {"uv": [0, 1.25, 2, 1.75], "rotation": 270, "texture": "#all"}
			}
		},
		{
			"from": [7, 11, 15],
			"to": [9, 16, 23],
			"rotation": {"angle": 22.5, "axis": "x", "origin": [8, 12, 23]},
			"faces": {
				"east": {"uv": [2, 3, 0, 4.25], "texture": "#all"},
				"west": {"uv": [0, 3, 2, 4.25], "texture": "#all"},
				"up": {"uv": [0, 2.5, 2, 3], "rotation": 90, "texture": "#all"},
				"down": {"uv": [0, 4.25, 2, 4.75], "rotation": 270, "texture": "#all"}
			}
		},
		{
			"from": [6, 13, 7],
			"to": [10, 19, 16],
			"rotation": {"angle": 45, "axis": "x", "origin": [8, 15, 16]},
			"faces": {
				"east": {"uv": [2.25, 7, 0, 8.5], "texture": "#all"},
				"west": {"uv": [0, 7, 2.25, 8.5], "texture": "#all"},
				"up": {"uv": [0, 6, 2.25, 7], "rotation": 90, "texture": "#all"},
				"down": {"uv": [0, 8.5, 2.25, 9.5], "rotation": 270, "texture": "#all"}
			}
		},
		{
			"from": [6, 18, 2],
			"to": [10, 25, 11],
			"rotation": {"angle": 22.5, "axis": "x", "origin": [8, 21, 10]},
			"faces": {
				"east": {"uv": [2.25, 10.5, 0, 12.25], "texture": "#all"},
				"west": {"uv": [0, 10.5, 2.25, 12.25], "texture": "#all"},
				"up": {"uv": [0, 9.5, 2.25, 10.5], "rotation": 90, "texture": "#all"},
				"down": {"uv": [0, 12.25, 2.25, 13.25], "rotation": 270, "texture": "#all"}
			}
		}
	],
	"display": {
		"gui": {
			"rotation": [0, -90, 0],
			"translation": [0, -3.25, 0],
			"scale": [0.5, 0.5, 0.5]
		},
		"fixed": {
			"rotation": [-90, 0, 0],
			"translation": [0, 0, -15],
			"scale": [2, 2, 2]
		}
	}
}