{
	"credit": "Made by 古銅/斜向(@hsmkai) with Blockbench",
	"parent": "minecraft:item/display",
	"textures": {
		"all": "item/bone/triceratops-head"
	},
	"elements": [
		{
			"from": [4, 10, -11],
			"to": [12, 20, 9],
			"rotation": {"angle": -22.5, "axis": "x", "origin": [8, 10, 9]},
			"faces": {
				"north": {"uv": [0.75, 2.25, 2.75, 3.5], "texture": "#all"},
				"east": {"uv": [5.75, 1, 0.75, 2.25], "texture": "#all"},
				"west": {"uv": [0.75, 1, 5.75, 2.25], "texture": "#all"},
				"up": {"uv": [0.75, 0, 5.75, 1], "rotation": 90, "texture": "#all"}
			}
		},
		{
			"from": [12, 10, -11],
			"to": [4, 20, 9],
			"rotation": {"angle": -22.5, "axis": "x", "origin": [8, 10, 9]},
			"faces": {
				"north": {"uv": [0.75, 2.25, 2.75, 3.5], "texture": "#all"},
				"east": {"uv": [5.75, 1, 0.75, 2.25], "texture": "#all"},
				"west": {"uv": [0.75, 1, 5.75, 2.25], "texture": "#all"},
				"up": {"uv": [0.75, 0, 5.75, 1], "rotation": 90, "texture": "#all"}
			}
		},
		{
			"from": [1, 19, -9],
			"to": [4, 23, 5],
			"rotation": {"angle": 22.5, "axis": "x", "origin": [8, 19, 5]},
			"faces": {
				"north": {"uv": [1.5, 7, 2.25, 7.5], "texture": "#all"},
				"east": {"uv": [4.25, 3.875, 0.75, 4.375], "texture": "#all"},
				"west": {"uv": [0.75, 4.75, 4.25, 5.25], "texture": "#all"},
				"up": {"uv": [0.75, 3.5, 4.25, 3.875], "rotation": 90, "texture": "#all"},
				"down": {"uv": [0.75, 4.375, 4.25, 4.75], "rotation": 270, "texture": "#all"}
			}
		},
		{
			"from": [12, 19, -9],
			"to": [15, 23, 5],
			"rotation": {"angle": 22.5, "axis": "x", "origin": [19, 19, 5]},
			"faces": {
				"north": {"uv": [0.75, 7, 1.5, 7.5], "texture": "#all"},
				"east": {"uv": [4.25, 5.625, 0.75, 6.125], "texture": "#all"},
				"west": {"uv": [0.75, 6.5, 4.25, 7], "texture": "#all"},
				"up": {"uv": [0.75, 5.25, 4.25, 5.625], "rotation": 90, "texture": "#all"},
				"down": {"uv": [0.75, 6.125, 4.25, 6.5], "rotation": 270, "texture": "#all"}
			}
		},
		{
			"from": [0, 8, 5],
			"to": [16, 23, 19],
			"rotation": {"angle": 0, "axis": "x", "origin": [8, 9, 19]},
			"faces": {
				"north": {"uv": [9.75, 9.75, 13.75, 11.625], "texture": "#all"},
				"east": {"uv": [9.25, 2, 5.75, 3.875], "texture": "#all"},
				"south": {"uv": [9.75, 11.625, 13.75, 13.5], "texture": "#all"},
				"west": {"uv": [5.75, 2, 9.25, 3.875], "texture": "#all"},
				"up": {"uv": [5.75, 0, 9.25, 2], "rotation": 90, "texture": "#all"},
				"down": {"uv": [5.75, 3.875, 9.25, 5.875], "rotation": 270, "texture": "#all"}
			}
		},
		{
			"from": [16, 8, 5],
			"to": [0, 23, 19],
			"rotation": {"angle": 0, "axis": "x", "origin": [8, 9, 19]},
			"faces": {
				"north": {"uv": [9.75, 9.75, 13.75, 11.625], "texture": "#all"},
				"east": {"uv": [9.25, 2, 5.75, 3.875], "texture": "#all"},
				"south": {"uv": [9.75, 11.625, 13.75, 13.5], "texture": "#all"},
				"west": {"uv": [5.75, 2, 9.25, 3.875], "texture": "#all"},
				"up": {"uv": [5.75, 0, 9.25, 2], "rotation": 90, "texture": "#all"},
				"down": {"uv": [5.75, 3.875, 9.25, 5.875], "rotation": 270, "texture": "#all"}
			}
		},
		{
			"from": [6, 17, 19],
			"to": [10, 23, 32],
			"rotation": {"angle": 0, "axis": "x", "origin": [8, 8, 35]},
			"faces": {
				"east": {"uv": [12.5, 0.5, 9.25, 1.25], "texture": "#all"},
				"west": {"uv": [9.25, 0.5, 12.5, 1.25], "texture": "#all"},
				"up": {"uv": [9.25, 0, 12.5, 0.5], "rotation": 90, "texture": "#all"},
				"down": {"uv": [9.25, 1.25, 12.5, 1.75], "rotation": 270, "texture": "#all"}
			}
		},
		{
			"from": [3, 12, 19],
			"to": [13, 21, 32],
			"rotation": {"angle": 0, "axis": "x", "origin": [8, 6, 35]},
			"faces": {
				"east": {"uv": [12.5, 3, 9.25, 4.125], "texture": "#all"},
				"west": {"uv": [9.25, 3, 12.5, 4.125], "texture": "#all"},
				"up": {"uv": [9.25, 1.75, 12.5, 3], "rotation": 90, "texture": "#all"}
			}
		},
		{
			"from": [-10, -11, 8],
			"to": [26, 22, 11],
			"rotation": {"angle": 22.5, "axis": "x", "origin": [8, -9, 59]},
			"faces": {
				"north": {"uv": [0.75, 7.75, 9.75, 11.875], "texture": "#all"},
				"east": {"uv": [0.75, 4.5, 0, 8.625], "texture": "#all"},
				"south": {"uv": [0.75, 11.875, 9.75, 16], "texture": "#all"},
				"west": {"uv": [0, 4.5, 0.75, 8.625], "texture": "#all"},
				"up": {"uv": [0, 0, 0.75, 4.5], "rotation": 90, "texture": "#all"},
				"down": {"uv": [0, 8.625, 0.75, 13.125], "rotation": 270, "texture": "#all"}
			}
		},
		{
			"from": [5, 5, -12],
			"to": [11, 12, 11],
			"rotation": {"angle": -45, "axis": "x", "origin": [8, 11, 8]},
			"faces": {
				"north": {"uv": [9.75, 15.125, 11.25, 16], "texture": "#all"},
				"east": {"uv": [15.5, 13.5, 9.75, 14.375], "texture": "#all"},
				"west": {"uv": [9.75, 13.5, 15.5, 14.375], "texture": "#all"},
				"down": {"uv": [9.75, 14.375, 15.5, 15.125], "rotation": 270, "texture": "#all"}
			}
		},
		{
			"from": [11, 5, -12],
			"to": [5, 12, 11],
			"rotation": {"angle": -45, "axis": "x", "origin": [8, 11, 8]},
			"faces": {
				"north": {"uv": [9.75, 15.125, 11.25, 16], "texture": "#all"},
				"east": {"uv": [15.5, 13.5, 9.75, 14.375], "texture": "#all"},
				"west": {"uv": [9.75, 13.5, 15.5, 14.375], "texture": "#all"},
				"down": {"uv": [9.75, 14.375, 15.5, 15.125], "rotation": 270, "texture": "#all"}
			}
		}
	],
	"display": {
		"gui": {
			"rotation": [0, -90, 0],
			"translation": [0, -3.25, 0],
			"scale": [0.5, 0.5, 0.5]
		},
		"fixed": {
			"rotation": [-90, 0, 0],
			"translation": [0, 0, -15],
			"scale": [2, 2, 2]
		}
	}
}