{
	"credit": "Made by 古銅/斜向(@hsmkai) with Blockbench",
	"parent": "minecraft:item/display",
	"textures": {
		"all": "item/bone/triceratops-front"
	},
	"elements": [
		{
			"from": [5, 19, -16],
			"to": [11, 26, -4],
			"rotation": {"angle": 0, "axis": "y", "origin": [16, 27, -8]},
			"faces": {
				"east": {"uv": [1.5, 1.5, 0, 3.25], "texture": "#all"},
				"west": {"uv": [0, 1.5, 1.5, 3.25], "texture": "#all"},
				"up": {"uv": [0, 0, 1.5, 1.5], "rotation": 90, "texture": "#all"},
				"down": {"uv": [0, 3.25, 1.5, 4.75], "rotation": 270, "texture": "#all"}
			}
		},
		{
			"from": [5, 20, -4],
			"to": [11, 28, 8],
			"rotation": {"angle": 0, "axis": "y", "origin": [16, 29, 8]},
			"faces": {
				"east": {"uv": [3, 1.5, 1.5, 3.5], "texture": "#all"},
				"west": {"uv": [1.5, 1.5, 3, 3.5], "texture": "#all"},
				"up": {"uv": [1.5, 0, 3, 1.5], "rotation": 90, "texture": "#all"},
				"down": {"uv": [1.5, 3.5, 3, 5], "rotation": 270, "texture": "#all"}
			}
		},
		{
			"from": [5, 21, 8],
			"to": [11, 30, 20],
			"rotation": {"angle": 0, "axis": "y", "origin": [16, 31, 24]},
			"faces": {
				"east": {"uv": [4.5, 1.5, 3, 3.75], "texture": "#all"},
				"west": {"uv": [3, 1.5, 4.5, 3.75], "texture": "#all"},
				"up": {"uv": [3, 0, 4.5, 1.5], "rotation": 90, "texture": "#all"},
				"down": {"uv": [3, 3.75, 4.5, 5.25], "rotation": 270, "texture": "#all"}
			}
		},
		{
			"from": [5, 22, 20],
			"to": [11, 32, 32],
			"rotation": {"angle": 0, "axis": "y", "origin": [16, 33, 32]},
			"faces": {
				"east": {"uv": [6, 1.5, 4.5, 4], "texture": "#all"},
				"west": {"uv": [4.5, 1.5, 6, 4], "texture": "#all"},
				"up": {"uv": [4.5, 0, 6, 1.5], "rotation": 90, "texture": "#all"},
				"down": {"uv": [4.5, 4, 6, 5.5], "rotation": 270, "texture": "#all"}
			}
		},
		{
			"from": [-8, 6, 20],
			"to": [24, 26, 32],
			"rotation": {"angle": 0, "axis": "y", "origin": [16, 33, 32]},
			"faces": {
				"east": {"uv": [7.5, 8, 6, 13], "texture": "#all"},
				"west": {"uv": [6, 8, 7.5, 13], "texture": "#all"},
				"up": {"uv": [6, 0, 7.5, 8], "rotation": 90, "texture": "#all"}
			}
		},
		{
			"from": [24, 6, 20],
			"to": [-8, 26, 32],
			"rotation": {"angle": 0, "axis": "y", "origin": [16, 33, 32]},
			"faces": {
				"east": {"uv": [7.5, 8, 6, 13], "texture": "#all"},
				"west": {"uv": [6, 8, 7.5, 13], "texture": "#all"},
				"up": {"uv": [6, 0, 7.5, 8], "rotation": 90, "texture": "#all"}
			}
		},
		{
			"from": [-2, 10, -16],
			"to": [18, 22, -4],
			"rotation": {"angle": 0, "axis": "y", "origin": [16, 33, 8]},
			"faces": {
				"east": {"uv": [9, 5, 7.5, 8], "texture": "#all"},
				"west": {"uv": [7.5, 5, 9, 8], "texture": "#all"},
				"up": {"uv": [7.5, 0, 9, 5], "rotation": 90, "texture": "#all"}
			}
		},
		{
			"from": [18, 10, -16],
			"to": [-2, 22, -4],
			"rotation": {"angle": 0, "axis": "y", "origin": [16, 33, 8]},
			"faces": {
				"east": {"uv": [9, 5, 7.5, 8], "texture": "#all"},
				"west": {"uv": [7.5, 5, 9, 8], "texture": "#all"},
				"up": {"uv": [7.5, 0, 9, 5], "rotation": 90, "texture": "#all"}
			}
		},
		{
			"from": [18, 10, -10],
			"to": [22, 24, -2],
			"rotation": {"angle": 22.5, "axis": "x", "origin": [18, 24, -10]},
			"faces": {
				"north": {"uv": [9.5, 9, 9, 12.5], "texture": "#all"},
				"east": {"uv": [10, 5.5, 9, 9], "texture": "#all"},
				"south": {"uv": [9.5, 12.5, 9, 16], "texture": "#all"},
				"west": {"uv": [9, 1, 10, 4.5], "texture": "#all"},
				"up": {"uv": [9, 1, 10, 0], "rotation": 90, "texture": "#all"},
				"down": {"uv": [9, 5.5, 10, 4.5], "rotation": 270, "texture": "#all"}
			}
		},
		{
			"from": [-6, 10, -10],
			"to": [-2, 24, -2],
			"rotation": {"angle": 0, "axis": "x", "origin": [-2, 24, -10]},
			"faces": {
				"north": {"uv": [9, 9, 9.5, 12.5], "texture": "#all"},
				"east": {"uv": [10, 1, 9, 4.5], "texture": "#all"},
				"south": {"uv": [9, 12.5, 9.5, 16], "texture": "#all"},
				"west": {"uv": [9, 5.5, 10, 9], "texture": "#all"},
				"up": {"uv": [9, 0, 10, 1], "rotation": 90, "texture": "#all"},
				"down": {"uv": [9, 4.5, 10, 5.5], "rotation": 270, "texture": "#all"}
			}
		},
		{
			"from": [20, -5, -14],
			"to": [23, 11, -7],
			"rotation": {"angle": -22.5, "axis": "x", "origin": [20, 11, -14]},
			"faces": {
				"north": {"uv": [11.25, 0, 10.875, 4], "texture": "#all"},
				"east": {"uv": [10.875, 5.5, 10, 9.5], "texture": "#all"},
				"south": {"uv": [11.25, 4, 10.875, 8], "texture": "#all"},
				"west": {"uv": [10, 0.75, 10.875, 4.75], "texture": "#all"},
				"up": {"uv": [10, 0.75, 10.875, 0], "rotation": 90, "texture": "#all"},
				"down": {"uv": [10, 5.5, 10.875, 4.75], "rotation": 270, "texture": "#all"}
			}
		},
		{
			"from": [-7, -5, -9],
			"to": [-4, 11, -2],
			"rotation": {"angle": -22.5, "axis": "x", "origin": [-4, 11, -9]},
			"faces": {
				"north": {"uv": [10.875, 0, 11.25, 4], "texture": "#all"},
				"east": {"uv": [10.875, 0.75, 10, 4.75], "texture": "#all"},
				"south": {"uv": [10.875, 4, 11.25, 8], "texture": "#all"},
				"west": {"uv": [10, 5.5, 10.875, 9.5], "texture": "#all"},
				"up": {"uv": [10, 0, 10.875, 0.75], "rotation": 90, "texture": "#all"},
				"down": {"uv": [10, 4.75, 10.875, 5.5], "rotation": 270, "texture": "#all"}
			}
		},
		{
			"from": [19, -12, -7],
			"to": [23, 0, -3],
			"rotation": {"angle": 22.5, "axis": "x", "origin": [19, 1, -8]},
			"faces": {
				"north": {"uv": [11.75, 7, 11.25, 10], "texture": "#all"},
				"east": {"uv": [11.75, 4, 11.25, 7], "texture": "#all"},
				"south": {"uv": [11.75, 10, 11.25, 13], "texture": "#all"},
				"west": {"uv": [11.25, 1, 11.75, 4], "texture": "#all"},
				"up": {"uv": [11.25, 1, 11.75, 0], "rotation": 90, "texture": "#all"}
			}
		},
		{
			"from": [-7, -14, -3],
			"to": [-3, -2, 1],
			"rotation": {"angle": 0, "axis": "x", "origin": [-3, -1, -4]},
			"faces": {
				"north": {"uv": [11.25, 7, 11.75, 10], "texture": "#all"},
				"east": {"uv": [11.75, 1, 11.25, 4], "texture": "#all"},
				"south": {"uv": [11.25, 10, 11.75, 13], "texture": "#all"},
				"west": {"uv": [11.25, 4, 11.75, 7], "texture": "#all"},
				"up": {"uv": [11.25, 0, 11.75, 1], "rotation": 90, "texture": "#all"}
			}
		},
		{
			"from": [17, -5, -8],
			"to": [25, 5, -5],
			"rotation": {"angle": 45, "axis": "x", "origin": [21, 0, -26]},
			"faces": {
				"north": {"uv": [12.75, 9, 11.75, 11.5], "texture": "#all"},
				"east": {"uv": [12.125, 6.5, 11.75, 9], "texture": "#all"},
				"south": {"uv": [12.75, 11.5, 11.75, 14], "texture": "#all"},
				"west": {"uv": [11.75, 2, 12.125, 4.5], "texture": "#all"},
				"up": {"uv": [11.75, 2, 12.125, 0], "rotation": 90, "texture": "#all"},
				"down": {"uv": [11.75, 6.5, 12.125, 4.5], "rotation": 270, "texture": "#all"}
			}
		},
		{
			"from": [-9, -15.5, -10.5],
			"to": [-1, -12.5, -0.5],
			"rotation": {"angle": -22.5, "axis": "x", "origin": [-5, -14, -5.5]},
			"faces": {
				"north": {"uv": [11.75, 4.5, 12.125, 6.5], "rotation": 90, "texture": "#all"},
				"east": {"uv": [11.75, 4.5, 12.125, 2], "rotation": 90, "texture": "#all"},
				"south": {"uv": [11.75, 0, 12.125, 2], "rotation": 90, "texture": "#all"},
				"west": {"uv": [12.125, 9, 11.75, 6.5], "rotation": 270, "texture": "#all"},
				"up": {"uv": [11.75, 9, 12.75, 11.5], "rotation": 180, "texture": "#all"},
				"down": {"uv": [11.75, 11.5, 12.75, 14], "texture": "#all"}
			}
		},
		{
			"from": [-4, 7, -4],
			"to": [20, 24, 8],
			"rotation": {"angle": 0, "axis": "y", "origin": [16, 35, 20]},
			"faces": {
				"east": {"uv": [14.25, 6, 12.75, 10.25], "texture": "#all"},
				"west": {"uv": [12.75, 6, 14.25, 10.25], "texture": "#all"},
				"up": {"uv": [12.75, 0, 14.25, 6], "rotation": 90, "texture": "#all"}
			}
		},
		{
			"from": [20, 7, -4],
			"to": [-4, 24, 8],
			"rotation": {"angle": 0, "axis": "y", "origin": [16, 35, 20]},
			"faces": {
				"east": {"uv": [14.25, 6, 12.75, 10.25], "texture": "#all"},
				"west": {"uv": [12.75, 6, 14.25, 10.25], "texture": "#all"},
				"up": {"uv": [12.75, 0, 14.25, 6], "rotation": 90, "texture": "#all"}
			}
		},
		{
			"from": [-6, 4, 8],
			"to": [22, 25, 20],
			"rotation": {"angle": 0, "axis": "y", "origin": [16, 36, 28]},
			"faces": {
				"east": {"uv": [15.75, 7, 14.25, 12.25], "texture": "#all"},
				"west": {"uv": [14.25, 7, 15.75, 12.25], "texture": "#all"},
				"up": {"uv": [14.25, 0, 15.75, 7], "rotation": 90, "texture": "#all"}
			}
		},
		{
			"from": [22, 4, 8],
			"to": [-6, 25, 20],
			"rotation": {"angle": 0, "axis": "y", "origin": [16, 36, 28]},
			"faces": {
				"east": {"uv": [15.75, 7, 14.25, 12.25], "texture": "#all"},
				"west": {"uv": [14.25, 7, 15.75, 12.25], "texture": "#all"},
				"up": {"uv": [14.25, 0, 15.75, 7], "rotation": 90, "texture": "#all"}
			}
		}
	],
	"display": {
		"gui": {
			"rotation": [0, -90, 0],
			"translation": [0, -3.25, 0],
			"scale": [0.5, 0.5, 0.5]
		},
		"fixed": {
			"rotation": [-90, 0, 0],
			"translation": [0, 0, -15],
			"scale": [2, 2, 2]
		}
	}
}