{
	"credit": "Made with Blockbench",
	"texture_size": [32, 32],
	"textures": {
		"1": "item/bone/trilobite"
	},
	"elements": [
		{
			"from": [5, 1.25, 2],
			"to": [11, 1.25, 13],
			"faces": {
				"north": {"uv": [0, 0, 3, 0], "texture": "#1"},
				"east": {"uv": [0, 0, 5, 0], "texture": "#1"},
				"south": {"uv": [0, 0, 3, 0], "texture": "#1"},
				"west": {"uv": [0, 0, 5, 0], "texture": "#1"},
				"up": {"uv": [3, 5.5, 0, 0], "texture": "#1"}
			}
		},
		{
			"from": [4, 0.75, 2],
			"to": [12, 0.75, 14],
			"faces": {
				"north": {"uv": [0, 0, 4, 0], "texture": "#1"},
				"east": {"uv": [0, 0, 3, 0], "texture": "#1"},
				"south": {"uv": [0, 0, 4, 0], "texture": "#1"},
				"west": {"uv": [0, 0, 3, 0], "texture": "#1"},
				"up": {"uv": [7, 6, 3, 0], "texture": "#1"}
			}
		},
		{
			"from": [7, 0, 2],
			"to": [9, 2, 12],
			"faces": {
				"north": {"uv": [1, 5.5, 2, 6.5], "texture": "#1"},
				"east": {"uv": [3, 6, 8, 7], "texture": "#1"},
				"south": {"uv": [2, 5.5, 3, 6.5], "texture": "#1"},
				"west": {"uv": [3, 7, 8, 8], "texture": "#1"},
				"up": {"uv": [1, 10.5, 0, 5.5], "texture": "#1"}
			}
		}
	],
	"display": {
		"gui": {
			"rotation": [0, -90, 0],
			"translation": [0, -3.25, 0],
			"scale": [0.5, 0.5, 0.5]
		},
		"fixed": {
			"rotation": [-90, 0, 0],
			"translation": [0, 0, -19.25],
			"scale": [2, 2, 2]
		}
	}
}