{
	"credit": "Made by 古銅/斜向(@hsmkai) with Blockbench",
	"parent": "minecraft:item/display",
	"textures": {
		"all": "item/bone/tyrannosaurus-back"
	},
	"elements": [
		{
			"from": [5, 13, -16],
			"to": [11, 20, 4],
			"rotation": {"angle": 0, "axis": "y", "origin": [8, 27, -14]},
			"faces": {
				"east": {"uv": [2.5, 1.5, 0, 3.25], "texture": "#all"},
				"west": {"uv": [0, 1.5, 2.5, 3.25], "texture": "#all"},
				"up": {"uv": [0, 0, 2.5, 1.5], "rotation": 90, "texture": "#all"},
				"down": {"uv": [0, 3.25, 2.5, 4.75], "rotation": 270, "texture": "#all"}
			}
		},
		{
			"from": [5, 12, 4],
			"to": [11, 19, 24],
			"rotation": {"angle": 0, "axis": "y", "origin": [8, 26, 6]},
			"faces": {
				"east": {"uv": [5, 1.5, 2.5, 3.25], "texture": "#all"},
				"west": {"uv": [2.5, 1.5, 5, 3.25], "texture": "#all"},
				"up": {"uv": [2.5, 0, 5, 1.5], "rotation": 90, "texture": "#all"},
				"down": {"uv": [2.5, 3.25, 5, 4.75], "rotation": 270, "texture": "#all"}
			}
		},
		{
			"from": [5, 10, 24],
			"to": [11, 17, 32],
			"rotation": {"angle": 0, "axis": "y", "origin": [8, 24, 14]},
			"faces": {
				"east": {"uv": [6, 1.5, 5, 3.25], "texture": "#all"},
				"west": {"uv": [5, 1.5, 6, 3.25], "texture": "#all"},
				"up": {"uv": [5, 0, 6, 1.5], "rotation": 90, "texture": "#all"},
				"down": {"uv": [5, 3.25, 6, 4.75], "rotation": 270, "texture": "#all"}
			}
		},
		{
			"from": [-7, -12, -16],
			"to": [23, 16, 4],
			"rotation": {"angle": 0, "axis": "y", "origin": [8, 14, -7]},
			"faces": {
				"east": {"uv": [8.5, 7.5, 6, 14.5], "texture": "#all"},
				"west": {"uv": [6, 7.5, 8.5, 14.5], "texture": "#all"},
				"up": {"uv": [6, 0, 8.5, 7.5], "rotation": 90, "texture": "#all"}
			}
		},
		{
			"from": [23, -12, -16],
			"to": [-7, 16, 4],
			"rotation": {"angle": 0, "axis": "y", "origin": [8, 14, -7]},
			"faces": {
				"east": {"uv": [8.5, 7.5, 6, 14.5], "texture": "#all"},
				"west": {"uv": [6, 7.5, 8.5, 14.5], "texture": "#all"},
				"up": {"uv": [6, 0, 8.5, 7.5], "rotation": 90, "texture": "#all"}
			}
		},
		{
			"from": [-3, -7, 4],
			"to": [19, 15, 24],
			"rotation": {"angle": 0, "axis": "y", "origin": [8, 13, 13]},
			"faces": {
				"east": {"uv": [11, 5.5, 8.5, 11], "texture": "#all"},
				"west": {"uv": [8.5, 5.5, 11, 11], "texture": "#all"},
				"up": {"uv": [8.5, 0, 11, 5.5], "rotation": 90, "texture": "#all"}
			}
		},
		{
			"from": [19, -7, 4],
			"to": [-3, 15, 24],
			"rotation": {"angle": 0, "axis": "y", "origin": [8, 13, 13]},
			"faces": {
				"east": {"uv": [11, 5.5, 8.5, 11], "texture": "#all"},
				"west": {"uv": [8.5, 5.5, 11, 11], "texture": "#all"},
				"up": {"uv": [8.5, 0, 11, 5.5], "rotation": 90, "texture": "#all"}
			}
		},
		{
			"from": [-1, -3, 24],
			"to": [17, 14, 32],
			"rotation": {"angle": 0, "axis": "y", "origin": [8, 13, 21]},
			"faces": {
				"east": {"uv": [12, 4.5, 11, 8.75], "texture": "#all"},
				"west": {"uv": [11, 4.5, 12, 8.75], "texture": "#all"},
				"up": {"uv": [11, 0, 12, 4.5], "rotation": 90, "texture": "#all"}
			}
		},
		{
			"from": [17, -3, 24],
			"to": [-1, 14, 32],
			"rotation": {"angle": 0, "axis": "y", "origin": [8, 13, 21]},
			"faces": {
				"east": {"uv": [12, 4.5, 11, 8.75], "texture": "#all"},
				"west": {"uv": [11, 4.5, 12, 8.75], "texture": "#all"},
				"up": {"uv": [11, 0, 12, 4.5], "rotation": 90, "texture": "#all"}
			}
		},
		{
			"from": [22, 1, -11],
			"to": [25, 12, 9],
			"rotation": {"angle": 22.5, "axis": "x", "origin": [27, 6, -4]},
			"faces": {
				"north": {"uv": [12, 7, 12.375, 9.75], "texture": "#all"},
				"east": {"uv": [14.5, 0.75, 12, 3.5], "texture": "#all"},
				"south": {"uv": [12, 9.75, 12.375, 12.5], "texture": "#all"},
				"west": {"uv": [12, 4.25, 14.5, 7], "texture": "#all"},
				"up": {"uv": [12, 0, 14.5, 0.75], "rotation": 90, "texture": "#all"},
				"down": {"uv": [12, 3.5, 14.5, 4.25], "rotation": 270, "texture": "#all"}
			}
		},
		{
			"from": [-9, 1, -11],
			"to": [-6, 12, 9],
			"rotation": {"angle": 45, "axis": "x", "origin": [-11, 6, -4]},
			"faces": {
				"north": {"uv": [12.375, 7, 12, 9.75], "texture": "#all"},
				"east": {"uv": [14.5, 4.25, 12, 7], "texture": "#all"},
				"south": {"uv": [12.375, 9.75, 12, 12.5], "texture": "#all"},
				"west": {"uv": [12, 0.75, 14.5, 3.5], "texture": "#all"},
				"up": {"uv": [12, 0.75, 14.5, 0], "rotation": 90, "texture": "#all"},
				"down": {"uv": [12, 4.25, 14.5, 3.5], "rotation": 270, "texture": "#all"}
			}
		},
		{
			"from": [23, -16, -8],
			"to": [27, 10, 0],
			"rotation": {"angle": 22.5, "axis": "x", "origin": [27, 6, -4]},
			"faces": {
				"north": {"uv": [15.5, 0, 16, 6.5], "texture": "#all"},
				"east": {"uv": [15.5, 1, 14.5, 7.5], "texture": "#all"},
				"south": {"uv": [15.5, 6.5, 16, 13], "texture": "#all"},
				"west": {"uv": [14.5, 8.5, 15.5, 15], "texture": "#all"},
				"up": {"uv": [14.5, 0, 15.5, 1], "rotation": 90, "texture": "#all"},
				"down": {"uv": [14.5, 7.5, 15.5, 8.5], "rotation": 270, "texture": "#all"}
			}
		},
		{
			"from": [-11, -16, -8],
			"to": [-7, 10, 0],
			"rotation": {"angle": 45, "axis": "x", "origin": [-11, 6, -4]},
			"faces": {
				"north": {"uv": [16, 0, 15.5, 6.5], "texture": "#all"},
				"east": {"uv": [15.5, 8.5, 14.5, 15], "texture": "#all"},
				"south": {"uv": [16, 6.5, 15.5, 13], "texture": "#all"},
				"west": {"uv": [14.5, 1, 15.5, 7.5], "texture": "#all"},
				"up": {"uv": [14.5, 1, 15.5, 0], "rotation": 90, "texture": "#all"},
				"down": {"uv": [14.5, 8.5, 15.5, 7.5], "rotation": 270, "texture": "#all"}
			}
		}
	],
	"display": {
		"gui": {
			"rotation": [0, -90, 0],
			"translation": [0, -3.25, 0],
			"scale": [0.5, 0.5, 0.5]
		},
		"fixed": {
			"rotation": [-90, 0, 0],
			"translation": [0, 0, -15],
			"scale": [2, 2, 2]
		}
	}
}