{
	"credit": "Made by 古銅/斜向(@hsmkai) with Blockbench",
	"parent": "minecraft:item/display",
	"textures": {
		"all": "item/bone/tyrannosaurus-tail-back"
	},
	"elements": [
		{
			"from": [6, 10, -16],
			"to": [10, 14, 24],
			"rotation": {"angle": 0, "axis": "y", "origin": [8, 21, -14]},
			"faces": {
				"east": {"uv": [10, 4, 0, 8], "texture": "#all"},
				"south": {"uv": [0, 12, 1, 16], "texture": "#all"},
				"west": {"uv": [0, 4, 10, 8], "texture": "#all"},
				"up": {"uv": [0, 0, 10, 4], "rotation": 90, "texture": "#all"},
				"down": {"uv": [0, 8, 10, 12], "rotation": 270, "texture": "#all"}
			}
		},
		{
			"from": [7, 7, -16],
			"to": [9, 10, 4],
			"rotation": {"angle": 0, "axis": "y", "origin": [8, 8, -19]},
			"faces": {
				"east": {"uv": [15, 0, 10, 3], "texture": "#all"},
				"west": {"uv": [10, 0, 15, 3], "texture": "#all"}
			}
		}
	],
	"display": {
		"gui": {
			"rotation": [0, -90, 0],
			"translation": [0, -3.25, 0],
			"scale": [0.5, 0.5, 0.5]
		},
		"fixed": {
			"rotation": [-90, 0, 0],
			"translation": [0, 0, -15],
			"scale": [2, 2, 2]
		}
	}
}