{
	"credit": "Made by 古銅/斜向(@hsmkai) with Blockbench",
	"parent": "minecraft:item/display",
	"textures": {
		"all": "item/bone/tyrannosaurus-head"
	},
	"elements": [
		{
			"from": [-1, 16, -16],
			"to": [17, 29, 16],
			"rotation": {"angle": -22.5, "axis": "x", "origin": [8, 17, 16]},
			"faces": {
				"north": {"uv": [0, 7.75, 4.5, 11], "texture": "#all"},
				"east": {"uv": [8, 4.5, 0, 7.75], "texture": "#all"},
				"south": {"uv": [0, 11, 4.5, 14.25], "texture": "#all"},
				"west": {"uv": [0, 4.5, 8, 7.75], "texture": "#all"},
				"up": {"uv": [0, 0, 8, 4.5], "rotation": 90, "texture": "#all"}
			}
		},
		{
			"from": [17, 16, -16],
			"to": [-1, 29, 16],
			"rotation": {"angle": -22.5, "axis": "x", "origin": [8, 17, 16]},
			"faces": {
				"north": {"uv": [0, 7.75, 4.5, 11], "texture": "#all"},
				"east": {"uv": [8, 4.5, 0, 7.75], "texture": "#all"},
				"south": {"uv": [0, 11, 4.5, 14.25], "texture": "#all"},
				"west": {"uv": [0, 4.5, 8, 7.75], "texture": "#all"},
				"up": {"uv": [0, 0, 8, 4.5], "rotation": 90, "texture": "#all"}
			}
		},
		{
			"from": [0, 12, -16],
			"to": [16, 19, 16],
			"rotation": {"angle": -45, "axis": "x", "origin": [8, 17, 16]},
			"faces": {
				"north": {"uv": [9.75, 9.5, 13.75, 11.25], "texture": "#all"},
				"east": {"uv": [16, 0, 8, 1.75], "texture": "#all"},
				"south": {"uv": [9.75, 11.25, 13.75, 13], "texture": "#all"},
				"west": {"uv": [8, 0, 16, 1.75], "texture": "#all"},
				"down": {"uv": [8, 1.75, 16, 5.75], "rotation": 270, "texture": "#all"}
			}
		},
		{
			"from": [16, 12, -16],
			"to": [0, 19, 16],
			"rotation": {"angle": -45, "axis": "x", "origin": [24, 17, 16]},
			"faces": {
				"north": {"uv": [9.75, 9.5, 13.75, 11.25], "texture": "#all"},
				"east": {"uv": [16, 0, 8, 1.75], "texture": "#all"},
				"south": {"uv": [9.75, 11.25, 13.75, 13], "texture": "#all"},
				"west": {"uv": [8, 0, 16, 1.75], "texture": "#all"},
				"down": {"uv": [8, 1.75, 16, 5.75], "rotation": 270, "texture": "#all"}
			}
		},
		{
			"from": [3, 12, 11],
			"to": [13, 22, 32],
			"rotation": {"angle": 22.5, "axis": "x", "origin": [8, 22, 21]},
			"faces": {
				"east": {"uv": [9.75, 12, 4.5, 14.5], "texture": "#all"},
				"west": {"uv": [4.5, 12, 9.75, 14.5], "texture": "#all"},
				"up": {"uv": [4.5, 9.5, 9.75, 12], "rotation": 90, "texture": "#all"}
			}
		},
		{
			"from": [13, 12, 11],
			"to": [3, 22, 32],
			"rotation": {"angle": 22.5, "axis": "x", "origin": [-2, 22, 21]},
			"faces": {
				"east": {"uv": [9.75, 12, 4.5, 14.5], "texture": "#all"},
				"west": {"uv": [4.5, 12, 9.75, 14.5], "texture": "#all"},
				"up": {"uv": [4.5, 9.5, 9.75, 12], "rotation": 90, "texture": "#all"}
			}
		},
		{
			"from": [6, 17, 7],
			"to": [10, 24, 32],
			"rotation": {"angle": 22.5, "axis": "x", "origin": [8, 14, 21]},
			"faces": {
				"east": {"uv": [14.25, 6.75, 8, 8.5], "texture": "#all"},
				"west": {"uv": [8, 6.75, 14.25, 8.5], "texture": "#all"},
				"up": {"uv": [8, 5.75, 14.25, 6.75], "rotation": 90, "texture": "#all"},
				"down": {"uv": [8, 8.5, 14.25, 9.5], "rotation": 270, "texture": "#all"}
			}
		},
		{
			"from": [1, 5, 27],
			"to": [15, 18, 32],
			"rotation": {"angle": 0, "axis": "x", "origin": [8, 18, 21]},
			"faces": {
				"east": {"uv": [16, 9.25, 14.75, 12.5], "texture": "#all"},
				"west": {"uv": [14.75, 9.25, 16, 12.5], "texture": "#all"},
				"up": {"uv": [14.75, 5.75, 16, 9.25], "rotation": 90, "texture": "#all"}
			}
		},
		{
			"from": [15, 5, 27],
			"to": [1, 18, 32],
			"rotation": {"angle": 0, "axis": "x", "origin": [-6, 18, 21]},
			"faces": {
				"east": {"uv": [16, 9.25, 14.75, 12.5], "texture": "#all"},
				"west": {"uv": [14.75, 9.25, 16, 12.5], "texture": "#all"},
				"up": {"uv": [14.75, 5.75, 16, 9.25], "rotation": 90, "texture": "#all"}
			}
		}
	],
	"display": {
		"gui": {
			"rotation": [0, -90, 0],
			"translation": [0, -3.25, 0],
			"scale": [0.5, 0.5, 0.5]
		},
		"fixed": {
			"rotation": [-90, 0, 0],
			"translation": [0, 0, -15],
			"scale": [2, 2, 2]
		}
	}
}