{
	"credit": "Made by 古銅/斜向(@hsmkai) with Blockbench",
	"parent": "minecraft:item/display",
	"textures": {
		"all": "item/bone/tyrannosaurus-leg"
	},
	"elements": [
		{
			"from": [24, -9, 5],
			"to": [28, 18, 12],
			"rotation": {"angle": -45, "axis": "x", "origin": [25, 18, 5]},
			"faces": {
				"north": {"uv": [5.5, 0, 7.5, 6.75], "texture": "#all"},
				"east": {"uv": [3.5, 1, 0, 7.75], "texture": "#all"},
				"south": {"uv": [5.5, 6.75, 7.5, 13.5], "texture": "#all"},
				"west": {"uv": [0, 8.75, 3.5, 15.5], "texture": "#all"},
				"up": {"uv": [0, 0, 3.5, 1], "rotation": 90, "texture": "#all"},
				"down": {"uv": [0, 7.75, 3.5, 8.75], "rotation": 270, "texture": "#all"}
			}
		},
		{
			"from": [-12, -5, -7],
			"to": [-8, 22, 0],
			"rotation": {"angle": -22.5, "axis": "x", "origin": [-9, 22, -7]},
			"faces": {
				"north": {"uv": [7.5, 0, 5.5, 6.75], "texture": "#all"},
				"east": {"uv": [3.5, 8.75, 0, 15.5], "texture": "#all"},
				"south": {"uv": [7.5, 6.75, 5.5, 13.5], "texture": "#all"},
				"west": {"uv": [0, 1, 3.5, 7.75], "texture": "#all"},
				"up": {"uv": [0, 1, 3.5, 0], "rotation": 90, "texture": "#all"},
				"down": {"uv": [0, 8.75, 3.5, 7.75], "rotation": 270, "texture": "#all"}
			}
		},
		{
			"from": [22, -11, 23],
			"to": [30, 2, 27],
			"rotation": {"angle": 0, "axis": "x", "origin": [25, 21, 11]},
			"faces": {
				"north": {"uv": [12, 9, 16, 12.25], "texture": "#all"},
				"east": {"uv": [5.5, 2, 3.5, 5.25], "texture": "#all"},
				"south": {"uv": [12, 12.25, 16, 15.5], "texture": "#all"},
				"west": {"uv": [3.5, 7.25, 5.5, 10.5], "texture": "#all"},
				"up": {"uv": [3.5, 0, 5.5, 2], "rotation": 90, "texture": "#all"},
				"down": {"uv": [3.5, 5.25, 5.5, 7.25], "rotation": 270, "texture": "#all"}
			}
		},
		{
			"from": [-14, -14, 4],
			"to": [-6, -1, 8],
			"rotation": {"angle": 22.5, "axis": "x", "origin": [-10, -1, 6]},
			"faces": {
				"north": {"uv": [16, 9, 12, 12.25], "texture": "#all"},
				"east": {"uv": [5.5, 7.25, 3.5, 10.5], "texture": "#all"},
				"south": {"uv": [16, 12.25, 12, 15.5], "texture": "#all"},
				"west": {"uv": [3.5, 2, 5.5, 5.25], "texture": "#all"},
				"up": {"uv": [3.5, 2, 5.5, 0], "rotation": 90, "texture": "#all"},
				"down": {"uv": [3.5, 7.25, 5.5, 5.25], "rotation": 270, "texture": "#all"}
			}
		},
		{
			"from": [20, -12, 10],
			"to": [32, -9, 27],
			"rotation": {"angle": -22.5, "axis": "x", "origin": [26, -11, 24]},
			"faces": {
				"north": {"uv": [7.5, 7.5, 13.5, 8.25], "texture": "#all"},
				"east": {"uv": [16, 3, 7.5, 3.75], "texture": "#all"},
				"south": {"uv": [7.5, 8.25, 13.5, 9], "texture": "#all"},
				"west": {"uv": [7.5, 6.75, 16, 7.5], "texture": "#all"},
				"up": {"uv": [7.5, 0, 16, 3], "rotation": 90, "texture": "#all"},
				"down": {"uv": [7.5, 3.75, 16, 6.75], "rotation": 270, "texture": "#all"}
			}
		},
		{
			"from": [-16, -16, -16],
			"to": [-4, -13, 1],
			"rotation": {"angle": 0, "axis": "x", "origin": [-10, -13, -5]},
			"faces": {
				"north": {"uv": [13.5, 7.5, 7.5, 8.25], "texture": "#all"},
				"east": {"uv": [16, 6.75, 7.5, 7.5], "texture": "#all"},
				"south": {"uv": [13.5, 8.25, 7.5, 9], "texture": "#all"},
				"west": {"uv": [7.5, 3, 16, 3.75], "texture": "#all"},
				"up": {"uv": [7.5, 3, 16, 0], "rotation": 90, "texture": "#all"},
				"down": {"uv": [7.5, 6.75, 16, 3.75], "rotation": 270, "texture": "#all"}
			}
		}
	],
	"display": {
		"gui": {
			"rotation": [0, -90, 0],
			"translation": [0, -3.25, 0],
			"scale": [0.5, 0.5, 0.5]
		},
		"fixed": {
			"rotation": [-90, 0, 0],
			"translation": [0, 0, -15],
			"scale": [2, 2, 2]
		}
	}
}