{
	"credit": "Made by 古銅/斜向(@hsmkai) with Blockbench",
	"parent": "minecraft:item/display",
	"textures": {
		"all": "item/bone/tyrannosaurus-front"
	},
	"elements": [
		{
			"from": [6, 12, -16],
			"to": [10, 19, -6],
			"rotation": {"angle": 0, "axis": "y", "origin": [8, 26, -14]},
			"faces": {
				"east": {"uv": [2.5, 0.5, 0, 1.375], "texture": "#all"},
				"west": {"uv": [0, 0.5, 2.5, 1.375], "texture": "#all"},
				"up": {"uv": [0, 0, 2.5, 0.5], "rotation": 90, "texture": "#all"},
				"down": {"uv": [0, 1.375, 2.5, 1.875], "rotation": 270, "texture": "#all"}
			}
		},
		{
			"from": [5, 13, -6],
			"to": [11, 20, 4],
			"rotation": {"angle": 0, "axis": "y", "origin": [8, 27, -4]},
			"faces": {
				"east": {"uv": [5, 0.75, 2.5, 1.625], "texture": "#all"},
				"west": {"uv": [2.5, 0.75, 5, 1.625], "texture": "#all"},
				"up": {"uv": [2.5, 0, 5, 0.75], "rotation": 90, "texture": "#all"},
				"down": {"uv": [2.5, 1.625, 5, 2.375], "rotation": 270, "texture": "#all"}
			}
		},
		{
			"from": [5, 14, 4],
			"to": [11, 21, 32],
			"rotation": {"angle": 0, "axis": "y", "origin": [8, 28, -14]},
			"faces": {
				"east": {"uv": [12, 0.75, 5, 1.625], "texture": "#all"},
				"west": {"uv": [5, 0.75, 12, 1.625], "texture": "#all"},
				"up": {"uv": [5, 0, 12, 0.75], "rotation": 90, "texture": "#all"},
				"down": {"uv": [5, 1.625, 12, 2.375], "rotation": 270, "texture": "#all"}
			}
		},
		{
			"from": [-10, -15, 4],
			"to": [26, 17, 32],
			"rotation": {"angle": 0, "axis": "y", "origin": [8, 15, 13]},
			"faces": {
				"east": {"uv": [7, 12, 0, 16], "texture": "#all"},
				"west": {"uv": [0, 12, 7, 16], "texture": "#all"},
				"up": {"uv": [0, 7.5, 7, 12], "rotation": 90, "texture": "#all"}
			}
		},
		{
			"from": [26, -15, 4],
			"to": [-10, 17, 32],
			"rotation": {"angle": 0, "axis": "y", "origin": [8, 15, 13]},
			"faces": {
				"east": {"uv": [7, 12, 0, 16], "texture": "#all"},
				"west": {"uv": [0, 12, 7, 16], "texture": "#all"},
				"up": {"uv": [0, 7.5, 7, 12], "rotation": 90, "texture": "#all"}
			}
		},
		{
			"from": [-7, -9, -6],
			"to": [23, 16, 4],
			"rotation": {"angle": 0, "axis": "y", "origin": [8, 15, -3]},
			"faces": {
				"east": {"uv": [9.5, 12.875, 7, 16], "texture": "#all"},
				"west": {"uv": [7, 12.875, 9.5, 16], "texture": "#all"},
				"up": {"uv": [7, 9.125, 9.5, 12.875], "rotation": 90, "texture": "#all"}
			}
		},
		{
			"from": [23, -9, -6],
			"to": [-7, 16, 4],
			"rotation": {"angle": 0, "axis": "y", "origin": [8, 15, -3]},
			"faces": {
				"east": {"uv": [9.5, 12.875, 7, 16], "texture": "#all"},
				"west": {"uv": [7, 12.875, 9.5, 16], "texture": "#all"},
				"up": {"uv": [7, 9.125, 9.5, 12.875], "rotation": 90, "texture": "#all"}
			}
		},
		{
			"from": [-4, -2, -16],
			"to": [20, 14, -6],
			"rotation": {"angle": 0, "axis": "y", "origin": [8, 15, -3]},
			"faces": {
				"east": {"uv": [12, 14, 9.5, 16], "texture": "#all"},
				"west": {"uv": [9.5, 14, 12, 16], "texture": "#all"},
				"up": {"uv": [9.5, 11, 12, 14], "rotation": 90, "texture": "#all"}
			}
		},
		{
			"from": [20, -2, -16],
			"to": [-4, 14, -6],
			"rotation": {"angle": 0, "axis": "y", "origin": [20, 15, -3]},
			"faces": {
				"east": {"uv": [12, 14, 9.5, 16], "texture": "#all"},
				"west": {"uv": [9.5, 14, 12, 16], "texture": "#all"},
				"up": {"uv": [9.5, 11, 12, 14], "rotation": 90, "texture": "#all"}
			}
		},
		{
			"from": [25, 6, -11],
			"to": [29, 10, 6],
			"rotation": {"angle": -45, "axis": "x", "origin": [28, 10, 6]},
			"faces": {
				"north": {"uv": [0, 4.375, 1, 4.875], "texture": "#all"},
				"east": {"uv": [4.25, 2.875, 0, 3.375], "texture": "#all"},
				"south": {"uv": [0, 4.875, 1, 5.375], "texture": "#all"},
				"west": {"uv": [0, 3.875, 4.25, 4.375], "texture": "#all"},
				"up": {"uv": [0, 2.375, 4.25, 2.875], "rotation": 90, "texture": "#all"},
				"down": {"uv": [0, 3.375, 4.25, 3.875], "rotation": 270, "texture": "#all"}
			}
		},
		{
			"from": [-13, 6, -11],
			"to": [-9, 10, 6],
			"rotation": {"angle": -45, "axis": "x", "origin": [-12, 10, 6]},
			"faces": {
				"north": {"uv": [1, 4.375, 0, 4.875], "texture": "#all"},
				"east": {"uv": [4.25, 3.875, 0, 4.375], "texture": "#all"},
				"south": {"uv": [1, 4.875, 0, 5.375], "texture": "#all"},
				"west": {"uv": [0, 2.875, 4.25, 3.375], "texture": "#all"},
				"up": {"uv": [0, 2.875, 4.25, 2.375], "rotation": 90, "texture": "#all"},
				"down": {"uv": [0, 3.875, 4.25, 3.375], "rotation": 270, "texture": "#all"}
			}
		},
		{
			"from": [25, -10, -4],
			"to": [29, -8, 2],
			"rotation": {"angle": -22.5, "axis": "x", "origin": [24, -8, 2]},
			"faces": {
				"north": {"uv": [4.25, 3.875, 5.25, 4.125], "texture": "#all"},
				"east": {"uv": [5.75, 2.875, 4.25, 3.125], "texture": "#all"},
				"south": {"uv": [4.25, 4.125, 5.25, 4.375], "texture": "#all"},
				"west": {"uv": [4.25, 3.625, 5.75, 3.875], "texture": "#all"},
				"up": {"uv": [4.25, 2.375, 5.75, 2.875], "rotation": 90, "texture": "#all"},
				"down": {"uv": [4.25, 3.125, 5.75, 3.625], "rotation": 270, "texture": "#all"}
			}
		},
		{
			"from": [-13, -13, -7],
			"to": [-9, -11, -1],
			"rotation": {"angle": -45, "axis": "x", "origin": [-11, -12, -4]},
			"faces": {
				"north": {"uv": [5.25, 3.875, 4.25, 4.125], "texture": "#all"},
				"east": {"uv": [5.75, 3.625, 4.25, 3.875], "texture": "#all"},
				"south": {"uv": [5.25, 4.125, 4.25, 4.375], "texture": "#all"},
				"west": {"uv": [4.25, 2.875, 5.75, 3.125], "texture": "#all"},
				"up": {"uv": [4.25, 2.875, 5.75, 2.375], "rotation": 90, "texture": "#all"},
				"down": {"uv": [4.25, 3.625, 5.75, 3.125], "rotation": 270, "texture": "#all"}
			}
		},
		{
			"from": [26, -12.02082, -6.02082],
			"to": [29, -2.02082, -4.02082],
			"rotation": {"angle": -45, "axis": "x", "origin": [29, -2.02082, -6.02082]},
			"faces": {
				"north": {"uv": [5.75, 4.875, 6.5, 6.125], "texture": "#all"},
				"east": {"uv": [6.25, 2.375, 5.75, 3.625], "texture": "#all"},
				"south": {"uv": [5.75, 6.125, 6.5, 7.375], "texture": "#all"},
				"west": {"uv": [5.75, 3.625, 6.25, 4.875], "texture": "#all"}
			}
		},
		{
			"from": [-13, -12.02082, -6.02082],
			"to": [-10, -2.02082, -4.02082],
			"rotation": {"angle": -22.5, "axis": "x", "origin": [-13, -2.02082, -6.02082]},
			"faces": {
				"north": {"uv": [6.5, 4.875, 5.75, 6.125], "texture": "#all"},
				"east": {"uv": [6.25, 3.625, 5.75, 4.875], "texture": "#all"},
				"south": {"uv": [6.5, 6.125, 5.75, 7.375], "texture": "#all"},
				"west": {"uv": [5.75, 2.375, 6.25, 3.625], "texture": "#all"}
			}
		}
	],
	"display": {
		"gui": {
			"rotation": [0, -90, 0],
			"translation": [0, -3.25, 0],
			"scale": [0.5, 0.5, 0.5]
		},
		"fixed": {
			"rotation": [-90, 0, 0],
			"translation": [0, 0, -15],
			"scale": [2, 2, 2]
		}
	}
}