{
	"credit": "Made by 古銅/斜向(@hsmkai) with Blockbench",
	"parent": "minecraft:item/display",
	"textures": {
		"back": "item/bone/tyrannosaurus-back",
		"front": "item/bone/tyrannosaurus-front",
		"head": "item/bone/tyrannosaurus-head",
		"leg": "item/bone/tyrannosaurus-leg",
		"tail_back": "item/bone/tyrannosaurus-tail-back",
		"tail_front": "item/bone/tyrannosaurus-tail-front"
	},
	"elements": [
		{
			"from": [6, 9, -16],
			"to": [10, 16, 8],
			"rotation": {"angle": 0, "axis": "y", "origin": [8, 23, -14]},
			"faces": {
				"east": {"uv": [3, 4, 0, 11], "texture": "#tail_front"},
				"west": {"uv": [0, 4, 3, 11], "texture": "#tail_front"},
				"up": {"uv": [0, 0, 3, 4], "rotation": 90, "texture": "#tail_front"},
				"down": {"uv": [0, 11, 3, 15], "rotation": 270, "texture": "#tail_front"}
			}
		},
		{
			"from": [6, 8, 8],
			"to": [10, 15, 32],
			"rotation": {"angle": 0, "axis": "y", "origin": [8, 22, 10]},
			"faces": {
				"east": {"uv": [6, 4, 3, 11], "texture": "#tail_front"},
				"west": {"uv": [3, 4, 6, 11], "texture": "#tail_front"},
				"up": {"uv": [3, 0, 6, 4], "rotation": 90, "texture": "#tail_front"},
				"down": {"uv": [3, 11, 6, 15], "rotation": 270, "texture": "#tail_front"}
			}
		},
		{
			"from": [7, 2, -16],
			"to": [9, 9, 8],
			"rotation": {"angle": 0, "axis": "y", "origin": [8, 10, -19]},
			"faces": {
				"east": {"uv": [9, 0, 6, 7], "texture": "#tail_front"},
				"west": {"uv": [6, 0, 9, 7], "texture": "#tail_front"},
				"down": {"uv": [6, 7, 9, 9], "rotation": 270, "texture": "#tail_front"}
			}
		},
		{
			"from": [7, 4, 8],
			"to": [9, 8, 32],
			"rotation": {"angle": 0, "axis": "y", "origin": [8, 8, 5]},
			"faces": {
				"east": {"uv": [12, 0, 9, 4], "texture": "#tail_front"},
				"west": {"uv": [9, 0, 12, 4], "texture": "#tail_front"},
				"down": {"uv": [9, 4, 12, 6], "rotation": 270, "texture": "#tail_front"}
			}
		},
		{
			"from": [6, 10, -16],
			"to": [10, 14, 24],
			"rotation": {"angle": 0, "axis": "y", "origin": [8, 21, -14]},
			"faces": {
				"east": {"uv": [10, 4, 0, 8], "texture": "#tail_back"},
				"south": {"uv": [0, 12, 1, 16], "texture": "#tail_back"},
				"west": {"uv": [0, 4, 10, 8], "texture": "#tail_back"},
				"up": {"uv": [0, 0, 10, 4], "rotation": 90, "texture": "#tail_back"},
				"down": {"uv": [0, 8, 10, 12], "rotation": 270, "texture": "#tail_back"}
			}
		},
		{
			"from": [7, 7, -16],
			"to": [9, 10, 4],
			"rotation": {"angle": 0, "axis": "y", "origin": [8, 8, -19]},
			"faces": {
				"east": {"uv": [15, 0, 10, 3], "texture": "#tail_back"},
				"west": {"uv": [10, 0, 15, 3], "texture": "#tail_back"}
			}
		},
		{
			"from": [24, -9, 5],
			"to": [28, 18, 12],
			"rotation": {"angle": -45, "axis": "x", "origin": [25, 18, 5]},
			"faces": {
				"north": {"uv": [5.5, 0, 7.5, 6.75], "texture": "#leg"},
				"east": {"uv": [3.5, 1, 0, 7.75], "texture": "#leg"},
				"south": {"uv": [5.5, 6.75, 7.5, 13.5], "texture": "#leg"},
				"west": {"uv": [0, 8.75, 3.5, 15.5], "texture": "#leg"},
				"up": {"uv": [0, 0, 3.5, 1], "rotation": 90, "texture": "#leg"},
				"down": {"uv": [0, 7.75, 3.5, 8.75], "rotation": 270, "texture": "#leg"}
			}
		},
		{
			"from": [-12, -5, -7],
			"to": [-8, 22, 0],
			"rotation": {"angle": -22.5, "axis": "x", "origin": [-9, 22, -7]},
			"faces": {
				"north": {"uv": [7.5, 0, 5.5, 6.75], "texture": "#leg"},
				"east": {"uv": [3.5, 8.75, 0, 15.5], "texture": "#leg"},
				"south": {"uv": [7.5, 6.75, 5.5, 13.5], "texture": "#leg"},
				"west": {"uv": [0, 1, 3.5, 7.75], "texture": "#leg"},
				"up": {"uv": [0, 1, 3.5, 0], "rotation": 90, "texture": "#leg"},
				"down": {"uv": [0, 8.75, 3.5, 7.75], "rotation": 270, "texture": "#leg"}
			}
		},
		{
			"from": [22, -11, 23],
			"to": [30, 2, 27],
			"rotation": {"angle": 0, "axis": "x", "origin": [25, 21, 11]},
			"faces": {
				"north": {"uv": [12, 9, 16, 12.25], "texture": "#leg"},
				"east": {"uv": [5.5, 2, 3.5, 5.25], "texture": "#leg"},
				"south": {"uv": [12, 12.25, 16, 15.5], "texture": "#leg"},
				"west": {"uv": [3.5, 7.25, 5.5, 10.5], "texture": "#leg"},
				"up": {"uv": [3.5, 0, 5.5, 2], "rotation": 90, "texture": "#leg"},
				"down": {"uv": [3.5, 5.25, 5.5, 7.25], "rotation": 270, "texture": "#leg"}
			}
		},
		{
			"from": [-14, -14, 4],
			"to": [-6, -1, 8],
			"rotation": {"angle": 22.5, "axis": "x", "origin": [-10, -1, 6]},
			"faces": {
				"north": {"uv": [16, 9, 12, 12.25], "texture": "#leg"},
				"east": {"uv": [5.5, 7.25, 3.5, 10.5], "texture": "#leg"},
				"south": {"uv": [16, 12.25, 12, 15.5], "texture": "#leg"},
				"west": {"uv": [3.5, 2, 5.5, 5.25], "texture": "#leg"},
				"up": {"uv": [3.5, 2, 5.5, 0], "rotation": 90, "texture": "#leg"},
				"down": {"uv": [3.5, 7.25, 5.5, 5.25], "rotation": 270, "texture": "#leg"}
			}
		},
		{
			"from": [20, -12, 10],
			"to": [32, -9, 27],
			"rotation": {"angle": -22.5, "axis": "x", "origin": [26, -11, 24]},
			"faces": {
				"north": {"uv": [7.5, 7.5, 13.5, 8.25], "texture": "#leg"},
				"east": {"uv": [16, 3, 7.5, 3.75], "texture": "#leg"},
				"south": {"uv": [7.5, 8.25, 13.5, 9], "texture": "#leg"},
				"west": {"uv": [7.5, 6.75, 16, 7.5], "texture": "#leg"},
				"up": {"uv": [7.5, 0, 16, 3], "rotation": 90, "texture": "#leg"},
				"down": {"uv": [7.5, 3.75, 16, 6.75], "rotation": 270, "texture": "#leg"}
			}
		},
		{
			"from": [-16, -16, -16],
			"to": [-4, -13, 1],
			"rotation": {"angle": 0, "axis": "x", "origin": [-10, -13, -5]},
			"faces": {
				"north": {"uv": [13.5, 7.5, 7.5, 8.25], "texture": "#leg"},
				"east": {"uv": [16, 6.75, 7.5, 7.5], "texture": "#leg"},
				"south": {"uv": [13.5, 8.25, 7.5, 9], "texture": "#leg"},
				"west": {"uv": [7.5, 3, 16, 3.75], "texture": "#leg"},
				"up": {"uv": [7.5, 3, 16, 0], "rotation": 90, "texture": "#leg"},
				"down": {"uv": [7.5, 6.75, 16, 3.75], "rotation": 270, "texture": "#leg"}
			}
		},
		{
			"from": [-1, 16, -16],
			"to": [17, 29, 16],
			"rotation": {"angle": -22.5, "axis": "x", "origin": [8, 17, 16]},
			"faces": {
				"north": {"uv": [0, 7.75, 4.5, 11], "texture": "#head"},
				"east": {"uv": [8, 4.5, 0, 7.75], "texture": "#head"},
				"south": {"uv": [0, 11, 4.5, 14.25], "texture": "#head"},
				"west": {"uv": [0, 4.5, 8, 7.75], "texture": "#head"},
				"up": {"uv": [0, 0, 8, 4.5], "rotation": 90, "texture": "#head"}
			}
		},
		{
			"from": [17, 16, -16],
			"to": [-1, 29, 16],
			"rotation": {"angle": -22.5, "axis": "x", "origin": [8, 17, 16]},
			"faces": {
				"north": {"uv": [0, 7.75, 4.5, 11], "texture": "#head"},
				"east": {"uv": [8, 4.5, 0, 7.75], "texture": "#head"},
				"south": {"uv": [0, 11, 4.5, 14.25], "texture": "#head"},
				"west": {"uv": [0, 4.5, 8, 7.75], "texture": "#head"},
				"up": {"uv": [0, 0, 8, 4.5], "rotation": 90, "texture": "#head"}
			}
		},
		{
			"from": [0, 12, -16],
			"to": [16, 19, 16],
			"rotation": {"angle": -45, "axis": "x", "origin": [8, 17, 16]},
			"faces": {
				"north": {"uv": [9.75, 9.5, 13.75, 11.25], "texture": "#head"},
				"east": {"uv": [16, 0, 8, 1.75], "texture": "#head"},
				"south": {"uv": [9.75, 11.25, 13.75, 13], "texture": "#head"},
				"west": {"uv": [8, 0, 16, 1.75], "texture": "#head"},
				"down": {"uv": [8, 1.75, 16, 5.75], "rotation": 270, "texture": "#head"}
			}
		},
		{
			"from": [16, 12, -16],
			"to": [0, 19, 16],
			"rotation": {"angle": -45, "axis": "x", "origin": [24, 17, 16]},
			"faces": {
				"north": {"uv": [9.75, 9.5, 13.75, 11.25], "texture": "#head"},
				"east": {"uv": [16, 0, 8, 1.75], "texture": "#head"},
				"south": {"uv": [9.75, 11.25, 13.75, 13], "texture": "#head"},
				"west": {"uv": [8, 0, 16, 1.75], "texture": "#head"},
				"down": {"uv": [8, 1.75, 16, 5.75], "rotation": 270, "texture": "#head"}
			}
		},
		{
			"from": [3, 12, 11],
			"to": [13, 22, 32],
			"rotation": {"angle": 22.5, "axis": "x", "origin": [8, 22, 21]},
			"faces": {
				"east": {"uv": [9.75, 12, 4.5, 14.5], "texture": "#head"},
				"west": {"uv": [4.5, 12, 9.75, 14.5], "texture": "#head"},
				"up": {"uv": [4.5, 9.5, 9.75, 12], "rotation": 90, "texture": "#head"}
			}
		},
		{
			"from": [13, 12, 11],
			"to": [3, 22, 32],
			"rotation": {"angle": 22.5, "axis": "x", "origin": [-2, 22, 21]},
			"faces": {
				"east": {"uv": [9.75, 12, 4.5, 14.5], "texture": "#head"},
				"west": {"uv": [4.5, 12, 9.75, 14.5], "texture": "#head"},
				"up": {"uv": [4.5, 9.5, 9.75, 12], "rotation": 90, "texture": "#head"}
			}
		},
		{
			"from": [6, 17, 7],
			"to": [10, 24, 32],
			"rotation": {"angle": 22.5, "axis": "x", "origin": [8, 14, 21]},
			"faces": {
				"east": {"uv": [14.25, 6.75, 8, 8.5], "texture": "#head"},
				"west": {"uv": [8, 6.75, 14.25, 8.5], "texture": "#head"},
				"up": {"uv": [8, 5.75, 14.25, 6.75], "rotation": 90, "texture": "#head"},
				"down": {"uv": [8, 8.5, 14.25, 9.5], "rotation": 270, "texture": "#head"}
			}
		},
		{
			"from": [1, 5, 27],
			"to": [15, 18, 32],
			"rotation": {"angle": 0, "axis": "x", "origin": [8, 18, 21]},
			"faces": {
				"east": {"uv": [16, 9.25, 14.75, 12.5], "texture": "#head"},
				"west": {"uv": [14.75, 9.25, 16, 12.5], "texture": "#head"},
				"up": {"uv": [14.75, 5.75, 16, 9.25], "rotation": 90, "texture": "#head"}
			}
		},
		{
			"from": [15, 5, 27],
			"to": [1, 18, 32],
			"rotation": {"angle": 0, "axis": "x", "origin": [-6, 18, 21]},
			"faces": {
				"east": {"uv": [16, 9.25, 14.75, 12.5], "texture": "#head"},
				"west": {"uv": [14.75, 9.25, 16, 12.5], "texture": "#head"},
				"up": {"uv": [14.75, 5.75, 16, 9.25], "rotation": 90, "texture": "#head"}
			}
		},
		{
			"from": [6, 12, -16],
			"to": [10, 19, -6],
			"rotation": {"angle": 0, "axis": "y", "origin": [8, 26, -14]},
			"faces": {
				"east": {"uv": [2.5, 0.5, 0, 1.375], "texture": "#front"},
				"west": {"uv": [0, 0.5, 2.5, 1.375], "texture": "#front"},
				"up": {"uv": [0, 0, 2.5, 0.5], "rotation": 90, "texture": "#front"},
				"down": {"uv": [0, 1.375, 2.5, 1.875], "rotation": 270, "texture": "#front"}
			}
		},
		{
			"from": [5, 13, -6],
			"to": [11, 20, 4],
			"rotation": {"angle": 0, "axis": "y", "origin": [8, 27, -4]},
			"faces": {
				"east": {"uv": [5, 0.75, 2.5, 1.625], "texture": "#front"},
				"west": {"uv": [2.5, 0.75, 5, 1.625], "texture": "#front"},
				"up": {"uv": [2.5, 0, 5, 0.75], "rotation": 90, "texture": "#front"},
				"down": {"uv": [2.5, 1.625, 5, 2.375], "rotation": 270, "texture": "#front"}
			}
		},
		{
			"from": [5, 14, 4],
			"to": [11, 21, 32],
			"rotation": {"angle": 0, "axis": "y", "origin": [8, 28, -14]},
			"faces": {
				"east": {"uv": [12, 0.75, 5, 1.625], "texture": "#front"},
				"west": {"uv": [5, 0.75, 12, 1.625], "texture": "#front"},
				"up": {"uv": [5, 0, 12, 0.75], "rotation": 90, "texture": "#front"},
				"down": {"uv": [5, 1.625, 12, 2.375], "rotation": 270, "texture": "#front"}
			}
		},
		{
			"from": [-10, -15, 4],
			"to": [26, 17, 32],
			"rotation": {"angle": 0, "axis": "y", "origin": [8, 15, 13]},
			"faces": {
				"east": {"uv": [7, 12, 0, 16], "texture": "#front"},
				"west": {"uv": [0, 12, 7, 16], "texture": "#front"},
				"up": {"uv": [0, 7.5, 7, 12], "rotation": 90, "texture": "#front"}
			}
		},
		{
			"from": [26, -15, 4],
			"to": [-10, 17, 32],
			"rotation": {"angle": 0, "axis": "y", "origin": [8, 15, 13]},
			"faces": {
				"east": {"uv": [7, 12, 0, 16], "texture": "#front"},
				"west": {"uv": [0, 12, 7, 16], "texture": "#front"},
				"up": {"uv": [0, 7.5, 7, 12], "rotation": 90, "texture": "#front"}
			}
		},
		{
			"from": [-7, -9, -6],
			"to": [23, 16, 4],
			"rotation": {"angle": 0, "axis": "y", "origin": [8, 15, -3]},
			"faces": {
				"east": {"uv": [9.5, 12.875, 7, 16], "texture": "#front"},
				"west": {"uv": [7, 12.875, 9.5, 16], "texture": "#front"},
				"up": {"uv": [7, 9.125, 9.5, 12.875], "rotation": 90, "texture": "#front"}
			}
		},
		{
			"from": [23, -9, -6],
			"to": [-7, 16, 4],
			"rotation": {"angle": 0, "axis": "y", "origin": [8, 15, -3]},
			"faces": {
				"east": {"uv": [9.5, 12.875, 7, 16], "texture": "#front"},
				"west": {"uv": [7, 12.875, 9.5, 16], "texture": "#front"},
				"up": {"uv": [7, 9.125, 9.5, 12.875], "rotation": 90, "texture": "#front"}
			}
		},
		{
			"from": [-4, -2, -16],
			"to": [20, 14, -6],
			"rotation": {"angle": 0, "axis": "y", "origin": [8, 15, -3]},
			"faces": {
				"east": {"uv": [12, 14, 9.5, 16], "texture": "#front"},
				"west": {"uv": [9.5, 14, 12, 16], "texture": "#front"},
				"up": {"uv": [9.5, 11, 12, 14], "rotation": 90, "texture": "#front"}
			}
		},
		{
			"from": [20, -2, -16],
			"to": [-4, 14, -6],
			"rotation": {"angle": 0, "axis": "y", "origin": [20, 15, -3]},
			"faces": {
				"east": {"uv": [12, 14, 9.5, 16], "texture": "#front"},
				"west": {"uv": [9.5, 14, 12, 16], "texture": "#front"},
				"up": {"uv": [9.5, 11, 12, 14], "rotation": 90, "texture": "#front"}
			}
		},
		{
			"from": [25, 6, -11],
			"to": [29, 10, 6],
			"rotation": {"angle": -45, "axis": "x", "origin": [28, 10, 6]},
			"faces": {
				"north": {"uv": [0, 4.375, 1, 4.875], "texture": "#front"},
				"east": {"uv": [4.25, 2.875, 0, 3.375], "texture": "#front"},
				"south": {"uv": [0, 4.875, 1, 5.375], "texture": "#front"},
				"west": {"uv": [0, 3.875, 4.25, 4.375], "texture": "#front"},
				"up": {"uv": [0, 2.375, 4.25, 2.875], "rotation": 90, "texture": "#front"},
				"down": {"uv": [0, 3.375, 4.25, 3.875], "rotation": 270, "texture": "#front"}
			}
		},
		{
			"from": [-13, 6, -11],
			"to": [-9, 10, 6],
			"rotation": {"angle": -45, "axis": "x", "origin": [-12, 10, 6]},
			"faces": {
				"north": {"uv": [1, 4.375, 0, 4.875], "texture": "#front"},
				"east": {"uv": [4.25, 3.875, 0, 4.375], "texture": "#front"},
				"south": {"uv": [1, 4.875, 0, 5.375], "texture": "#front"},
				"west": {"uv": [0, 2.875, 4.25, 3.375], "texture": "#front"},
				"up": {"uv": [0, 2.875, 4.25, 2.375], "rotation": 90, "texture": "#front"},
				"down": {"uv": [0, 3.875, 4.25, 3.375], "rotation": 270, "texture": "#front"}
			}
		},
		{
			"from": [25, -10, -4],
			"to": [29, -8, 2],
			"rotation": {"angle": -22.5, "axis": "x", "origin": [24, -8, 2]},
			"faces": {
				"north": {"uv": [4.25, 3.875, 5.25, 4.125], "texture": "#front"},
				"east": {"uv": [5.75, 2.875, 4.25, 3.125], "texture": "#front"},
				"south": {"uv": [4.25, 4.125, 5.25, 4.375], "texture": "#front"},
				"west": {"uv": [4.25, 3.625, 5.75, 3.875], "texture": "#front"},
				"up": {"uv": [4.25, 2.375, 5.75, 2.875], "rotation": 90, "texture": "#front"},
				"down": {"uv": [4.25, 3.125, 5.75, 3.625], "rotation": 270, "texture": "#front"}
			}
		},
		{
			"from": [-13, -13, -7],
			"to": [-9, -11, -1],
			"rotation": {"angle": -45, "axis": "x", "origin": [-11, -12, -4]},
			"faces": {
				"north": {"uv": [5.25, 3.875, 4.25, 4.125], "texture": "#front"},
				"east": {"uv": [5.75, 3.625, 4.25, 3.875], "texture": "#front"},
				"south": {"uv": [5.25, 4.125, 4.25, 4.375], "texture": "#front"},
				"west": {"uv": [4.25, 2.875, 5.75, 3.125], "texture": "#front"},
				"up": {"uv": [4.25, 2.875, 5.75, 2.375], "rotation": 90, "texture": "#front"},
				"down": {"uv": [4.25, 3.625, 5.75, 3.125], "rotation": 270, "texture": "#front"}
			}
		},
		{
			"from": [26, -12.02082, -6.02082],
			"to": [29, -2.02082, -4.02082],
			"rotation": {"angle": -45, "axis": "x", "origin": [29, -2.02082, -6.02082]},
			"faces": {
				"north": {"uv": [5.75, 4.875, 6.5, 6.125], "texture": "#front"},
				"east": {"uv": [6.25, 2.375, 5.75, 3.625], "texture": "#front"},
				"south": {"uv": [5.75, 6.125, 6.5, 7.375], "texture": "#front"},
				"west": {"uv": [5.75, 3.625, 6.25, 4.875], "texture": "#front"}
			}
		},
		{
			"from": [-13, -12.02082, -6.02082],
			"to": [-10, -2.02082, -4.02082],
			"rotation": {"angle": -22.5, "axis": "x", "origin": [-13, -2.02082, -6.02082]},
			"faces": {
				"north": {"uv": [6.5, 4.875, 5.75, 6.125], "texture": "#front"},
				"east": {"uv": [6.25, 3.625, 5.75, 4.875], "texture": "#front"},
				"south": {"uv": [6.5, 6.125, 5.75, 7.375], "texture": "#front"},
				"west": {"uv": [5.75, 2.375, 6.25, 3.625], "texture": "#front"}
			}
		},
		{
			"from": [5, 13, -16],
			"to": [11, 20, 4],
			"rotation": {"angle": 0, "axis": "y", "origin": [8, 27, -14]},
			"faces": {
				"east": {"uv": [2.5, 1.5, 0, 3.25], "texture": "#back"},
				"west": {"uv": [0, 1.5, 2.5, 3.25], "texture": "#back"},
				"up": {"uv": [0, 0, 2.5, 1.5], "rotation": 90, "texture": "#back"},
				"down": {"uv": [0, 3.25, 2.5, 4.75], "rotation": 270, "texture": "#back"}
			}
		},
		{
			"from": [5, 12, 4],
			"to": [11, 19, 24],
			"rotation": {"angle": 0, "axis": "y", "origin": [8, 26, 6]},
			"faces": {
				"east": {"uv": [5, 1.5, 2.5, 3.25], "texture": "#back"},
				"west": {"uv": [2.5, 1.5, 5, 3.25], "texture": "#back"},
				"up": {"uv": [2.5, 0, 5, 1.5], "rotation": 90, "texture": "#back"},
				"down": {"uv": [2.5, 3.25, 5, 4.75], "rotation": 270, "texture": "#back"}
			}
		},
		{
			"from": [5, 10, 24],
			"to": [11, 17, 32],
			"rotation": {"angle": 0, "axis": "y", "origin": [8, 24, 14]},
			"faces": {
				"east": {"uv": [6, 1.5, 5, 3.25], "texture": "#back"},
				"west": {"uv": [5, 1.5, 6, 3.25], "texture": "#back"},
				"up": {"uv": [5, 0, 6, 1.5], "rotation": 90, "texture": "#back"},
				"down": {"uv": [5, 3.25, 6, 4.75], "rotation": 270, "texture": "#back"}
			}
		},
		{
			"from": [-7, -12, -16],
			"to": [23, 16, 4],
			"rotation": {"angle": 0, "axis": "y", "origin": [8, 14, -7]},
			"faces": {
				"east": {"uv": [8.5, 7.5, 6, 14.5], "texture": "#back"},
				"west": {"uv": [6, 7.5, 8.5, 14.5], "texture": "#back"},
				"up": {"uv": [6, 0, 8.5, 7.5], "rotation": 90, "texture": "#back"}
			}
		},
		{
			"from": [23, -12, -16],
			"to": [-7, 16, 4],
			"rotation": {"angle": 0, "axis": "y", "origin": [8, 14, -7]},
			"faces": {
				"east": {"uv": [8.5, 7.5, 6, 14.5], "texture": "#back"},
				"west": {"uv": [6, 7.5, 8.5, 14.5], "texture": "#back"},
				"up": {"uv": [6, 0, 8.5, 7.5], "rotation": 90, "texture": "#back"}
			}
		},
		{
			"from": [-3, -7, 4],
			"to": [19, 15, 24],
			"rotation": {"angle": 0, "axis": "y", "origin": [8, 13, 13]},
			"faces": {
				"east": {"uv": [11, 5.5, 8.5, 11], "texture": "#back"},
				"west": {"uv": [8.5, 5.5, 11, 11], "texture": "#back"},
				"up": {"uv": [8.5, 0, 11, 5.5], "rotation": 90, "texture": "#back"}
			}
		},
		{
			"from": [19, -7, 4],
			"to": [-3, 15, 24],
			"rotation": {"angle": 0, "axis": "y", "origin": [8, 13, 13]},
			"faces": {
				"east": {"uv": [11, 5.5, 8.5, 11], "texture": "#back"},
				"west": {"uv": [8.5, 5.5, 11, 11], "texture": "#back"},
				"up": {"uv": [8.5, 0, 11, 5.5], "rotation": 90, "texture": "#back"}
			}
		},
		{
			"from": [-1, -3, 24],
			"to": [17, 14, 32],
			"rotation": {"angle": 0, "axis": "y", "origin": [8, 13, 21]},
			"faces": {
				"east": {"uv": [12, 4.5, 11, 8.75], "texture": "#back"},
				"west": {"uv": [11, 4.5, 12, 8.75], "texture": "#back"},
				"up": {"uv": [11, 0, 12, 4.5], "rotation": 90, "texture": "#back"}
			}
		},
		{
			"from": [17, -3, 24],
			"to": [-1, 14, 32],
			"rotation": {"angle": 0, "axis": "y", "origin": [8, 13, 21]},
			"faces": {
				"east": {"uv": [12, 4.5, 11, 8.75], "texture": "#back"},
				"west": {"uv": [11, 4.5, 12, 8.75], "texture": "#back"},
				"up": {"uv": [11, 0, 12, 4.5], "rotation": 90, "texture": "#back"}
			}
		},
		{
			"from": [22, 1, -11],
			"to": [25, 12, 9],
			"rotation": {"angle": 22.5, "axis": "x", "origin": [27, 6, -4]},
			"faces": {
				"north": {"uv": [12, 7, 12.375, 9.75], "texture": "#back"},
				"east": {"uv": [14.5, 0.75, 12, 3.5], "texture": "#back"},
				"south": {"uv": [12, 9.75, 12.375, 12.5], "texture": "#back"},
				"west": {"uv": [12, 4.25, 14.5, 7], "texture": "#back"},
				"up": {"uv": [12, 0, 14.5, 0.75], "rotation": 90, "texture": "#back"},
				"down": {"uv": [12, 3.5, 14.5, 4.25], "rotation": 270, "texture": "#back"}
			}
		},
		{
			"from": [-9, 1, -11],
			"to": [-6, 12, 9],
			"rotation": {"angle": 45, "axis": "x", "origin": [-11, 6, -4]},
			"faces": {
				"north": {"uv": [12.375, 7, 12, 9.75], "texture": "#back"},
				"east": {"uv": [14.5, 4.25, 12, 7], "texture": "#back"},
				"south": {"uv": [12.375, 9.75, 12, 12.5], "texture": "#back"},
				"west": {"uv": [12, 0.75, 14.5, 3.5], "texture": "#back"},
				"up": {"uv": [12, 0.75, 14.5, 0], "rotation": 90, "texture": "#back"},
				"down": {"uv": [12, 4.25, 14.5, 3.5], "rotation": 270, "texture": "#back"}
			}
		},
		{
			"from": [23, -16, -8],
			"to": [27, 10, 0],
			"rotation": {"angle": 22.5, "axis": "x", "origin": [27, 6, -4]},
			"faces": {
				"north": {"uv": [15.5, 0, 16, 6.5], "texture": "#back"},
				"east": {"uv": [15.5, 1, 14.5, 7.5], "texture": "#back"},
				"south": {"uv": [15.5, 6.5, 16, 13], "texture": "#back"},
				"west": {"uv": [14.5, 8.5, 15.5, 15], "texture": "#back"},
				"up": {"uv": [14.5, 0, 15.5, 1], "rotation": 90, "texture": "#back"},
				"down": {"uv": [14.5, 7.5, 15.5, 8.5], "rotation": 270, "texture": "#back"}
			}
		},
		{
			"from": [-11, -16, -8],
			"to": [-7, 10, 0],
			"rotation": {"angle": 45, "axis": "x", "origin": [-11, 6, -4]},
			"faces": {
				"north": {"uv": [16, 0, 15.5, 6.5], "texture": "#back"},
				"east": {"uv": [15.5, 8.5, 14.5, 15], "texture": "#back"},
				"south": {"uv": [16, 6.5, 15.5, 13], "texture": "#back"},
				"west": {"uv": [14.5, 1, 15.5, 7.5], "texture": "#back"},
				"up": {"uv": [14.5, 1, 15.5, 0], "rotation": 90, "texture": "#back"},
				"down": {"uv": [14.5, 8.5, 15.5, 7.5], "rotation": 270, "texture": "#back"}
			}
		}
	],
	"display": {
		"gui": {
			"rotation": [0, -90, 0],
			"translation": [0, -3.25, 0],
			"scale": [0.5, 0.5, 0.5]
		},
		"fixed": {
			"rotation": [-90, 0, 0],
			"translation": [0, 0, -15],
			"scale": [2, 2, 2]
		}
	}
}