{
	"credit": "Made by 古銅/斜向(@hsmkai) with Blockbench",
	"parent": "minecraft:item/display",
	"textures": {
		"all": "item/bone/tyrannosaurus-tail-front"
	},
	"elements": [
		{
			"from": [6, 9, -16],
			"to": [10, 16, 8],
			"rotation": {"angle": 0, "axis": "y", "origin": [8, 23, -14]},
			"faces": {
				"east": {"uv": [3, 4, 0, 11], "texture": "#all"},
				"west": {"uv": [0, 4, 3, 11], "texture": "#all"},
				"up": {"uv": [0, 0, 3, 4], "rotation": 90, "texture": "#all"},
				"down": {"uv": [0, 11, 3, 15], "rotation": 270, "texture": "#all"}
			}
		},
		{
			"from": [6, 8, 8],
			"to": [10, 15, 32],
			"rotation": {"angle": 0, "axis": "y", "origin": [8, 22, 10]},
			"faces": {
				"east": {"uv": [6, 4, 3, 11], "texture": "#all"},
				"west": {"uv": [3, 4, 6, 11], "texture": "#all"},
				"up": {"uv": [3, 0, 6, 4], "rotation": 90, "texture": "#all"},
				"down": {"uv": [3, 11, 6, 15], "rotation": 270, "texture": "#all"}
			}
		},
		{
			"from": [7, 2, -16],
			"to": [9, 9, 8],
			"rotation": {"angle": 0, "axis": "y", "origin": [8, 10, -19]},
			"faces": {
				"east": {"uv": [9, 0, 6, 7], "texture": "#all"},
				"west": {"uv": [6, 0, 9, 7], "texture": "#all"},
				"down": {"uv": [6, 7, 9, 9], "rotation": 270, "texture": "#all"}
			}
		},
		{
			"from": [7, 4, 8],
			"to": [9, 8, 32],
			"rotation": {"angle": 0, "axis": "y", "origin": [8, 8, 5]},
			"faces": {
				"east": {"uv": [12, 0, 9, 4], "texture": "#all"},
				"west": {"uv": [9, 0, 12, 4], "texture": "#all"},
				"down": {"uv": [9, 4, 12, 6], "rotation": 270, "texture": "#all"}
			}
		}
	],
	"display": {
		"gui": {
			"rotation": [0, -90, 0],
			"translation": [0, -3.25, 0],
			"scale": [0.5, 0.5, 0.5]
		},
		"fixed": {
			"rotation": [-90, 0, 0],
			"translation": [0, 0, -15],
			"scale": [2, 2, 2]
		}
	}
}