{
	"credit": "Made by 古銅/斜向(@hsmkai) with Blockbench",
	"parent": "minecraft:item/display",
	"textures": {
		"2": "item/bone/velociraptor",
		"particle": "item/bone/velociraptor"
	},
	"elements": [
		{
			"from": [6, 14, -10],
			"to": [10, 16, -2],
			"rotation": {"angle": -22.5, "axis": "x", "origin": [8, 14, -2]},
			"faces": {
				"north": {"uv": [12.5, 0, 13.5, 2], "rotation": 90, "texture": "#2"},
				"east": {"uv": [12.5, 2, 8.5, 3], "texture": "#2"},
				"west": {"uv": [8.5, 2, 12.5, 3], "texture": "#2"},
				"down": {"uv": [12.5, 0, 8.5, 2], "rotation": 270, "texture": "#2"}
			}
		},
		{
			"from": [10, 14, -10],
			"to": [6, 16, -2],
			"rotation": {"angle": -22.5, "axis": "x", "origin": [12, 14, -2]},
			"faces": {
				"north": {"uv": [12.5, 0, 13.5, 2], "rotation": 90, "texture": "#2"},
				"east": {"uv": [12.5, 2, 8.5, 3], "texture": "#2"},
				"west": {"uv": [8.5, 2, 12.5, 3], "texture": "#2"},
				"down": {"uv": [12.5, 0, 8.5, 2], "rotation": 270, "texture": "#2"}
			}
		},
		{
			"from": [5, 14, -11],
			"to": [11, 18, -2],
			"rotation": {"angle": 0, "axis": "y", "origin": [16, 23, 6]},
			"faces": {
				"north": {"uv": [4.5, 0, 6.5, 3], "rotation": 90, "texture": "#2"},
				"east": {"uv": [4.5, 3, 0, 5], "texture": "#2"},
				"south": {"uv": [6.5, 0, 8.5, 3], "rotation": 90, "texture": "#2"},
				"west": {"uv": [0, 3, 4.5, 5], "texture": "#2"},
				"up": {"uv": [0, 0, 4.5, 3], "rotation": 90, "texture": "#2"}
			}
		},
		{
			"from": [11, 14, -11],
			"to": [5, 18, -2],
			"rotation": {"angle": 0, "axis": "y", "origin": [22, 23, 6]},
			"faces": {
				"north": {"uv": [4.5, 0, 6.5, 3], "rotation": 90, "texture": "#2"},
				"east": {"uv": [4.5, 3, 0, 5], "texture": "#2"},
				"south": {"uv": [6.5, 0, 8.5, 3], "rotation": 90, "texture": "#2"},
				"west": {"uv": [0, 3, 4.5, 5], "texture": "#2"},
				"up": {"uv": [0, 0, 4.5, 3], "rotation": 90, "texture": "#2"}
			}
		},
		{
			"from": [7, 14, -3],
			"to": [9, 16, 3],
			"rotation": {"angle": 45, "axis": "x", "origin": [8, 16, -3]},
			"faces": {
				"east": {"uv": [3, 8, 0, 9], "texture": "#2"},
				"west": {"uv": [0, 8, 3, 9], "texture": "#2"},
				"up": {"uv": [0, 7, 3, 8], "rotation": 90, "texture": "#2"}
			}
		},
		{
			"from": [9, 14, -3],
			"to": [7, 16, 3],
			"rotation": {"angle": 45, "axis": "x", "origin": [10, 16, -3]},
			"faces": {
				"east": {"uv": [3, 8, 0, 9], "texture": "#2"},
				"west": {"uv": [0, 8, 3, 9], "texture": "#2"},
				"up": {"uv": [0, 7, 3, 8], "rotation": 90, "texture": "#2"}
			}
		},
		{
			"from": [5, 6, -1],
			"to": [11, 12, 11],
			"rotation": {"angle": 0, "axis": "y", "origin": [16, 14, 24]},
			"faces": {
				"east": {"uv": [6, 13, 0, 16], "texture": "#2"},
				"west": {"uv": [0, 13, 6, 16], "texture": "#2"},
				"up": {"uv": [0, 9, 6, 13], "rotation": 90, "texture": "#2"}
			}
		},
		{
			"from": [11, 6, -1],
			"to": [5, 12, 11],
			"rotation": {"angle": 0, "axis": "y", "origin": [24, 14, 24]},
			"faces": {
				"east": {"uv": [6, 13, 0, 16], "texture": "#2"},
				"west": {"uv": [0, 13, 6, 16], "texture": "#2"},
				"up": {"uv": [0, 9, 6, 13], "rotation": 90, "texture": "#2"}
			}
		},
		{
			"from": [7, 11, 10],
			"to": [9, 12, 29],
			"rotation": {"angle": -22.5, "axis": "x", "origin": [8, 12, 11]},
			"faces": {
				"east": {"uv": [16, 15.5, 6.5, 16], "texture": "#2"},
				"west": {"uv": [6.5, 15.5, 16, 16], "texture": "#2"},
				"up": {"uv": [6.5, 14.5, 16, 15.5], "rotation": 90, "texture": "#2"}
			}
		},
		{
			"from": [9, 11, 10],
			"to": [7, 12, 29],
			"rotation": {"angle": -22.5, "axis": "x", "origin": [10, 12, 11]},
			"faces": {
				"east": {"uv": [16, 15.5, 6.5, 16], "texture": "#2"},
				"west": {"uv": [6.5, 15.5, 16, 16], "texture": "#2"},
				"up": {"uv": [6.5, 14.5, 16, 15.5], "rotation": 90, "texture": "#2"}
			}
		},
		{
			"from": [4.5, 4, -6],
			"to": [4.5, 12, 1],
			"rotation": {"angle": -45, "axis": "x", "origin": [4.5, 12, 1]},
			"faces": {
				"east": {"uv": [16, 3, 12.5, 7], "texture": "#2"},
				"west": {"uv": [12.5, 3, 16, 7], "texture": "#2"}
			}
		},
		{
			"from": [11.25, 4, -3],
			"to": [11.25, 12, 4],
			"rotation": {"angle": -22.5, "axis": "x", "origin": [11.25, 12, 4]},
			"faces": {
				"east": {"uv": [16, 3, 12.5, 7], "texture": "#2"},
				"west": {"uv": [12.5, 3, 16, 7], "texture": "#2"}
			}
		},
		{
			"from": [4, 5, 6],
			"to": [5, 11, 8],
			"rotation": {"angle": 22.5, "axis": "x", "origin": [5, 11, 8]},
			"faces": {
				"north": {"uv": [11.5, 3, 12, 6], "texture": "#2"},
				"east": {"uv": [11.5, 3, 12.5, 6], "texture": "#2"},
				"south": {"uv": [11.5, 3, 12, 6], "texture": "#2"},
				"west": {"uv": [11.5, 3, 12.5, 6], "texture": "#2"},
				"up": {"uv": [11.5, 3, 12.5, 3.5], "rotation": 90, "texture": "#2"},
				"down": {"uv": [11.5, 3, 12.5, 3.5], "rotation": 90, "texture": "#2"}
			}
		},
		{
			"from": [11, 5, 6],
			"to": [12, 11, 8],
			"rotation": {"angle": -22.5, "axis": "x", "origin": [12, 11, 8]},
			"faces": {
				"north": {"uv": [11.5, 3, 12, 6], "texture": "#2"},
				"east": {"uv": [11.5, 3, 12.5, 6], "texture": "#2"},
				"south": {"uv": [11.5, 3, 12, 6], "texture": "#2"},
				"west": {"uv": [11.5, 3, 12.5, 6], "texture": "#2"},
				"up": {"uv": [11.5, 3, 12.5, 3.5], "rotation": 90, "texture": "#2"},
				"down": {"uv": [11.5, 3, 12.5, 3.5], "rotation": 90, "texture": "#2"}
			}
		},
		{
			"from": [4.25, 0, 2],
			"to": [4.25, 6, 6],
			"rotation": {"angle": 0, "axis": "x", "origin": [4, 6, 4]},
			"faces": {
				"east": {"uv": [11.5, 3, 9.5, 6], "texture": "#2"},
				"west": {"uv": [9.5, 3, 11.5, 6], "texture": "#2"}
			}
		},
		{
			"from": [11.75, 0, 7],
			"to": [11.75, 6, 11],
			"rotation": {"angle": -45, "axis": "x", "origin": [11.5, 6, 9]},
			"faces": {
				"east": {"uv": [11.5, 3, 9.5, 6], "texture": "#2"},
				"west": {"uv": [9.5, 3, 11.5, 6], "texture": "#2"}
			}
		}
	],
	"display": {
		"gui": {
			"rotation": [0, -90, 0],
			"translation": [0, -3.25, 0],
			"scale": [0.5, 0.5, 0.5]
		},
		"fixed": {
			"rotation": [-90, 0, 0],
			"translation": [0, 0, -15],
			"scale": [2, 2, 2]
		}
	}
}